split,population_size,mutation_rate,evaluation_budget,calibration_observations,calibration_successes,calibration_success_rate,target_deviation
0,8,0.025,64,16,1,0.0625,0.4375
0,8,0.025,128,16,10,0.625,0.125
0,8,0.025,256,16,15,0.9375,0.4375
0,8,0.025,512,16,16,1,0.5
0,8,0.05,64,16,3,0.1875,0.3125
0,8,0.05,128,16,12,0.75,0.25
0,8,0.05,256,16,16,1,0.5
0,8,0.05,512,16,16,1,0.5
0,8,0.1,64,16,0,0,0.5
0,8,0.1,128,16,5,0.3125,0.1875
0,8,0.1,256,16,16,1,0.5
0,8,0.1,512,16,16,1,0.5
0,8,0.2,64,16,0,0,0.5
0,8,0.2,128,16,1,0.0625,0.4375
0,8,0.2,256,16,3,0.1875,0.3125
0,8,0.2,512,16,9,0.5625,0.0625
0,16,0.025,64,16,0,0,0.5
0,16,0.025,128,16,8,0.5,0
0,16,0.025,256,16,15,0.9375,0.4375
0,16,0.025,512,16,16,1,0.5
0,16,0.05,64,16,0,0,0.5
0,16,0.05,128,16,8,0.5,0
0,16,0.05,256,16,16,1,0.5
0,16,0.05,512,16,16,1,0.5
0,16,0.1,64,16,0,0,0.5
0,16,0.1,128,16,5,0.3125,0.1875
0,16,0.1,256,16,16,1,0.5
0,16,0.1,512,16,16,1,0.5
0,16,0.2,64,16,0,0,0.5
0,16,0.2,128,16,0,0,0.5
0,16,0.2,256,16,5,0.3125,0.1875
0,16,0.2,512,16,9,0.5625,0.0625
0,32,0.025,64,16,0,0,0.5
0,32,0.025,128,16,3,0.1875,0.3125
0,32,0.025,256,16,16,1,0.5
0,32,0.025,512,16,16,1,0.5
0,32,0.05,64,16,0,0,0.5
0,32,0.05,128,16,1,0.0625,0.4375
0,32,0.05,256,16,15,0.9375,0.4375
0,32,0.05,512,16,16,1,0.5
0,32,0.1,64,16,0,0,0.5
0,32,0.1,128,16,1,0.0625,0.4375
0,32,0.1,256,16,6,0.375,0.125
0,32,0.1,512,16,16,1,0.5
0,32,0.2,64,16,0,0,0.5
0,32,0.2,128,16,0,0,0.5
0,32,0.2,256,16,0,0,0.5
0,32,0.2,512,16,5,0.3125,0.1875
1,8,0.025,64,16,0,0,0.5
1,8,0.025,128,16,5,0.3125,0.1875
1,8,0.025,256,16,16,1,0.5
1,8,0.025,512,16,16,1,0.5
1,8,0.05,64,16,3,0.1875,0.3125
1,8,0.05,128,16,9,0.5625,0.0625
1,8,0.05,256,16,16,1,0.5
1,8,0.05,512,16,16,1,0.5
1,8,0.1,64,16,0,0,0.5
1,8,0.1,128,16,7,0.4375,0.0625
1,8,0.1,256,16,16,1,0.5
1,8,0.1,512,16,16,1,0.5
1,8,0.2,64,16,0,0,0.5
1,8,0.2,128,16,2,0.125,0.375
1,8,0.2,256,16,6,0.375,0.125
1,8,0.2,512,16,10,0.625,0.125
1,16,0.025,64,16,1,0.0625,0.4375
1,16,0.025,128,16,8,0.5,0
1,16,0.025,256,16,14,0.875,0.375
1,16,0.025,512,16,16,1,0.5
1,16,0.05,64,16,0,0,0.5
1,16,0.05,128,16,7,0.4375,0.0625
1,16,0.05,256,16,16,1,0.5
1,16,0.05,512,16,16,1,0.5
1,16,0.1,64,16,0,0,0.5
1,16,0.1,128,16,2,0.125,0.375
1,16,0.1,256,16,15,0.9375,0.4375
1,16,0.1,512,16,16,1,0.5
1,16,0.2,64,16,0,0,0.5
1,16,0.2,128,16,1,0.0625,0.4375
1,16,0.2,256,16,3,0.1875,0.3125
1,16,0.2,512,16,10,0.625,0.125
1,32,0.025,64,16,0,0,0.5
1,32,0.025,128,16,3,0.1875,0.3125
1,32,0.025,256,16,16,1,0.5
1,32,0.025,512,16,16,1,0.5
1,32,0.05,64,16,0,0,0.5
1,32,0.05,128,16,3,0.1875,0.3125
1,32,0.05,256,16,16,1,0.5
1,32,0.05,512,16,16,1,0.5
1,32,0.1,64,16,0,0,0.5
1,32,0.1,128,16,0,0,0.5
1,32,0.1,256,16,6,0.375,0.125
1,32,0.1,512,16,16,1,0.5
1,32,0.2,64,16,0,0,0.5
1,32,0.2,128,16,0,0,0.5
1,32,0.2,256,16,1,0.0625,0.4375
1,32,0.2,512,16,3,0.1875,0.3125
2,8,0.025,64,16,0,0,0.5
2,8,0.025,128,16,7,0.4375,0.0625
2,8,0.025,256,16,16,1,0.5
2,8,0.025,512,16,16,1,0.5
2,8,0.05,64,16,1,0.0625,0.4375
2,8,0.05,128,16,14,0.875,0.375
2,8,0.05,256,16,16,1,0.5
2,8,0.05,512,16,16,1,0.5
2,8,0.1,64,16,0,0,0.5
2,8,0.1,128,16,8,0.5,0
2,8,0.1,256,16,16,1,0.5
2,8,0.1,512,16,16,1,0.5
2,8,0.2,64,16,0,0,0.5
2,8,0.2,128,16,1,0.0625,0.4375
2,8,0.2,256,16,5,0.3125,0.1875
2,8,0.2,512,16,13,0.8125,0.3125
2,16,0.025,64,16,1,0.0625,0.4375
2,16,0.025,128,16,10,0.625,0.125
2,16,0.025,256,16,16,1,0.5
2,16,0.025,512,16,16,1,0.5
2,16,0.05,64,16,0,0,0.5
2,16,0.05,128,16,6,0.375,0.125
2,16,0.05,256,16,16,1,0.5
2,16,0.05,512,16,16,1,0.5
2,16,0.1,64,16,0,0,0.5
2,16,0.1,128,16,4,0.25,0.25
2,16,0.1,256,16,16,1,0.5
2,16,0.1,512,16,16,1,0.5
2,16,0.2,64,16,0,0,0.5
2,16,0.2,128,16,0,0,0.5
2,16,0.2,256,16,2,0.125,0.375
2,16,0.2,512,16,5,0.3125,0.1875
2,32,0.025,64,16,0,0,0.5
2,32,0.025,128,16,2,0.125,0.375
2,32,0.025,256,16,16,1,0.5
2,32,0.025,512,16,16,1,0.5
2,32,0.05,64,16,0,0,0.5
2,32,0.05,128,16,0,0,0.5
2,32,0.05,256,16,15,0.9375,0.4375
2,32,0.05,512,16,16,1,0.5
2,32,0.1,64,16,0,0,0.5
2,32,0.1,128,16,0,0,0.5
2,32,0.1,256,16,8,0.5,0
2,32,0.1,512,16,16,1,0.5
2,32,0.2,64,16,0,0,0.5
2,32,0.2,128,16,0,0,0.5
2,32,0.2,256,16,0,0,0.5
2,32,0.2,512,16,2,0.125,0.375
3,8,0.025,64,16,4,0.25,0.25
3,8,0.025,128,16,6,0.375,0.125
3,8,0.025,256,16,16,1,0.5
3,8,0.025,512,16,16,1,0.5
3,8,0.05,64,16,1,0.0625,0.4375
3,8,0.05,128,16,10,0.625,0.125
3,8,0.05,256,16,16,1,0.5
3,8,0.05,512,16,16,1,0.5
3,8,0.1,64,16,1,0.0625,0.4375
3,8,0.1,128,16,8,0.5,0
3,8,0.1,256,16,15,0.9375,0.4375
3,8,0.1,512,16,16,1,0.5
3,8,0.2,64,16,0,0,0.5
3,8,0.2,128,16,0,0,0.5
3,8,0.2,256,16,2,0.125,0.375
3,8,0.2,512,16,11,0.6875,0.1875
3,16,0.025,64,16,0,0,0.5
3,16,0.025,128,16,5,0.3125,0.1875
3,16,0.025,256,16,14,0.875,0.375
3,16,0.025,512,16,16,1,0.5
3,16,0.05,64,16,2,0.125,0.375
3,16,0.05,128,16,5,0.3125,0.1875
3,16,0.05,256,16,16,1,0.5
3,16,0.05,512,16,16,1,0.5
3,16,0.1,64,16,0,0,0.5
3,16,0.1,128,16,4,0.25,0.25
3,16,0.1,256,16,14,0.875,0.375
3,16,0.1,512,16,16,1,0.5
3,16,0.2,64,16,0,0,0.5
3,16,0.2,128,16,0,0,0.5
3,16,0.2,256,16,1,0.0625,0.4375
3,16,0.2,512,16,8,0.5,0
3,32,0.025,64,16,0,0,0.5
3,32,0.025,128,16,0,0,0.5
3,32,0.025,256,16,15,0.9375,0.4375
3,32,0.025,512,16,16,1,0.5
3,32,0.05,64,16,0,0,0.5
3,32,0.05,128,16,1,0.0625,0.4375
3,32,0.05,256,16,15,0.9375,0.4375
3,32,0.05,512,16,16,1,0.5
3,32,0.1,64,16,0,0,0.5
3,32,0.1,128,16,2,0.125,0.375
3,32,0.1,256,16,9,0.5625,0.0625
3,32,0.1,512,16,16,1,0.5
3,32,0.2,64,16,0,0,0.5
3,32,0.2,128,16,0,0,0.5
3,32,0.2,256,16,0,0,0.5
3,32,0.2,512,16,2,0.125,0.375
4,8,0.025,64,16,1,0.0625,0.4375
4,8,0.025,128,16,6,0.375,0.125
4,8,0.025,256,16,15,0.9375,0.4375
4,8,0.025,512,16,16,1,0.5
4,8,0.05,64,16,3,0.1875,0.3125
4,8,0.05,128,16,13,0.8125,0.3125
4,8,0.05,256,16,16,1,0.5
4,8,0.05,512,16,16,1,0.5
4,8,0.1,64,16,0,0,0.5
4,8,0.1,128,16,5,0.3125,0.1875
4,8,0.1,256,16,16,1,0.5
4,8,0.1,512,16,16,1,0.5
4,8,0.2,64,16,0,0,0.5
4,8,0.2,128,16,0,0,0.5
4,8,0.2,256,16,6,0.375,0.125
4,8,0.2,512,16,11,0.6875,0.1875
4,16,0.025,64,16,1,0.0625,0.4375
4,16,0.025,128,16,13,0.8125,0.3125
4,16,0.025,256,16,15,0.9375,0.4375
4,16,0.025,512,16,16,1,0.5
4,16,0.05,64,16,1,0.0625,0.4375
4,16,0.05,128,16,11,0.6875,0.1875
4,16,0.05,256,16,16,1,0.5
4,16,0.05,512,16,16,1,0.5
4,16,0.1,64,16,0,0,0.5
4,16,0.1,128,16,0,0,0.5
4,16,0.1,256,16,15,0.9375,0.4375
4,16,0.1,512,16,16,1,0.5
4,16,0.2,64,16,0,0,0.5
4,16,0.2,128,16,1,0.0625,0.4375
4,16,0.2,256,16,2,0.125,0.375
4,16,0.2,512,16,10,0.625,0.125
4,32,0.025,64,16,0,0,0.5
4,32,0.025,128,16,2,0.125,0.375
4,32,0.025,256,16,15,0.9375,0.4375
4,32,0.025,512,16,16,1,0.5
4,32,0.05,64,16,0,0,0.5
4,32,0.05,128,16,3,0.1875,0.3125
4,32,0.05,256,16,15,0.9375,0.4375
4,32,0.05,512,16,16,1,0.5
4,32,0.1,64,16,0,0,0.5
4,32,0.1,128,16,0,0,0.5
4,32,0.1,256,16,6,0.375,0.125
4,32,0.1,512,16,16,1,0.5
4,32,0.2,64,16,0,0,0.5
4,32,0.2,128,16,0,0,0.5
4,32,0.2,256,16,0,0,0.5
4,32,0.2,512,16,2,0.125,0.375
5,8,0.025,64,16,0,0,0.5
5,8,0.025,128,16,10,0.625,0.125
5,8,0.025,256,16,14,0.875,0.375
5,8,0.025,512,16,16,1,0.5
5,8,0.05,64,16,3,0.1875,0.3125
5,8,0.05,128,16,11,0.6875,0.1875
5,8,0.05,256,16,16,1,0.5
5,8,0.05,512,16,16,1,0.5
5,8,0.1,64,16,2,0.125,0.375
5,8,0.1,128,16,9,0.5625,0.0625
5,8,0.1,256,16,16,1,0.5
5,8,0.1,512,16,16,1,0.5
5,8,0.2,64,16,0,0,0.5
5,8,0.2,128,16,0,0,0.5
5,8,0.2,256,16,3,0.1875,0.3125
5,8,0.2,512,16,10,0.625,0.125
5,16,0.025,64,16,1,0.0625,0.4375
5,16,0.025,128,16,9,0.5625,0.0625
5,16,0.025,256,16,15,0.9375,0.4375
5,16,0.025,512,16,15,0.9375,0.4375
5,16,0.05,64,16,1,0.0625,0.4375
5,16,0.05,128,16,6,0.375,0.125
5,16,0.05,256,16,16,1,0.5
5,16,0.05,512,16,16,1,0.5
5,16,0.1,64,16,0,0,0.5
5,16,0.1,128,16,2,0.125,0.375
5,16,0.1,256,16,14,0.875,0.375
5,16,0.1,512,16,16,1,0.5
5,16,0.2,64,16,0,0,0.5
5,16,0.2,128,16,0,0,0.5
5,16,0.2,256,16,1,0.0625,0.4375
5,16,0.2,512,16,9,0.5625,0.0625
5,32,0.025,64,16,0,0,0.5
5,32,0.025,128,16,2,0.125,0.375
5,32,0.025,256,16,16,1,0.5
5,32,0.025,512,16,16,1,0.5
5,32,0.05,64,16,0,0,0.5
5,32,0.05,128,16,2,0.125,0.375
5,32,0.05,256,16,15,0.9375,0.4375
5,32,0.05,512,16,16,1,0.5
5,32,0.1,64,16,0,0,0.5
5,32,0.1,128,16,1,0.0625,0.4375
5,32,0.1,256,16,6,0.375,0.125
5,32,0.1,512,16,16,1,0.5
5,32,0.2,64,16,0,0,0.5
5,32,0.2,128,16,0,0,0.5
5,32,0.2,256,16,1,0.0625,0.4375
5,32,0.2,512,16,6,0.375,0.125
6,8,0.025,64,16,4,0.25,0.25
6,8,0.025,128,16,11,0.6875,0.1875
6,8,0.025,256,16,15,0.9375,0.4375
6,8,0.025,512,16,16,1,0.5
6,8,0.05,64,16,1,0.0625,0.4375
6,8,0.05,128,16,10,0.625,0.125
6,8,0.05,256,16,15,0.9375,0.4375
6,8,0.05,512,16,16,1,0.5
6,8,0.1,64,16,1,0.0625,0.4375
6,8,0.1,128,16,9,0.5625,0.0625
6,8,0.1,256,16,16,1,0.5
6,8,0.1,512,16,16,1,0.5
6,8,0.2,64,16,0,0,0.5
6,8,0.2,128,16,0,0,0.5
6,8,0.2,256,16,4,0.25,0.25
6,8,0.2,512,16,10,0.625,0.125
6,16,0.025,64,16,1,0.0625,0.4375
6,16,0.025,128,16,9,0.5625,0.0625
6,16,0.025,256,16,15,0.9375,0.4375
6,16,0.025,512,16,16,1,0.5
6,16,0.05,64,16,0,0,0.5
6,16,0.05,128,16,6,0.375,0.125
6,16,0.05,256,16,16,1,0.5
6,16,0.05,512,16,16,1,0.5
6,16,0.1,64,16,0,0,0.5
6,16,0.1,128,16,6,0.375,0.125
6,16,0.1,256,16,16,1,0.5
6,16,0.1,512,16,16,1,0.5
6,16,0.2,64,16,0,0,0.5
6,16,0.2,128,16,0,0,0.5
6,16,0.2,256,16,2,0.125,0.375
6,16,0.2,512,16,7,0.4375,0.0625
6,32,0.025,64,16,0,0,0.5
6,32,0.025,128,16,2,0.125,0.375
6,32,0.025,256,16,15,0.9375,0.4375
6,32,0.025,512,16,16,1,0.5
6,32,0.05,64,16,0,0,0.5
6,32,0.05,128,16,1,0.0625,0.4375
6,32,0.05,256,16,13,0.8125,0.3125
6,32,0.05,512,16,16,1,0.5
6,32,0.1,64,16,0,0,0.5
6,32,0.1,128,16,0,0,0.5
6,32,0.1,256,16,9,0.5625,0.0625
6,32,0.1,512,16,16,1,0.5
6,32,0.2,64,16,0,0,0.5
6,32,0.2,128,16,0,0,0.5
6,32,0.2,256,16,1,0.0625,0.4375
6,32,0.2,512,16,4,0.25,0.25
7,8,0.025,64,16,1,0.0625,0.4375
7,8,0.025,128,16,5,0.3125,0.1875
7,8,0.025,256,16,16,1,0.5
7,8,0.025,512,16,16,1,0.5
7,8,0.05,64,16,3,0.1875,0.3125
7,8,0.05,128,16,9,0.5625,0.0625
7,8,0.05,256,16,16,1,0.5
7,8,0.05,512,16,16,1,0.5
7,8,0.1,64,16,1,0.0625,0.4375
7,8,0.1,128,16,12,0.75,0.25
7,8,0.1,256,16,16,1,0.5
7,8,0.1,512,16,16,1,0.5
7,8,0.2,64,16,0,0,0.5
7,8,0.2,128,16,0,0,0.5
7,8,0.2,256,16,3,0.1875,0.3125
7,8,0.2,512,16,12,0.75,0.25
7,16,0.025,64,16,0,0,0.5
7,16,0.025,128,16,11,0.6875,0.1875
7,16,0.025,256,16,16,1,0.5
7,16,0.025,512,16,16,1,0.5
7,16,0.05,64,16,0,0,0.5
7,16,0.05,128,16,7,0.4375,0.0625
7,16,0.05,256,16,16,1,0.5
7,16,0.05,512,16,16,1,0.5
7,16,0.1,64,16,1,0.0625,0.4375
7,16,0.1,128,16,5,0.3125,0.1875
7,16,0.1,256,16,15,0.9375,0.4375
7,16,0.1,512,16,16,1,0.5
7,16,0.2,64,16,0,0,0.5
7,16,0.2,128,16,0,0,0.5
7,16,0.2,256,16,1,0.0625,0.4375
7,16,0.2,512,16,4,0.25,0.25
7,32,0.025,64,16,0,0,0.5
7,32,0.025,128,16,3,0.1875,0.3125
7,32,0.025,256,16,16,1,0.5
7,32,0.025,512,16,16,1,0.5
7,32,0.05,64,16,0,0,0.5
7,32,0.05,128,16,0,0,0.5
7,32,0.05,256,16,13,0.8125,0.3125
7,32,0.05,512,16,16,1,0.5
7,32,0.1,64,16,0,0,0.5
7,32,0.1,128,16,1,0.0625,0.4375
7,32,0.1,256,16,5,0.3125,0.1875
7,32,0.1,512,16,16,1,0.5
7,32,0.2,64,16,0,0,0.5
7,32,0.2,128,16,1,0.0625,0.4375
7,32,0.2,256,16,1,0.0625,0.4375
7,32,0.2,512,16,1,0.0625,0.4375
8,8,0.025,64,16,0,0,0.5
8,8,0.025,128,16,6,0.375,0.125
8,8,0.025,256,16,16,1,0.5
8,8,0.025,512,16,16,1,0.5
8,8,0.05,64,16,0,0,0.5
8,8,0.05,128,16,9,0.5625,0.0625
8,8,0.05,256,16,16,1,0.5
8,8,0.05,512,16,16,1,0.5
8,8,0.1,64,16,3,0.1875,0.3125
8,8,0.1,128,16,9,0.5625,0.0625
8,8,0.1,256,16,16,1,0.5
8,8,0.1,512,16,16,1,0.5
8,8,0.2,64,16,0,0,0.5
8,8,0.2,128,16,1,0.0625,0.4375
8,8,0.2,256,16,3,0.1875,0.3125
8,8,0.2,512,16,12,0.75,0.25
8,16,0.025,64,16,0,0,0.5
8,16,0.025,128,16,9,0.5625,0.0625
8,16,0.025,256,16,14,0.875,0.375
8,16,0.025,512,16,16,1,0.5
8,16,0.05,64,16,0,0,0.5
8,16,0.05,128,16,8,0.5,0
8,16,0.05,256,16,16,1,0.5
8,16,0.05,512,16,16,1,0.5
8,16,0.1,64,16,0,0,0.5
8,16,0.1,128,16,3,0.1875,0.3125
8,16,0.1,256,16,16,1,0.5
8,16,0.1,512,16,16,1,0.5
8,16,0.2,64,16,0,0,0.5
8,16,0.2,128,16,0,0,0.5
8,16,0.2,256,16,1,0.0625,0.4375
8,16,0.2,512,16,8,0.5,0
8,32,0.025,64,16,0,0,0.5
8,32,0.025,128,16,1,0.0625,0.4375
8,32,0.025,256,16,16,1,0.5
8,32,0.025,512,16,16,1,0.5
8,32,0.05,64,16,0,0,0.5
8,32,0.05,128,16,2,0.125,0.375
8,32,0.05,256,16,13,0.8125,0.3125
8,32,0.05,512,16,16,1,0.5
8,32,0.1,64,16,0,0,0.5
8,32,0.1,128,16,0,0,0.5
8,32,0.1,256,16,7,0.4375,0.0625
8,32,0.1,512,16,16,1,0.5
8,32,0.2,64,16,0,0,0.5
8,32,0.2,128,16,1,0.0625,0.4375
8,32,0.2,256,16,1,0.0625,0.4375
8,32,0.2,512,16,6,0.375,0.125
9,8,0.025,64,16,4,0.25,0.25
9,8,0.025,128,16,7,0.4375,0.0625
9,8,0.025,256,16,16,1,0.5
9,8,0.025,512,16,16,1,0.5
9,8,0.05,64,16,1,0.0625,0.4375
9,8,0.05,128,16,8,0.5,0
9,8,0.05,256,16,16,1,0.5
9,8,0.05,512,16,16,1,0.5
9,8,0.1,64,16,0,0,0.5
9,8,0.1,128,16,8,0.5,0
9,8,0.1,256,16,16,1,0.5
9,8,0.1,512,16,16,1,0.5
9,8,0.2,64,16,0,0,0.5
9,8,0.2,128,16,0,0,0.5
9,8,0.2,256,16,2,0.125,0.375
9,8,0.2,512,16,12,0.75,0.25
9,16,0.025,64,16,1,0.0625,0.4375
9,16,0.025,128,16,7,0.4375,0.0625
9,16,0.025,256,16,15,0.9375,0.4375
9,16,0.025,512,16,16,1,0.5
9,16,0.05,64,16,0,0,0.5
9,16,0.05,128,16,11,0.6875,0.1875
9,16,0.05,256,16,16,1,0.5
9,16,0.05,512,16,16,1,0.5
9,16,0.1,64,16,0,0,0.5
9,16,0.1,128,16,5,0.3125,0.1875
9,16,0.1,256,16,16,1,0.5
9,16,0.1,512,16,16,1,0.5
9,16,0.2,64,16,0,0,0.5
9,16,0.2,128,16,0,0,0.5
9,16,0.2,256,16,2,0.125,0.375
9,16,0.2,512,16,7,0.4375,0.0625
9,32,0.025,64,16,0,0,0.5
9,32,0.025,128,16,2,0.125,0.375
9,32,0.025,256,16,14,0.875,0.375
9,32,0.025,512,16,16,1,0.5
9,32,0.05,64,16,0,0,0.5
9,32,0.05,128,16,3,0.1875,0.3125
9,32,0.05,256,16,16,1,0.5
9,32,0.05,512,16,16,1,0.5
9,32,0.1,64,16,0,0,0.5
9,32,0.1,128,16,2,0.125,0.375
9,32,0.1,256,16,10,0.625,0.125
9,32,0.1,512,16,16,1,0.5
9,32,0.2,64,16,0,0,0.5
9,32,0.2,128,16,0,0,0.5
9,32,0.2,256,16,2,0.125,0.375
9,32,0.2,512,16,6,0.375,0.125
10,8,0.025,64,16,1,0.0625,0.4375
10,8,0.025,128,16,9,0.5625,0.0625
10,8,0.025,256,16,16,1,0.5
10,8,0.025,512,16,16,1,0.5
10,8,0.05,64,16,2,0.125,0.375
10,8,0.05,128,16,13,0.8125,0.3125
10,8,0.05,256,16,16,1,0.5
10,8,0.05,512,16,16,1,0.5
10,8,0.1,64,16,0,0,0.5
10,8,0.1,128,16,3,0.1875,0.3125
10,8,0.1,256,16,16,1,0.5
10,8,0.1,512,16,16,1,0.5
10,8,0.2,64,16,1,0.0625,0.4375
10,8,0.2,128,16,2,0.125,0.375
10,8,0.2,256,16,4,0.25,0.25
10,8,0.2,512,16,10,0.625,0.125
10,16,0.025,64,16,1,0.0625,0.4375
10,16,0.025,128,16,6,0.375,0.125
10,16,0.025,256,16,16,1,0.5
10,16,0.025,512,16,16,1,0.5
10,16,0.05,64,16,2,0.125,0.375
10,16,0.05,128,16,8,0.5,0
10,16,0.05,256,16,16,1,0.5
10,16,0.05,512,16,16,1,0.5
10,16,0.1,64,16,0,0,0.5
10,16,0.1,128,16,4,0.25,0.25
10,16,0.1,256,16,16,1,0.5
10,16,0.1,512,16,16,1,0.5
10,16,0.2,64,16,0,0,0.5
10,16,0.2,128,16,0,0,0.5
10,16,0.2,256,16,2,0.125,0.375
10,16,0.2,512,16,10,0.625,0.125
10,32,0.025,64,16,0,0,0.5
10,32,0.025,128,16,3,0.1875,0.3125
10,32,0.025,256,16,15,0.9375,0.4375
10,32,0.025,512,16,16,1,0.5
10,32,0.05,64,16,0,0,0.5
10,32,0.05,128,16,1,0.0625,0.4375
10,32,0.05,256,16,15,0.9375,0.4375
10,32,0.05,512,16,16,1,0.5
10,32,0.1,64,16,0,0,0.5
10,32,0.1,128,16,0,0,0.5
10,32,0.1,256,16,7,0.4375,0.0625
10,32,0.1,512,16,16,1,0.5
10,32,0.2,64,16,0,0,0.5
10,32,0.2,128,16,0,0,0.5
10,32,0.2,256,16,0,0,0.5
10,32,0.2,512,16,3,0.1875,0.3125
11,8,0.025,64,16,0,0,0.5
11,8,0.025,128,16,8,0.5,0
11,8,0.025,256,16,15,0.9375,0.4375
11,8,0.025,512,16,16,1,0.5
11,8,0.05,64,16,2,0.125,0.375
11,8,0.05,128,16,12,0.75,0.25
11,8,0.05,256,16,16,1,0.5
11,8,0.05,512,16,16,1,0.5
11,8,0.1,64,16,1,0.0625,0.4375
11,8,0.1,128,16,9,0.5625,0.0625
11,8,0.1,256,16,15,0.9375,0.4375
11,8,0.1,512,16,16,1,0.5
11,8,0.2,64,16,0,0,0.5
11,8,0.2,128,16,0,0,0.5
11,8,0.2,256,16,3,0.1875,0.3125
11,8,0.2,512,16,9,0.5625,0.0625
11,16,0.025,64,16,0,0,0.5
11,16,0.025,128,16,6,0.375,0.125
11,16,0.025,256,16,15,0.9375,0.4375
11,16,0.025,512,16,16,1,0.5
11,16,0.05,64,16,0,0,0.5
11,16,0.05,128,16,6,0.375,0.125
11,16,0.05,256,16,15,0.9375,0.4375
11,16,0.05,512,16,16,1,0.5
11,16,0.1,64,16,0,0,0.5
11,16,0.1,128,16,4,0.25,0.25
11,16,0.1,256,16,15,0.9375,0.4375
11,16,0.1,512,16,16,1,0.5
11,16,0.2,64,16,0,0,0.5
11,16,0.2,128,16,0,0,0.5
11,16,0.2,256,16,3,0.1875,0.3125
11,16,0.2,512,16,11,0.6875,0.1875
11,32,0.025,64,16,0,0,0.5
11,32,0.025,128,16,2,0.125,0.375
11,32,0.025,256,16,15,0.9375,0.4375
11,32,0.025,512,16,16,1,0.5
11,32,0.05,64,16,0,0,0.5
11,32,0.05,128,16,0,0,0.5
11,32,0.05,256,16,16,1,0.5
11,32,0.05,512,16,16,1,0.5
11,32,0.1,64,16,0,0,0.5
11,32,0.1,128,16,0,0,0.5
11,32,0.1,256,16,5,0.3125,0.1875
11,32,0.1,512,16,16,1,0.5
11,32,0.2,64,16,0,0,0.5
11,32,0.2,128,16,0,0,0.5
11,32,0.2,256,16,1,0.0625,0.4375
11,32,0.2,512,16,3,0.1875,0.3125
12,8,0.025,64,16,0,0,0.5
12,8,0.025,128,16,10,0.625,0.125
12,8,0.025,256,16,15,0.9375,0.4375
12,8,0.025,512,16,16,1,0.5
12,8,0.05,64,16,2,0.125,0.375
12,8,0.05,128,16,7,0.4375,0.0625
12,8,0.05,256,16,16,1,0.5
12,8,0.05,512,16,16,1,0.5
12,8,0.1,64,16,2,0.125,0.375
12,8,0.1,128,16,8,0.5,0
12,8,0.1,256,16,15,0.9375,0.4375
12,8,0.1,512,16,16,1,0.5
12,8,0.2,64,16,0,0,0.5
12,8,0.2,128,16,1,0.0625,0.4375
12,8,0.2,256,16,6,0.375,0.125
12,8,0.2,512,16,8,0.5,0
12,16,0.025,64,16,4,0.25,0.25
12,16,0.025,128,16,7,0.4375,0.0625
12,16,0.025,256,16,16,1,0.5
12,16,0.025,512,16,16,1,0.5
12,16,0.05,64,16,1,0.0625,0.4375
12,16,0.05,128,16,10,0.625,0.125
12,16,0.05,256,16,16,1,0.5
12,16,0.05,512,16,16,1,0.5
12,16,0.1,64,16,0,0,0.5
12,16,0.1,128,16,1,0.0625,0.4375
12,16,0.1,256,16,14,0.875,0.375
12,16,0.1,512,16,16,1,0.5
12,16,0.2,64,16,0,0,0.5
12,16,0.2,128,16,0,0,0.5
12,16,0.2,256,16,1,0.0625,0.4375
12,16,0.2,512,16,8,0.5,0
12,32,0.025,64,16,0,0,0.5
12,32,0.025,128,16,2,0.125,0.375
12,32,0.025,256,16,16,1,0.5
12,32,0.025,512,16,16,1,0.5
12,32,0.05,64,16,0,0,0.5
12,32,0.05,128,16,0,0,0.5
12,32,0.05,256,16,16,1,0.5
12,32,0.05,512,16,16,1,0.5
12,32,0.1,64,16,0,0,0.5
12,32,0.1,128,16,0,0,0.5
12,32,0.1,256,16,8,0.5,0
12,32,0.1,512,16,16,1,0.5
12,32,0.2,64,16,0,0,0.5
12,32,0.2,128,16,0,0,0.5
12,32,0.2,256,16,0,0,0.5
12,32,0.2,512,16,3,0.1875,0.3125
13,8,0.025,64,16,2,0.125,0.375
13,8,0.025,128,16,8,0.5,0
13,8,0.025,256,16,15,0.9375,0.4375
13,8,0.025,512,16,16,1,0.5
13,8,0.05,64,16,3,0.1875,0.3125
13,8,0.05,128,16,12,0.75,0.25
13,8,0.05,256,16,16,1,0.5
13,8,0.05,512,16,16,1,0.5
13,8,0.1,64,16,2,0.125,0.375
13,8,0.1,128,16,11,0.6875,0.1875
13,8,0.1,256,16,15,0.9375,0.4375
13,8,0.1,512,16,16,1,0.5
13,8,0.2,64,16,0,0,0.5
13,8,0.2,128,16,0,0,0.5
13,8,0.2,256,16,3,0.1875,0.3125
13,8,0.2,512,16,12,0.75,0.25
13,16,0.025,64,16,0,0,0.5
13,16,0.025,128,16,10,0.625,0.125
13,16,0.025,256,16,16,1,0.5
13,16,0.025,512,16,16,1,0.5
13,16,0.05,64,16,0,0,0.5
13,16,0.05,128,16,7,0.4375,0.0625
13,16,0.05,256,16,16,1,0.5
13,16,0.05,512,16,16,1,0.5
13,16,0.1,64,16,0,0,0.5
13,16,0.1,128,16,3,0.1875,0.3125
13,16,0.1,256,16,16,1,0.5
13,16,0.1,512,16,16,1,0.5
13,16,0.2,64,16,0,0,0.5
13,16,0.2,128,16,0,0,0.5
13,16,0.2,256,16,0,0,0.5
13,16,0.2,512,16,7,0.4375,0.0625
13,32,0.025,64,16,0,0,0.5
13,32,0.025,128,16,1,0.0625,0.4375
13,32,0.025,256,16,16,1,0.5
13,32,0.025,512,16,16,1,0.5
13,32,0.05,64,16,0,0,0.5
13,32,0.05,128,16,1,0.0625,0.4375
13,32,0.05,256,16,15,0.9375,0.4375
13,32,0.05,512,16,16,1,0.5
13,32,0.1,64,16,0,0,0.5
13,32,0.1,128,16,1,0.0625,0.4375
13,32,0.1,256,16,5,0.3125,0.1875
13,32,0.1,512,16,16,1,0.5
13,32,0.2,64,16,0,0,0.5
13,32,0.2,128,16,0,0,0.5
13,32,0.2,256,16,0,0,0.5
13,32,0.2,512,16,4,0.25,0.25
14,8,0.025,64,16,0,0,0.5
14,8,0.025,128,16,3,0.1875,0.3125
14,8,0.025,256,16,13,0.8125,0.3125
14,8,0.025,512,16,16,1,0.5
14,8,0.05,64,16,0,0,0.5
14,8,0.05,128,16,8,0.5,0
14,8,0.05,256,16,14,0.875,0.375
14,8,0.05,512,16,16,1,0.5
14,8,0.1,64,16,0,0,0.5
14,8,0.1,128,16,7,0.4375,0.0625
14,8,0.1,256,16,16,1,0.5
14,8,0.1,512,16,16,1,0.5
14,8,0.2,64,16,1,0.0625,0.4375
14,8,0.2,128,16,1,0.0625,0.4375
14,8,0.2,256,16,4,0.25,0.25
14,8,0.2,512,16,11,0.6875,0.1875
14,16,0.025,64,16,0,0,0.5
14,16,0.025,128,16,10,0.625,0.125
14,16,0.025,256,16,15,0.9375,0.4375
14,16,0.025,512,16,16,1,0.5
14,16,0.05,64,16,0,0,0.5
14,16,0.05,128,16,9,0.5625,0.0625
14,16,0.05,256,16,16,1,0.5
14,16,0.05,512,16,16,1,0.5
14,16,0.1,64,16,0,0,0.5
14,16,0.1,128,16,5,0.3125,0.1875
14,16,0.1,256,16,15,0.9375,0.4375
14,16,0.1,512,16,16,1,0.5
14,16,0.2,64,16,0,0,0.5
14,16,0.2,128,16,0,0,0.5
14,16,0.2,256,16,0,0,0.5
14,16,0.2,512,16,2,0.125,0.375
14,32,0.025,64,16,0,0,0.5
14,32,0.025,128,16,1,0.0625,0.4375
14,32,0.025,256,16,16,1,0.5
14,32,0.025,512,16,16,1,0.5
14,32,0.05,64,16,0,0,0.5
14,32,0.05,128,16,1,0.0625,0.4375
14,32,0.05,256,16,15,0.9375,0.4375
14,32,0.05,512,16,16,1,0.5
14,32,0.1,64,16,0,0,0.5
14,32,0.1,128,16,0,0,0.5
14,32,0.1,256,16,7,0.4375,0.0625
14,32,0.1,512,16,16,1,0.5
14,32,0.2,64,16,0,0,0.5
14,32,0.2,128,16,0,0,0.5
14,32,0.2,256,16,0,0,0.5
14,32,0.2,512,16,1,0.0625,0.4375
15,8,0.025,64,16,1,0.0625,0.4375
15,8,0.025,128,16,6,0.375,0.125
15,8,0.025,256,16,15,0.9375,0.4375
15,8,0.025,512,16,16,1,0.5
15,8,0.05,64,16,2,0.125,0.375
15,8,0.05,128,16,8,0.5,0
15,8,0.05,256,16,15,0.9375,0.4375
15,8,0.05,512,16,16,1,0.5
15,8,0.1,64,16,2,0.125,0.375
15,8,0.1,128,16,7,0.4375,0.0625
15,8,0.1,256,16,15,0.9375,0.4375
15,8,0.1,512,16,16,1,0.5
15,8,0.2,64,16,0,0,0.5
15,8,0.2,128,16,1,0.0625,0.4375
15,8,0.2,256,16,3,0.1875,0.3125
15,8,0.2,512,16,8,0.5,0
15,16,0.025,64,16,0,0,0.5
15,16,0.025,128,16,11,0.6875,0.1875
15,16,0.025,256,16,16,1,0.5
15,16,0.025,512,16,16,1,0.5
15,16,0.05,64,16,0,0,0.5
15,16,0.05,128,16,10,0.625,0.125
15,16,0.05,256,16,16,1,0.5
15,16,0.05,512,16,16,1,0.5
15,16,0.1,64,16,0,0,0.5
15,16,0.1,128,16,2,0.125,0.375
15,16,0.1,256,16,14,0.875,0.375
15,16,0.1,512,16,16,1,0.5
15,16,0.2,64,16,0,0,0.5
15,16,0.2,128,16,1,0.0625,0.4375
15,16,0.2,256,16,3,0.1875,0.3125
15,16,0.2,512,16,6,0.375,0.125
15,32,0.025,64,16,0,0,0.5
15,32,0.025,128,16,2,0.125,0.375
15,32,0.025,256,16,16,1,0.5
15,32,0.025,512,16,16,1,0.5
15,32,0.05,64,16,0,0,0.5
15,32,0.05,128,16,0,0,0.5
15,32,0.05,256,16,16,1,0.5
15,32,0.05,512,16,16,1,0.5
15,32,0.1,64,16,0,0,0.5
15,32,0.1,128,16,0,0,0.5
15,32,0.1,256,16,5,0.3125,0.1875
15,32,0.1,512,16,16,1,0.5
15,32,0.2,64,16,0,0,0.5
15,32,0.2,128,16,0,0,0.5
15,32,0.2,256,16,1,0.0625,0.4375
15,32,0.2,512,16,3,0.1875,0.3125
16,8,0.025,64,16,0,0,0.5
16,8,0.025,128,16,11,0.6875,0.1875
16,8,0.025,256,16,15,0.9375,0.4375
16,8,0.025,512,16,16,1,0.5
16,8,0.05,64,16,0,0,0.5
16,8,0.05,128,16,14,0.875,0.375
16,8,0.05,256,16,16,1,0.5
16,8,0.05,512,16,16,1,0.5
16,8,0.1,64,16,0,0,0.5
16,8,0.1,128,16,6,0.375,0.125
16,8,0.1,256,16,16,1,0.5
16,8,0.1,512,16,16,1,0.5
16,8,0.2,64,16,0,0,0.5
16,8,0.2,128,16,0,0,0.5
16,8,0.2,256,16,5,0.3125,0.1875
16,8,0.2,512,16,7,0.4375,0.0625
16,16,0.025,64,16,0,0,0.5
16,16,0.025,128,16,4,0.25,0.25
16,16,0.025,256,16,15,0.9375,0.4375
16,16,0.025,512,16,16,1,0.5
16,16,0.05,64,16,1,0.0625,0.4375
16,16,0.05,128,16,11,0.6875,0.1875
16,16,0.05,256,16,15,0.9375,0.4375
16,16,0.05,512,16,16,1,0.5
16,16,0.1,64,16,0,0,0.5
16,16,0.1,128,16,3,0.1875,0.3125
16,16,0.1,256,16,16,1,0.5
16,16,0.1,512,16,16,1,0.5
16,16,0.2,64,16,0,0,0.5
16,16,0.2,128,16,0,0,0.5
16,16,0.2,256,16,6,0.375,0.125
16,16,0.2,512,16,12,0.75,0.25
16,32,0.025,64,16,0,0,0.5
16,32,0.025,128,16,4,0.25,0.25
16,32,0.025,256,16,15,0.9375,0.4375
16,32,0.025,512,16,16,1,0.5
16,32,0.05,64,16,0,0,0.5
16,32,0.05,128,16,2,0.125,0.375
16,32,0.05,256,16,15,0.9375,0.4375
16,32,0.05,512,16,16,1,0.5
16,32,0.1,64,16,0,0,0.5
16,32,0.1,128,16,1,0.0625,0.4375
16,32,0.1,256,16,7,0.4375,0.0625
16,32,0.1,512,16,16,1,0.5
16,32,0.2,64,16,0,0,0.5
16,32,0.2,128,16,0,0,0.5
16,32,0.2,256,16,0,0,0.5
16,32,0.2,512,16,6,0.375,0.125
17,8,0.025,64,16,2,0.125,0.375
17,8,0.025,128,16,6,0.375,0.125
17,8,0.025,256,16,14,0.875,0.375
17,8,0.025,512,16,16,1,0.5
17,8,0.05,64,16,1,0.0625,0.4375
17,8,0.05,128,16,13,0.8125,0.3125
17,8,0.05,256,16,16,1,0.5
17,8,0.05,512,16,16,1,0.5
17,8,0.1,64,16,0,0,0.5
17,8,0.1,128,16,9,0.5625,0.0625
17,8,0.1,256,16,16,1,0.5
17,8,0.1,512,16,16,1,0.5
17,8,0.2,64,16,0,0,0.5
17,8,0.2,128,16,0,0,0.5
17,8,0.2,256,16,2,0.125,0.375
17,8,0.2,512,16,8,0.5,0
17,16,0.025,64,16,0,0,0.5
17,16,0.025,128,16,5,0.3125,0.1875
17,16,0.025,256,16,15,0.9375,0.4375
17,16,0.025,512,16,16,1,0.5
17,16,0.05,64,16,1,0.0625,0.4375
17,16,0.05,128,16,8,0.5,0
17,16,0.05,256,16,16,1,0.5
17,16,0.05,512,16,16,1,0.5
17,16,0.1,64,16,0,0,0.5
17,16,0.1,128,16,3,0.1875,0.3125
17,16,0.1,256,16,13,0.8125,0.3125
17,16,0.1,512,16,16,1,0.5
17,16,0.2,64,16,0,0,0.5
17,16,0.2,128,16,0,0,0.5
17,16,0.2,256,16,2,0.125,0.375
17,16,0.2,512,16,8,0.5,0
17,32,0.025,64,16,0,0,0.5
17,32,0.025,128,16,4,0.25,0.25
17,32,0.025,256,16,16,1,0.5
17,32,0.025,512,16,16,1,0.5
17,32,0.05,64,16,0,0,0.5
17,32,0.05,128,16,1,0.0625,0.4375
17,32,0.05,256,16,16,1,0.5
17,32,0.05,512,16,16,1,0.5
17,32,0.1,64,16,0,0,0.5
17,32,0.1,128,16,0,0,0.5
17,32,0.1,256,16,8,0.5,0
17,32,0.1,512,16,16,1,0.5
17,32,0.2,64,16,0,0,0.5
17,32,0.2,128,16,0,0,0.5
17,32,0.2,256,16,1,0.0625,0.4375
17,32,0.2,512,16,3,0.1875,0.3125
18,8,0.025,64,16,2,0.125,0.375
18,8,0.025,128,16,9,0.5625,0.0625
18,8,0.025,256,16,15,0.9375,0.4375
18,8,0.025,512,16,16,1,0.5
18,8,0.05,64,16,1,0.0625,0.4375
18,8,0.05,128,16,11,0.6875,0.1875
18,8,0.05,256,16,16,1,0.5
18,8,0.05,512,16,16,1,0.5
18,8,0.1,64,16,1,0.0625,0.4375
18,8,0.1,128,16,12,0.75,0.25
18,8,0.1,256,16,16,1,0.5
18,8,0.1,512,16,16,1,0.5
18,8,0.2,64,16,0,0,0.5
18,8,0.2,128,16,0,0,0.5
18,8,0.2,256,16,2,0.125,0.375
18,8,0.2,512,16,11,0.6875,0.1875
18,16,0.025,64,16,1,0.0625,0.4375
18,16,0.025,128,16,9,0.5625,0.0625
18,16,0.025,256,16,16,1,0.5
18,16,0.025,512,16,16,1,0.5
18,16,0.05,64,16,0,0,0.5
18,16,0.05,128,16,10,0.625,0.125
18,16,0.05,256,16,15,0.9375,0.4375
18,16,0.05,512,16,16,1,0.5
18,16,0.1,64,16,0,0,0.5
18,16,0.1,128,16,3,0.1875,0.3125
18,16,0.1,256,16,15,0.9375,0.4375
18,16,0.1,512,16,16,1,0.5
18,16,0.2,64,16,0,0,0.5
18,16,0.2,128,16,0,0,0.5
18,16,0.2,256,16,2,0.125,0.375
18,16,0.2,512,16,9,0.5625,0.0625
18,32,0.025,64,16,0,0,0.5
18,32,0.025,128,16,5,0.3125,0.1875
18,32,0.025,256,16,16,1,0.5
18,32,0.025,512,16,16,1,0.5
18,32,0.05,64,16,0,0,0.5
18,32,0.05,128,16,1,0.0625,0.4375
18,32,0.05,256,16,16,1,0.5
18,32,0.05,512,16,16,1,0.5
18,32,0.1,64,16,0,0,0.5
18,32,0.1,128,16,0,0,0.5
18,32,0.1,256,16,9,0.5625,0.0625
18,32,0.1,512,16,16,1,0.5
18,32,0.2,64,16,0,0,0.5
18,32,0.2,128,16,0,0,0.5
18,32,0.2,256,16,1,0.0625,0.4375
18,32,0.2,512,16,8,0.5,0
19,8,0.025,64,16,1,0.0625,0.4375
19,8,0.025,128,16,5,0.3125,0.1875
19,8,0.025,256,16,16,1,0.5
19,8,0.025,512,16,16,1,0.5
19,8,0.05,64,16,2,0.125,0.375
19,8,0.05,128,16,13,0.8125,0.3125
19,8,0.05,256,16,16,1,0.5
19,8,0.05,512,16,16,1,0.5
19,8,0.1,64,16,0,0,0.5
19,8,0.1,128,16,5,0.3125,0.1875
19,8,0.1,256,16,15,0.9375,0.4375
19,8,0.1,512,16,16,1,0.5
19,8,0.2,64,16,0,0,0.5
19,8,0.2,128,16,2,0.125,0.375
19,8,0.2,256,16,7,0.4375,0.0625
19,8,0.2,512,16,11,0.6875,0.1875
19,16,0.025,64,16,0,0,0.5
19,16,0.025,128,16,7,0.4375,0.0625
19,16,0.025,256,16,16,1,0.5
19,16,0.025,512,16,16,1,0.5
19,16,0.05,64,16,0,0,0.5
19,16,0.05,128,16,6,0.375,0.125
19,16,0.05,256,16,15,0.9375,0.4375
19,16,0.05,512,16,16,1,0.5
19,16,0.1,64,16,1,0.0625,0.4375
19,16,0.1,128,16,2,0.125,0.375
19,16,0.1,256,16,16,1,0.5
19,16,0.1,512,16,16,1,0.5
19,16,0.2,64,16,0,0,0.5
19,16,0.2,128,16,0,0,0.5
19,16,0.2,256,16,2,0.125,0.375
19,16,0.2,512,16,4,0.25,0.25
19,32,0.025,64,16,0,0,0.5
19,32,0.025,128,16,1,0.0625,0.4375
19,32,0.025,256,16,16,1,0.5
19,32,0.025,512,16,16,1,0.5
19,32,0.05,64,16,0,0,0.5
19,32,0.05,128,16,2,0.125,0.375
19,32,0.05,256,16,13,0.8125,0.3125
19,32,0.05,512,16,16,1,0.5
19,32,0.1,64,16,0,0,0.5
19,32,0.1,128,16,0,0,0.5
19,32,0.1,256,16,9,0.5625,0.0625
19,32,0.1,512,16,16,1,0.5
19,32,0.2,64,16,0,0,0.5
19,32,0.2,128,16,0,0,0.5
19,32,0.2,256,16,0,0,0.5
19,32,0.2,512,16,1,0.0625,0.4375
20,8,0.025,64,16,1,0.0625,0.4375
20,8,0.025,128,16,9,0.5625,0.0625
20,8,0.025,256,16,15,0.9375,0.4375
20,8,0.025,512,16,16,1,0.5
20,8,0.05,64,16,0,0,0.5
20,8,0.05,128,16,11,0.6875,0.1875
20,8,0.05,256,16,16,1,0.5
20,8,0.05,512,16,16,1,0.5
20,8,0.1,64,16,1,0.0625,0.4375
20,8,0.1,128,16,5,0.3125,0.1875
20,8,0.1,256,16,16,1,0.5
20,8,0.1,512,16,16,1,0.5
20,8,0.2,64,16,0,0,0.5
20,8,0.2,128,16,2,0.125,0.375
20,8,0.2,256,16,3,0.1875,0.3125
20,8,0.2,512,16,13,0.8125,0.3125
20,16,0.025,64,16,1,0.0625,0.4375
20,16,0.025,128,16,9,0.5625,0.0625
20,16,0.025,256,16,15,0.9375,0.4375
20,16,0.025,512,16,16,1,0.5
20,16,0.05,64,16,0,0,0.5
20,16,0.05,128,16,5,0.3125,0.1875
20,16,0.05,256,16,16,1,0.5
20,16,0.05,512,16,16,1,0.5
20,16,0.1,64,16,0,0,0.5
20,16,0.1,128,16,4,0.25,0.25
20,16,0.1,256,16,15,0.9375,0.4375
20,16,0.1,512,16,16,1,0.5
20,16,0.2,64,16,0,0,0.5
20,16,0.2,128,16,0,0,0.5
20,16,0.2,256,16,1,0.0625,0.4375
20,16,0.2,512,16,6,0.375,0.125
20,32,0.025,64,16,0,0,0.5
20,32,0.025,128,16,6,0.375,0.125
20,32,0.025,256,16,15,0.9375,0.4375
20,32,0.025,512,16,16,1,0.5
20,32,0.05,64,16,0,0,0.5
20,32,0.05,128,16,2,0.125,0.375
20,32,0.05,256,16,16,1,0.5
20,32,0.05,512,16,16,1,0.5
20,32,0.1,64,16,0,0,0.5
20,32,0.1,128,16,0,0,0.5
20,32,0.1,256,16,9,0.5625,0.0625
20,32,0.1,512,16,16,1,0.5
20,32,0.2,64,16,0,0,0.5
20,32,0.2,128,16,0,0,0.5
20,32,0.2,256,16,0,0,0.5
20,32,0.2,512,16,1,0.0625,0.4375
21,8,0.025,64,16,2,0.125,0.375
21,8,0.025,128,16,8,0.5,0
21,8,0.025,256,16,15,0.9375,0.4375
21,8,0.025,512,16,16,1,0.5
21,8,0.05,64,16,1,0.0625,0.4375
21,8,0.05,128,16,8,0.5,0
21,8,0.05,256,16,16,1,0.5
21,8,0.05,512,16,16,1,0.5
21,8,0.1,64,16,1,0.0625,0.4375
21,8,0.1,128,16,9,0.5625,0.0625
21,8,0.1,256,16,15,0.9375,0.4375
21,8,0.1,512,16,16,1,0.5
21,8,0.2,64,16,0,0,0.5
21,8,0.2,128,16,1,0.0625,0.4375
21,8,0.2,256,16,3,0.1875,0.3125
21,8,0.2,512,16,12,0.75,0.25
21,16,0.025,64,16,1,0.0625,0.4375
21,16,0.025,128,16,9,0.5625,0.0625
21,16,0.025,256,16,16,1,0.5
21,16,0.025,512,16,16,1,0.5
21,16,0.05,64,16,0,0,0.5
21,16,0.05,128,16,8,0.5,0
21,16,0.05,256,16,16,1,0.5
21,16,0.05,512,16,16,1,0.5
21,16,0.1,64,16,0,0,0.5
21,16,0.1,128,16,2,0.125,0.375
21,16,0.1,256,16,14,0.875,0.375
21,16,0.1,512,16,16,1,0.5
21,16,0.2,64,16,0,0,0.5
21,16,0.2,128,16,0,0,0.5
21,16,0.2,256,16,1,0.0625,0.4375
21,16,0.2,512,16,7,0.4375,0.0625
21,32,0.025,64,16,0,0,0.5
21,32,0.025,128,16,1,0.0625,0.4375
21,32,0.025,256,16,16,1,0.5
21,32,0.025,512,16,16,1,0.5
21,32,0.05,64,16,0,0,0.5
21,32,0.05,128,16,3,0.1875,0.3125
21,32,0.05,256,16,14,0.875,0.375
21,32,0.05,512,16,16,1,0.5
21,32,0.1,64,16,0,0,0.5
21,32,0.1,128,16,0,0,0.5
21,32,0.1,256,16,9,0.5625,0.0625
21,32,0.1,512,16,16,1,0.5
21,32,0.2,64,16,0,0,0.5
21,32,0.2,128,16,0,0,0.5
21,32,0.2,256,16,0,0,0.5
21,32,0.2,512,16,1,0.0625,0.4375
22,8,0.025,64,16,2,0.125,0.375
22,8,0.025,128,16,6,0.375,0.125
22,8,0.025,256,16,12,0.75,0.25
22,8,0.025,512,16,16,1,0.5
22,8,0.05,64,16,2,0.125,0.375
22,8,0.05,128,16,10,0.625,0.125
22,8,0.05,256,16,16,1,0.5
22,8,0.05,512,16,16,1,0.5
22,8,0.1,64,16,1,0.0625,0.4375
22,8,0.1,128,16,6,0.375,0.125
22,8,0.1,256,16,16,1,0.5
22,8,0.1,512,16,16,1,0.5
22,8,0.2,64,16,0,0,0.5
22,8,0.2,128,16,0,0,0.5
22,8,0.2,256,16,2,0.125,0.375
22,8,0.2,512,16,10,0.625,0.125
22,16,0.025,64,16,1,0.0625,0.4375
22,16,0.025,128,16,6,0.375,0.125
22,16,0.025,256,16,16,1,0.5
22,16,0.025,512,16,16,1,0.5
22,16,0.05,64,16,1,0.0625,0.4375
22,16,0.05,128,16,6,0.375,0.125
22,16,0.05,256,16,16,1,0.5
22,16,0.05,512,16,16,1,0.5
22,16,0.1,64,16,1,0.0625,0.4375
22,16,0.1,128,16,4,0.25,0.25
22,16,0.1,256,16,15,0.9375,0.4375
22,16,0.1,512,16,16,1,0.5
22,16,0.2,64,16,0,0,0.5
22,16,0.2,128,16,0,0,0.5
22,16,0.2,256,16,1,0.0625,0.4375
22,16,0.2,512,16,4,0.25,0.25
22,32,0.025,64,16,0,0,0.5
22,32,0.025,128,16,1,0.0625,0.4375
22,32,0.025,256,16,16,1,0.5
22,32,0.025,512,16,16,1,0.5
22,32,0.05,64,16,0,0,0.5
22,32,0.05,128,16,2,0.125,0.375
22,32,0.05,256,16,13,0.8125,0.3125
22,32,0.05,512,16,16,1,0.5
22,32,0.1,64,16,0,0,0.5
22,32,0.1,128,16,1,0.0625,0.4375
22,32,0.1,256,16,5,0.3125,0.1875
22,32,0.1,512,16,16,1,0.5
22,32,0.2,64,16,0,0,0.5
22,32,0.2,128,16,0,0,0.5
22,32,0.2,256,16,1,0.0625,0.4375
22,32,0.2,512,16,5,0.3125,0.1875
23,8,0.025,64,16,0,0,0.5
23,8,0.025,128,16,6,0.375,0.125
23,8,0.025,256,16,14,0.875,0.375
23,8,0.025,512,16,16,1,0.5
23,8,0.05,64,16,2,0.125,0.375
23,8,0.05,128,16,9,0.5625,0.0625
23,8,0.05,256,16,16,1,0.5
23,8,0.05,512,16,16,1,0.5
23,8,0.1,64,16,0,0,0.5
23,8,0.1,128,16,6,0.375,0.125
23,8,0.1,256,16,16,1,0.5
23,8,0.1,512,16,16,1,0.5
23,8,0.2,64,16,0,0,0.5
23,8,0.2,128,16,2,0.125,0.375
23,8,0.2,256,16,4,0.25,0.25
23,8,0.2,512,16,11,0.6875,0.1875
23,16,0.025,64,16,0,0,0.5
23,16,0.025,128,16,7,0.4375,0.0625
23,16,0.025,256,16,16,1,0.5
23,16,0.025,512,16,16,1,0.5
23,16,0.05,64,16,0,0,0.5
23,16,0.05,128,16,8,0.5,0
23,16,0.05,256,16,16,1,0.5
23,16,0.05,512,16,16,1,0.5
23,16,0.1,64,16,0,0,0.5
23,16,0.1,128,16,5,0.3125,0.1875
23,16,0.1,256,16,16,1,0.5
23,16,0.1,512,16,16,1,0.5
23,16,0.2,64,16,0,0,0.5
23,16,0.2,128,16,0,0,0.5
23,16,0.2,256,16,0,0,0.5
23,16,0.2,512,16,9,0.5625,0.0625
23,32,0.025,64,16,0,0,0.5
23,32,0.025,128,16,1,0.0625,0.4375
23,32,0.025,256,16,16,1,0.5
23,32,0.025,512,16,16,1,0.5
23,32,0.05,64,16,0,0,0.5
23,32,0.05,128,16,1,0.0625,0.4375
23,32,0.05,256,16,15,0.9375,0.4375
23,32,0.05,512,16,16,1,0.5
23,32,0.1,64,16,0,0,0.5
23,32,0.1,128,16,0,0,0.5
23,32,0.1,256,16,7,0.4375,0.0625
23,32,0.1,512,16,16,1,0.5
23,32,0.2,64,16,0,0,0.5
23,32,0.2,128,16,0,0,0.5
23,32,0.2,256,16,0,0,0.5
23,32,0.2,512,16,6,0.375,0.125
24,8,0.025,64,16,2,0.125,0.375
24,8,0.025,128,16,10,0.625,0.125
24,8,0.025,256,16,15,0.9375,0.4375
24,8,0.025,512,16,16,1,0.5
24,8,0.05,64,16,1,0.0625,0.4375
24,8,0.05,128,16,13,0.8125,0.3125
24,8,0.05,256,16,16,1,0.5
24,8,0.05,512,16,16,1,0.5
24,8,0.1,64,16,1,0.0625,0.4375
24,8,0.1,128,16,3,0.1875,0.3125
24,8,0.1,256,16,16,1,0.5
24,8,0.1,512,16,16,1,0.5
24,8,0.2,64,16,0,0,0.5
24,8,0.2,128,16,1,0.0625,0.4375
24,8,0.2,256,16,1,0.0625,0.4375
24,8,0.2,512,16,9,0.5625,0.0625
24,16,0.025,64,16,1,0.0625,0.4375
24,16,0.025,128,16,7,0.4375,0.0625
24,16,0.025,256,16,14,0.875,0.375
24,16,0.025,512,16,16,1,0.5
24,16,0.05,64,16,1,0.0625,0.4375
24,16,0.05,128,16,10,0.625,0.125
24,16,0.05,256,16,16,1,0.5
24,16,0.05,512,16,16,1,0.5
24,16,0.1,64,16,0,0,0.5
24,16,0.1,128,16,2,0.125,0.375
24,16,0.1,256,16,14,0.875,0.375
24,16,0.1,512,16,16,1,0.5
24,16,0.2,64,16,0,0,0.5
24,16,0.2,128,16,0,0,0.5
24,16,0.2,256,16,0,0,0.5
24,16,0.2,512,16,10,0.625,0.125
24,32,0.025,64,16,0,0,0.5
24,32,0.025,128,16,3,0.1875,0.3125
24,32,0.025,256,16,16,1,0.5
24,32,0.025,512,16,16,1,0.5
24,32,0.05,64,16,0,0,0.5
24,32,0.05,128,16,3,0.1875,0.3125
24,32,0.05,256,16,15,0.9375,0.4375
24,32,0.05,512,16,16,1,0.5
24,32,0.1,64,16,0,0,0.5
24,32,0.1,128,16,1,0.0625,0.4375
24,32,0.1,256,16,11,0.6875,0.1875
24,32,0.1,512,16,16,1,0.5
24,32,0.2,64,16,0,0,0.5
24,32,0.2,128,16,0,0,0.5
24,32,0.2,256,16,2,0.125,0.375
24,32,0.2,512,16,6,0.375,0.125
25,8,0.025,64,16,0,0,0.5
25,8,0.025,128,16,6,0.375,0.125
25,8,0.025,256,16,12,0.75,0.25
25,8,0.025,512,16,16,1,0.5
25,8,0.05,64,16,0,0,0.5
25,8,0.05,128,16,13,0.8125,0.3125
25,8,0.05,256,16,16,1,0.5
25,8,0.05,512,16,16,1,0.5
25,8,0.1,64,16,2,0.125,0.375
25,8,0.1,128,16,9,0.5625,0.0625
25,8,0.1,256,16,16,1,0.5
25,8,0.1,512,16,16,1,0.5
25,8,0.2,64,16,0,0,0.5
25,8,0.2,128,16,0,0,0.5
25,8,0.2,256,16,3,0.1875,0.3125
25,8,0.2,512,16,11,0.6875,0.1875
25,16,0.025,64,16,0,0,0.5
25,16,0.025,128,16,7,0.4375,0.0625
25,16,0.025,256,16,14,0.875,0.375
25,16,0.025,512,16,16,1,0.5
25,16,0.05,64,16,0,0,0.5
25,16,0.05,128,16,6,0.375,0.125
25,16,0.05,256,16,16,1,0.5
25,16,0.05,512,16,16,1,0.5
25,16,0.1,64,16,0,0,0.5
25,16,0.1,128,16,2,0.125,0.375
25,16,0.1,256,16,15,0.9375,0.4375
25,16,0.1,512,16,16,1,0.5
25,16,0.2,64,16,1,0.0625,0.4375
25,16,0.2,128,16,1,0.0625,0.4375
25,16,0.2,256,16,2,0.125,0.375
25,16,0.2,512,16,7,0.4375,0.0625
25,32,0.025,64,16,0,0,0.5
25,32,0.025,128,16,1,0.0625,0.4375
25,32,0.025,256,16,16,1,0.5
25,32,0.025,512,16,16,1,0.5
25,32,0.05,64,16,0,0,0.5
25,32,0.05,128,16,2,0.125,0.375
25,32,0.05,256,16,15,0.9375,0.4375
25,32,0.05,512,16,16,1,0.5
25,32,0.1,64,16,0,0,0.5
25,32,0.1,128,16,0,0,0.5
25,32,0.1,256,16,9,0.5625,0.0625
25,32,0.1,512,16,16,1,0.5
25,32,0.2,64,16,0,0,0.5
25,32,0.2,128,16,0,0,0.5
25,32,0.2,256,16,1,0.0625,0.4375
25,32,0.2,512,16,5,0.3125,0.1875
26,8,0.025,64,16,0,0,0.5
26,8,0.025,128,16,9,0.5625,0.0625
26,8,0.025,256,16,14,0.875,0.375
26,8,0.025,512,16,16,1,0.5
26,8,0.05,64,16,1,0.0625,0.4375
26,8,0.05,128,16,10,0.625,0.125
26,8,0.05,256,16,15,0.9375,0.4375
26,8,0.05,512,16,16,1,0.5
26,8,0.1,64,16,1,0.0625,0.4375
26,8,0.1,128,16,5,0.3125,0.1875
26,8,0.1,256,16,15,0.9375,0.4375
26,8,0.1,512,16,16,1,0.5
26,8,0.2,64,16,0,0,0.5
26,8,0.2,128,16,1,0.0625,0.4375
26,8,0.2,256,16,5,0.3125,0.1875
26,8,0.2,512,16,13,0.8125,0.3125
26,16,0.025,64,16,0,0,0.5
26,16,0.025,128,16,8,0.5,0
26,16,0.025,256,16,13,0.8125,0.3125
26,16,0.025,512,16,16,1,0.5
26,16,0.05,64,16,1,0.0625,0.4375
26,16,0.05,128,16,5,0.3125,0.1875
26,16,0.05,256,16,16,1,0.5
26,16,0.05,512,16,16,1,0.5
26,16,0.1,64,16,1,0.0625,0.4375
26,16,0.1,128,16,3,0.1875,0.3125
26,16,0.1,256,16,13,0.8125,0.3125
26,16,0.1,512,16,16,1,0.5
26,16,0.2,64,16,0,0,0.5
26,16,0.2,128,16,0,0,0.5
26,16,0.2,256,16,2,0.125,0.375
26,16,0.2,512,16,11,0.6875,0.1875
26,32,0.025,64,16,0,0,0.5
26,32,0.025,128,16,1,0.0625,0.4375
26,32,0.025,256,16,14,0.875,0.375
26,32,0.025,512,16,16,1,0.5
26,32,0.05,64,16,0,0,0.5
26,32,0.05,128,16,3,0.1875,0.3125
26,32,0.05,256,16,15,0.9375,0.4375
26,32,0.05,512,16,16,1,0.5
26,32,0.1,64,16,0,0,0.5
26,32,0.1,128,16,1,0.0625,0.4375
26,32,0.1,256,16,12,0.75,0.25
26,32,0.1,512,16,16,1,0.5
26,32,0.2,64,16,0,0,0.5
26,32,0.2,128,16,1,0.0625,0.4375
26,32,0.2,256,16,1,0.0625,0.4375
26,32,0.2,512,16,3,0.1875,0.3125
27,8,0.025,64,16,1,0.0625,0.4375
27,8,0.025,128,16,8,0.5,0
27,8,0.025,256,16,15,0.9375,0.4375
27,8,0.025,512,16,16,1,0.5
27,8,0.05,64,16,0,0,0.5
27,8,0.05,128,16,8,0.5,0
27,8,0.05,256,16,15,0.9375,0.4375
27,8,0.05,512,16,16,1,0.5
27,8,0.1,64,16,2,0.125,0.375
27,8,0.1,128,16,7,0.4375,0.0625
27,8,0.1,256,16,14,0.875,0.375
27,8,0.1,512,16,16,1,0.5
27,8,0.2,64,16,0,0,0.5
27,8,0.2,128,16,2,0.125,0.375
27,8,0.2,256,16,6,0.375,0.125
27,8,0.2,512,16,12,0.75,0.25
27,16,0.025,64,16,0,0,0.5
27,16,0.025,128,16,10,0.625,0.125
27,16,0.025,256,16,16,1,0.5
27,16,0.025,512,16,16,1,0.5
27,16,0.05,64,16,0,0,0.5
27,16,0.05,128,16,7,0.4375,0.0625
27,16,0.05,256,16,16,1,0.5
27,16,0.05,512,16,16,1,0.5
27,16,0.1,64,16,0,0,0.5
27,16,0.1,128,16,1,0.0625,0.4375
27,16,0.1,256,16,13,0.8125,0.3125
27,16,0.1,512,16,16,1,0.5
27,16,0.2,64,16,0,0,0.5
27,16,0.2,128,16,2,0.125,0.375
27,16,0.2,256,16,2,0.125,0.375
27,16,0.2,512,16,9,0.5625,0.0625
27,32,0.025,64,16,0,0,0.5
27,32,0.025,128,16,4,0.25,0.25
27,32,0.025,256,16,16,1,0.5
27,32,0.025,512,16,16,1,0.5
27,32,0.05,64,16,0,0,0.5
27,32,0.05,128,16,2,0.125,0.375
27,32,0.05,256,16,15,0.9375,0.4375
27,32,0.05,512,16,16,1,0.5
27,32,0.1,64,16,0,0,0.5
27,32,0.1,128,16,0,0,0.5
27,32,0.1,256,16,10,0.625,0.125
27,32,0.1,512,16,16,1,0.5
27,32,0.2,64,16,0,0,0.5
27,32,0.2,128,16,0,0,0.5
27,32,0.2,256,16,0,0,0.5
27,32,0.2,512,16,5,0.3125,0.1875
28,8,0.025,64,16,0,0,0.5
28,8,0.025,128,16,8,0.5,0
28,8,0.025,256,16,15,0.9375,0.4375
28,8,0.025,512,16,16,1,0.5
28,8,0.05,64,16,3,0.1875,0.3125
28,8,0.05,128,16,10,0.625,0.125
28,8,0.05,256,16,16,1,0.5
28,8,0.05,512,16,16,1,0.5
28,8,0.1,64,16,3,0.1875,0.3125
28,8,0.1,128,16,11,0.6875,0.1875
28,8,0.1,256,16,15,0.9375,0.4375
28,8,0.1,512,16,16,1,0.5
28,8,0.2,64,16,0,0,0.5
28,8,0.2,128,16,0,0,0.5
28,8,0.2,256,16,2,0.125,0.375
28,8,0.2,512,16,10,0.625,0.125
28,16,0.025,64,16,0,0,0.5
28,16,0.025,128,16,10,0.625,0.125
28,16,0.025,256,16,16,1,0.5
28,16,0.025,512,16,16,1,0.5
28,16,0.05,64,16,1,0.0625,0.4375
28,16,0.05,128,16,8,0.5,0
28,16,0.05,256,16,16,1,0.5
28,16,0.05,512,16,16,1,0.5
28,16,0.1,64,16,0,0,0.5
28,16,0.1,128,16,5,0.3125,0.1875
28,16,0.1,256,16,14,0.875,0.375
28,16,0.1,512,16,16,1,0.5
28,16,0.2,64,16,0,0,0.5
28,16,0.2,128,16,0,0,0.5
28,16,0.2,256,16,1,0.0625,0.4375
28,16,0.2,512,16,8,0.5,0
28,32,0.025,64,16,0,0,0.5
28,32,0.025,128,16,2,0.125,0.375
28,32,0.025,256,16,15,0.9375,0.4375
28,32,0.025,512,16,16,1,0.5
28,32,0.05,64,16,0,0,0.5
28,32,0.05,128,16,0,0,0.5
28,32,0.05,256,16,15,0.9375,0.4375
28,32,0.05,512,16,16,1,0.5
28,32,0.1,64,16,0,0,0.5
28,32,0.1,128,16,0,0,0.5
28,32,0.1,256,16,6,0.375,0.125
28,32,0.1,512,16,16,1,0.5
28,32,0.2,64,16,0,0,0.5
28,32,0.2,128,16,0,0,0.5
28,32,0.2,256,16,0,0,0.5
28,32,0.2,512,16,4,0.25,0.25
29,8,0.025,64,16,1,0.0625,0.4375
29,8,0.025,128,16,6,0.375,0.125
29,8,0.025,256,16,14,0.875,0.375
29,8,0.025,512,16,16,1,0.5
29,8,0.05,64,16,4,0.25,0.25
29,8,0.05,128,16,10,0.625,0.125
29,8,0.05,256,16,16,1,0.5
29,8,0.05,512,16,16,1,0.5
29,8,0.1,64,16,1,0.0625,0.4375
29,8,0.1,128,16,8,0.5,0
29,8,0.1,256,16,15,0.9375,0.4375
29,8,0.1,512,16,15,0.9375,0.4375
29,8,0.2,64,16,0,0,0.5
29,8,0.2,128,16,0,0,0.5
29,8,0.2,256,16,3,0.1875,0.3125
29,8,0.2,512,16,7,0.4375,0.0625
29,16,0.025,64,16,1,0.0625,0.4375
29,16,0.025,128,16,6,0.375,0.125
29,16,0.025,256,16,15,0.9375,0.4375
29,16,0.025,512,16,16,1,0.5
29,16,0.05,64,16,0,0,0.5
29,16,0.05,128,16,11,0.6875,0.1875
29,16,0.05,256,16,16,1,0.5
29,16,0.05,512,16,16,1,0.5
29,16,0.1,64,16,1,0.0625,0.4375
29,16,0.1,128,16,2,0.125,0.375
29,16,0.1,256,16,15,0.9375,0.4375
29,16,0.1,512,16,16,1,0.5
29,16,0.2,64,16,1,0.0625,0.4375
29,16,0.2,128,16,1,0.0625,0.4375
29,16,0.2,256,16,3,0.1875,0.3125
29,16,0.2,512,16,8,0.5,0
29,32,0.025,64,16,0,0,0.5
29,32,0.025,128,16,2,0.125,0.375
29,32,0.025,256,16,13,0.8125,0.3125
29,32,0.025,512,16,16,1,0.5
29,32,0.05,64,16,0,0,0.5
29,32,0.05,128,16,0,0,0.5
29,32,0.05,256,16,14,0.875,0.375
29,32,0.05,512,16,16,1,0.5
29,32,0.1,64,16,0,0,0.5
29,32,0.1,128,16,1,0.0625,0.4375
29,32,0.1,256,16,5,0.3125,0.1875
29,32,0.1,512,16,16,1,0.5
29,32,0.2,64,16,0,0,0.5
29,32,0.2,128,16,0,0,0.5
29,32,0.2,256,16,0,0,0.5
29,32,0.2,512,16,2,0.125,0.375
30,8,0.025,64,16,0,0,0.5
30,8,0.025,128,16,8,0.5,0
30,8,0.025,256,16,14,0.875,0.375
30,8,0.025,512,16,16,1,0.5
30,8,0.05,64,16,1,0.0625,0.4375
30,8,0.05,128,16,7,0.4375,0.0625
30,8,0.05,256,16,15,0.9375,0.4375
30,8,0.05,512,16,16,1,0.5
30,8,0.1,64,16,1,0.0625,0.4375
30,8,0.1,128,16,9,0.5625,0.0625
30,8,0.1,256,16,16,1,0.5
30,8,0.1,512,16,16,1,0.5
30,8,0.2,64,16,0,0,0.5
30,8,0.2,128,16,0,0,0.5
30,8,0.2,256,16,4,0.25,0.25
30,8,0.2,512,16,8,0.5,0
30,16,0.025,64,16,1,0.0625,0.4375
30,16,0.025,128,16,8,0.5,0
30,16,0.025,256,16,15,0.9375,0.4375
30,16,0.025,512,16,16,1,0.5
30,16,0.05,64,16,0,0,0.5
30,16,0.05,128,16,10,0.625,0.125
30,16,0.05,256,16,16,1,0.5
30,16,0.05,512,16,16,1,0.5
30,16,0.1,64,16,0,0,0.5
30,16,0.1,128,16,8,0.5,0
30,16,0.1,256,16,15,0.9375,0.4375
30,16,0.1,512,16,16,1,0.5
30,16,0.2,64,16,0,0,0.5
30,16,0.2,128,16,1,0.0625,0.4375
30,16,0.2,256,16,5,0.3125,0.1875
30,16,0.2,512,16,8,0.5,0
30,32,0.025,64,16,0,0,0.5
30,32,0.025,128,16,6,0.375,0.125
30,32,0.025,256,16,16,1,0.5
30,32,0.025,512,16,16,1,0.5
30,32,0.05,64,16,0,0,0.5
30,32,0.05,128,16,1,0.0625,0.4375
30,32,0.05,256,16,15,0.9375,0.4375
30,32,0.05,512,16,16,1,0.5
30,32,0.1,64,16,0,0,0.5
30,32,0.1,128,16,0,0,0.5
30,32,0.1,256,16,9,0.5625,0.0625
30,32,0.1,512,16,16,1,0.5
30,32,0.2,64,16,0,0,0.5
30,32,0.2,128,16,0,0,0.5
30,32,0.2,256,16,1,0.0625,0.4375
30,32,0.2,512,16,3,0.1875,0.3125
31,8,0.025,64,16,1,0.0625,0.4375
31,8,0.025,128,16,10,0.625,0.125
31,8,0.025,256,16,13,0.8125,0.3125
31,8,0.025,512,16,16,1,0.5
31,8,0.05,64,16,3,0.1875,0.3125
31,8,0.05,128,16,14,0.875,0.375
31,8,0.05,256,16,16,1,0.5
31,8,0.05,512,16,16,1,0.5
31,8,0.1,64,16,0,0,0.5
31,8,0.1,128,16,8,0.5,0
31,8,0.1,256,16,16,1,0.5
31,8,0.1,512,16,16,1,0.5
31,8,0.2,64,16,0,0,0.5
31,8,0.2,128,16,0,0,0.5
31,8,0.2,256,16,4,0.25,0.25
31,8,0.2,512,16,12,0.75,0.25
31,16,0.025,64,16,0,0,0.5
31,16,0.025,128,16,10,0.625,0.125
31,16,0.025,256,16,15,0.9375,0.4375
31,16,0.025,512,16,16,1,0.5
31,16,0.05,64,16,0,0,0.5
31,16,0.05,128,16,8,0.5,0
31,16,0.05,256,16,16,1,0.5
31,16,0.05,512,16,16,1,0.5
31,16,0.1,64,16,0,0,0.5
31,16,0.1,128,16,5,0.3125,0.1875
31,16,0.1,256,16,14,0.875,0.375
31,16,0.1,512,16,16,1,0.5
31,16,0.2,64,16,0,0,0.5
31,16,0.2,128,16,0,0,0.5
31,16,0.2,256,16,2,0.125,0.375
31,16,0.2,512,16,6,0.375,0.125
31,32,0.025,64,16,0,0,0.5
31,32,0.025,128,16,1,0.0625,0.4375
31,32,0.025,256,16,16,1,0.5
31,32,0.025,512,16,16,1,0.5
31,32,0.05,64,16,0,0,0.5
31,32,0.05,128,16,0,0,0.5
31,32,0.05,256,16,14,0.875,0.375
31,32,0.05,512,16,16,1,0.5
31,32,0.1,64,16,0,0,0.5
31,32,0.1,128,16,0,0,0.5
31,32,0.1,256,16,10,0.625,0.125
31,32,0.1,512,16,16,1,0.5
31,32,0.2,64,16,0,0,0.5
31,32,0.2,128,16,0,0,0.5
31,32,0.2,256,16,0,0,0.5
31,32,0.2,512,16,7,0.4375,0.0625
32,8,0.025,64,16,0,0,0.5
32,8,0.025,128,16,3,0.1875,0.3125
32,8,0.025,256,16,12,0.75,0.25
32,8,0.025,512,16,16,1,0.5
32,8,0.05,64,16,2,0.125,0.375
32,8,0.05,128,16,9,0.5625,0.0625
32,8,0.05,256,16,16,1,0.5
32,8,0.05,512,16,16,1,0.5
32,8,0.1,64,16,2,0.125,0.375
32,8,0.1,128,16,6,0.375,0.125
32,8,0.1,256,16,14,0.875,0.375
32,8,0.1,512,16,16,1,0.5
32,8,0.2,64,16,1,0.0625,0.4375
32,8,0.2,128,16,1,0.0625,0.4375
32,8,0.2,256,16,5,0.3125,0.1875
32,8,0.2,512,16,9,0.5625,0.0625
32,16,0.025,64,16,0,0,0.5
32,16,0.025,128,16,7,0.4375,0.0625
32,16,0.025,256,16,14,0.875,0.375
32,16,0.025,512,16,16,1,0.5
32,16,0.05,64,16,1,0.0625,0.4375
32,16,0.05,128,16,4,0.25,0.25
32,16,0.05,256,16,15,0.9375,0.4375
32,16,0.05,512,16,16,1,0.5
32,16,0.1,64,16,0,0,0.5
32,16,0.1,128,16,4,0.25,0.25
32,16,0.1,256,16,14,0.875,0.375
32,16,0.1,512,16,16,1,0.5
32,16,0.2,64,16,0,0,0.5
32,16,0.2,128,16,0,0,0.5
32,16,0.2,256,16,1,0.0625,0.4375
32,16,0.2,512,16,3,0.1875,0.3125
32,32,0.025,64,16,0,0,0.5
32,32,0.025,128,16,2,0.125,0.375
32,32,0.025,256,16,15,0.9375,0.4375
32,32,0.025,512,16,16,1,0.5
32,32,0.05,64,16,0,0,0.5
32,32,0.05,128,16,2,0.125,0.375
32,32,0.05,256,16,14,0.875,0.375
32,32,0.05,512,16,16,1,0.5
32,32,0.1,64,16,0,0,0.5
32,32,0.1,128,16,0,0,0.5
32,32,0.1,256,16,5,0.3125,0.1875
32,32,0.1,512,16,16,1,0.5
32,32,0.2,64,16,0,0,0.5
32,32,0.2,128,16,0,0,0.5
32,32,0.2,256,16,0,0,0.5
32,32,0.2,512,16,2,0.125,0.375
33,8,0.025,64,16,0,0,0.5
33,8,0.025,128,16,4,0.25,0.25
33,8,0.025,256,16,15,0.9375,0.4375
33,8,0.025,512,16,16,1,0.5
33,8,0.05,64,16,0,0,0.5
33,8,0.05,128,16,12,0.75,0.25
33,8,0.05,256,16,16,1,0.5
33,8,0.05,512,16,16,1,0.5
33,8,0.1,64,16,0,0,0.5
33,8,0.1,128,16,6,0.375,0.125
33,8,0.1,256,16,16,1,0.5
33,8,0.1,512,16,16,1,0.5
33,8,0.2,64,16,0,0,0.5
33,8,0.2,128,16,0,0,0.5
33,8,0.2,256,16,3,0.1875,0.3125
33,8,0.2,512,16,13,0.8125,0.3125
33,16,0.025,64,16,0,0,0.5
33,16,0.025,128,16,5,0.3125,0.1875
33,16,0.025,256,16,15,0.9375,0.4375
33,16,0.025,512,16,16,1,0.5
33,16,0.05,64,16,0,0,0.5
33,16,0.05,128,16,4,0.25,0.25
33,16,0.05,256,16,14,0.875,0.375
33,16,0.05,512,16,16,1,0.5
33,16,0.1,64,16,0,0,0.5
33,16,0.1,128,16,3,0.1875,0.3125
33,16,0.1,256,16,13,0.8125,0.3125
33,16,0.1,512,16,16,1,0.5
33,16,0.2,64,16,0,0,0.5
33,16,0.2,128,16,0,0,0.5
33,16,0.2,256,16,1,0.0625,0.4375
33,16,0.2,512,16,8,0.5,0
33,32,0.025,64,16,0,0,0.5
33,32,0.025,128,16,0,0,0.5
33,32,0.025,256,16,12,0.75,0.25
33,32,0.025,512,16,16,1,0.5
33,32,0.05,64,16,0,0,0.5
33,32,0.05,128,16,1,0.0625,0.4375
33,32,0.05,256,16,14,0.875,0.375
33,32,0.05,512,16,16,1,0.5
33,32,0.1,64,16,0,0,0.5
33,32,0.1,128,16,0,0,0.5
33,32,0.1,256,16,5,0.3125,0.1875
33,32,0.1,512,16,16,1,0.5
33,32,0.2,64,16,0,0,0.5
33,32,0.2,128,16,0,0,0.5
33,32,0.2,256,16,0,0,0.5
33,32,0.2,512,16,3,0.1875,0.3125
34,8,0.025,64,16,0,0,0.5
34,8,0.025,128,16,10,0.625,0.125
34,8,0.025,256,16,16,1,0.5
34,8,0.025,512,16,16,1,0.5
34,8,0.05,64,16,1,0.0625,0.4375
34,8,0.05,128,16,12,0.75,0.25
34,8,0.05,256,16,16,1,0.5
34,8,0.05,512,16,16,1,0.5
34,8,0.1,64,16,0,0,0.5
34,8,0.1,128,16,8,0.5,0
34,8,0.1,256,16,14,0.875,0.375
34,8,0.1,512,16,16,1,0.5
34,8,0.2,64,16,0,0,0.5
34,8,0.2,128,16,1,0.0625,0.4375
34,8,0.2,256,16,3,0.1875,0.3125
34,8,0.2,512,16,8,0.5,0
34,16,0.025,64,16,0,0,0.5
34,16,0.025,128,16,6,0.375,0.125
34,16,0.025,256,16,13,0.8125,0.3125
34,16,0.025,512,16,16,1,0.5
34,16,0.05,64,16,0,0,0.5
34,16,0.05,128,16,11,0.6875,0.1875
34,16,0.05,256,16,16,1,0.5
34,16,0.05,512,16,16,1,0.5
34,16,0.1,64,16,0,0,0.5
34,16,0.1,128,16,3,0.1875,0.3125
34,16,0.1,256,16,16,1,0.5
34,16,0.1,512,16,16,1,0.5
34,16,0.2,64,16,0,0,0.5
34,16,0.2,128,16,1,0.0625,0.4375
34,16,0.2,256,16,3,0.1875,0.3125
34,16,0.2,512,16,8,0.5,0
34,32,0.025,64,16,0,0,0.5
34,32,0.025,128,16,1,0.0625,0.4375
34,32,0.025,256,16,16,1,0.5
34,32,0.025,512,16,16,1,0.5
34,32,0.05,64,16,0,0,0.5
34,32,0.05,128,16,3,0.1875,0.3125
34,32,0.05,256,16,16,1,0.5
34,32,0.05,512,16,16,1,0.5
34,32,0.1,64,16,0,0,0.5
34,32,0.1,128,16,0,0,0.5
34,32,0.1,256,16,7,0.4375,0.0625
34,32,0.1,512,16,16,1,0.5
34,32,0.2,64,16,0,0,0.5
34,32,0.2,128,16,0,0,0.5
34,32,0.2,256,16,1,0.0625,0.4375
34,32,0.2,512,16,3,0.1875,0.3125
35,8,0.025,64,16,0,0,0.5
35,8,0.025,128,16,5,0.3125,0.1875
35,8,0.025,256,16,14,0.875,0.375
35,8,0.025,512,16,16,1,0.5
35,8,0.05,64,16,2,0.125,0.375
35,8,0.05,128,16,9,0.5625,0.0625
35,8,0.05,256,16,16,1,0.5
35,8,0.05,512,16,16,1,0.5
35,8,0.1,64,16,0,0,0.5
35,8,0.1,128,16,5,0.3125,0.1875
35,8,0.1,256,16,15,0.9375,0.4375
35,8,0.1,512,16,16,1,0.5
35,8,0.2,64,16,0,0,0.5
35,8,0.2,128,16,1,0.0625,0.4375
35,8,0.2,256,16,2,0.125,0.375
35,8,0.2,512,16,7,0.4375,0.0625
35,16,0.025,64,16,0,0,0.5
35,16,0.025,128,16,5,0.3125,0.1875
35,16,0.025,256,16,14,0.875,0.375
35,16,0.025,512,16,16,1,0.5
35,16,0.05,64,16,1,0.0625,0.4375
35,16,0.05,128,16,8,0.5,0
35,16,0.05,256,16,16,1,0.5
35,16,0.05,512,16,16,1,0.5
35,16,0.1,64,16,0,0,0.5
35,16,0.1,128,16,1,0.0625,0.4375
35,16,0.1,256,16,15,0.9375,0.4375
35,16,0.1,512,16,16,1,0.5
35,16,0.2,64,16,0,0,0.5
35,16,0.2,128,16,0,0,0.5
35,16,0.2,256,16,2,0.125,0.375
35,16,0.2,512,16,8,0.5,0
35,32,0.025,64,16,0,0,0.5
35,32,0.025,128,16,1,0.0625,0.4375
35,32,0.025,256,16,16,1,0.5
35,32,0.025,512,16,16,1,0.5
35,32,0.05,64,16,0,0,0.5
35,32,0.05,128,16,1,0.0625,0.4375
35,32,0.05,256,16,15,0.9375,0.4375
35,32,0.05,512,16,16,1,0.5
35,32,0.1,64,16,0,0,0.5
35,32,0.1,128,16,0,0,0.5
35,32,0.1,256,16,13,0.8125,0.3125
35,32,0.1,512,16,16,1,0.5
35,32,0.2,64,16,0,0,0.5
35,32,0.2,128,16,0,0,0.5
35,32,0.2,256,16,1,0.0625,0.4375
35,32,0.2,512,16,6,0.375,0.125
36,8,0.025,64,16,1,0.0625,0.4375
36,8,0.025,128,16,7,0.4375,0.0625
36,8,0.025,256,16,13,0.8125,0.3125
36,8,0.025,512,16,16,1,0.5
36,8,0.05,64,16,0,0,0.5
36,8,0.05,128,16,12,0.75,0.25
36,8,0.05,256,16,16,1,0.5
36,8,0.05,512,16,16,1,0.5
36,8,0.1,64,16,0,0,0.5
36,8,0.1,128,16,6,0.375,0.125
36,8,0.1,256,16,16,1,0.5
36,8,0.1,512,16,16,1,0.5
36,8,0.2,64,16,0,0,0.5
36,8,0.2,128,16,0,0,0.5
36,8,0.2,256,16,1,0.0625,0.4375
36,8,0.2,512,16,8,0.5,0
36,16,0.025,64,16,0,0,0.5
36,16,0.025,128,16,8,0.5,0
36,16,0.025,256,16,15,0.9375,0.4375
36,16,0.025,512,16,16,1,0.5
36,16,0.05,64,16,1,0.0625,0.4375
36,16,0.05,128,16,9,0.5625,0.0625
36,16,0.05,256,16,15,0.9375,0.4375
36,16,0.05,512,16,16,1,0.5
36,16,0.1,64,16,0,0,0.5
36,16,0.1,128,16,5,0.3125,0.1875
36,16,0.1,256,16,16,1,0.5
36,16,0.1,512,16,16,1,0.5
36,16,0.2,64,16,1,0.0625,0.4375
36,16,0.2,128,16,1,0.0625,0.4375
36,16,0.2,256,16,2,0.125,0.375
36,16,0.2,512,16,7,0.4375,0.0625
36,32,0.025,64,16,0,0,0.5
36,32,0.025,128,16,4,0.25,0.25
36,32,0.025,256,16,15,0.9375,0.4375
36,32,0.025,512,16,16,1,0.5
36,32,0.05,64,16,0,0,0.5
36,32,0.05,128,16,3,0.1875,0.3125
36,32,0.05,256,16,16,1,0.5
36,32,0.05,512,16,16,1,0.5
36,32,0.1,64,16,0,0,0.5
36,32,0.1,128,16,0,0,0.5
36,32,0.1,256,16,7,0.4375,0.0625
36,32,0.1,512,16,16,1,0.5
36,32,0.2,64,16,0,0,0.5
36,32,0.2,128,16,0,0,0.5
36,32,0.2,256,16,0,0,0.5
36,32,0.2,512,16,3,0.1875,0.3125
37,8,0.025,64,16,0,0,0.5
37,8,0.025,128,16,7,0.4375,0.0625
37,8,0.025,256,16,15,0.9375,0.4375
37,8,0.025,512,16,16,1,0.5
37,8,0.05,64,16,1,0.0625,0.4375
37,8,0.05,128,16,10,0.625,0.125
37,8,0.05,256,16,15,0.9375,0.4375
37,8,0.05,512,16,16,1,0.5
37,8,0.1,64,16,2,0.125,0.375
37,8,0.1,128,16,8,0.5,0
37,8,0.1,256,16,15,0.9375,0.4375
37,8,0.1,512,16,16,1,0.5
37,8,0.2,64,16,0,0,0.5
37,8,0.2,128,16,0,0,0.5
37,8,0.2,256,16,3,0.1875,0.3125
37,8,0.2,512,16,12,0.75,0.25
37,16,0.025,64,16,0,0,0.5
37,16,0.025,128,16,13,0.8125,0.3125
37,16,0.025,256,16,16,1,0.5
37,16,0.025,512,16,16,1,0.5
37,16,0.05,64,16,0,0,0.5
37,16,0.05,128,16,6,0.375,0.125
37,16,0.05,256,16,16,1,0.5
37,16,0.05,512,16,16,1,0.5
37,16,0.1,64,16,0,0,0.5
37,16,0.1,128,16,4,0.25,0.25
37,16,0.1,256,16,16,1,0.5
37,16,0.1,512,16,16,1,0.5
37,16,0.2,64,16,0,0,0.5
37,16,0.2,128,16,1,0.0625,0.4375
37,16,0.2,256,16,3,0.1875,0.3125
37,16,0.2,512,16,12,0.75,0.25
37,32,0.025,64,16,0,0,0.5
37,32,0.025,128,16,2,0.125,0.375
37,32,0.025,256,16,14,0.875,0.375
37,32,0.025,512,16,16,1,0.5
37,32,0.05,64,16,0,0,0.5
37,32,0.05,128,16,1,0.0625,0.4375
37,32,0.05,256,16,13,0.8125,0.3125
37,32,0.05,512,16,16,1,0.5
37,32,0.1,64,16,0,0,0.5
37,32,0.1,128,16,1,0.0625,0.4375
37,32,0.1,256,16,5,0.3125,0.1875
37,32,0.1,512,16,16,1,0.5
37,32,0.2,64,16,0,0,0.5
37,32,0.2,128,16,0,0,0.5
37,32,0.2,256,16,1,0.0625,0.4375
37,32,0.2,512,16,5,0.3125,0.1875
38,8,0.025,64,16,1,0.0625,0.4375
38,8,0.025,128,16,7,0.4375,0.0625
38,8,0.025,256,16,15,0.9375,0.4375
38,8,0.025,512,16,16,1,0.5
38,8,0.05,64,16,1,0.0625,0.4375
38,8,0.05,128,16,13,0.8125,0.3125
38,8,0.05,256,16,16,1,0.5
38,8,0.05,512,16,16,1,0.5
38,8,0.1,64,16,0,0,0.5
38,8,0.1,128,16,3,0.1875,0.3125
38,8,0.1,256,16,16,1,0.5
38,8,0.1,512,16,16,1,0.5
38,8,0.2,64,16,0,0,0.5
38,8,0.2,128,16,1,0.0625,0.4375
38,8,0.2,256,16,2,0.125,0.375
38,8,0.2,512,16,8,0.5,0
38,16,0.025,64,16,0,0,0.5
38,16,0.025,128,16,6,0.375,0.125
38,16,0.025,256,16,15,0.9375,0.4375
38,16,0.025,512,16,16,1,0.5
38,16,0.05,64,16,0,0,0.5
38,16,0.05,128,16,6,0.375,0.125
38,16,0.05,256,16,15,0.9375,0.4375
38,16,0.05,512,16,16,1,0.5
38,16,0.1,64,16,0,0,0.5
38,16,0.1,128,16,1,0.0625,0.4375
38,16,0.1,256,16,15,0.9375,0.4375
38,16,0.1,512,16,16,1,0.5
38,16,0.2,64,16,0,0,0.5
38,16,0.2,128,16,1,0.0625,0.4375
38,16,0.2,256,16,2,0.125,0.375
38,16,0.2,512,16,7,0.4375,0.0625
38,32,0.025,64,16,0,0,0.5
38,32,0.025,128,16,2,0.125,0.375
38,32,0.025,256,16,15,0.9375,0.4375
38,32,0.025,512,16,16,1,0.5
38,32,0.05,64,16,0,0,0.5
38,32,0.05,128,16,0,0,0.5
38,32,0.05,256,16,15,0.9375,0.4375
38,32,0.05,512,16,16,1,0.5
38,32,0.1,64,16,0,0,0.5
38,32,0.1,128,16,1,0.0625,0.4375
38,32,0.1,256,16,8,0.5,0
38,32,0.1,512,16,16,1,0.5
38,32,0.2,64,16,0,0,0.5
38,32,0.2,128,16,1,0.0625,0.4375
38,32,0.2,256,16,3,0.1875,0.3125
38,32,0.2,512,16,7,0.4375,0.0625
39,8,0.025,64,16,0,0,0.5
39,8,0.025,128,16,10,0.625,0.125
39,8,0.025,256,16,14,0.875,0.375
39,8,0.025,512,16,16,1,0.5
39,8,0.05,64,16,0,0,0.5
39,8,0.05,128,16,12,0.75,0.25
39,8,0.05,256,16,15,0.9375,0.4375
39,8,0.05,512,16,16,1,0.5
39,8,0.1,64,16,0,0,0.5
39,8,0.1,128,16,7,0.4375,0.0625
39,8,0.1,256,16,15,0.9375,0.4375
39,8,0.1,512,16,16,1,0.5
39,8,0.2,64,16,0,0,0.5
39,8,0.2,128,16,0,0,0.5
39,8,0.2,256,16,1,0.0625,0.4375
39,8,0.2,512,16,8,0.5,0
39,16,0.025,64,16,0,0,0.5
39,16,0.025,128,16,8,0.5,0
39,16,0.025,256,16,16,1,0.5
39,16,0.025,512,16,16,1,0.5
39,16,0.05,64,16,0,0,0.5
39,16,0.05,128,16,4,0.25,0.25
39,16,0.05,256,16,16,1,0.5
39,16,0.05,512,16,16,1,0.5
39,16,0.1,64,16,0,0,0.5
39,16,0.1,128,16,1,0.0625,0.4375
39,16,0.1,256,16,16,1,0.5
39,16,0.1,512,16,16,1,0.5
39,16,0.2,64,16,0,0,0.5
39,16,0.2,128,16,0,0,0.5
39,16,0.2,256,16,3,0.1875,0.3125
39,16,0.2,512,16,7,0.4375,0.0625
39,32,0.025,64,16,0,0,0.5
39,32,0.025,128,16,1,0.0625,0.4375
39,32,0.025,256,16,14,0.875,0.375
39,32,0.025,512,16,16,1,0.5
39,32,0.05,64,16,0,0,0.5
39,32,0.05,128,16,2,0.125,0.375
39,32,0.05,256,16,16,1,0.5
39,32,0.05,512,16,16,1,0.5
39,32,0.1,64,16,0,0,0.5
39,32,0.1,128,16,0,0,0.5
39,32,0.1,256,16,5,0.3125,0.1875
39,32,0.1,512,16,16,1,0.5
39,32,0.2,64,16,0,0,0.5
39,32,0.2,128,16,0,0,0.5
39,32,0.2,256,16,0,0,0.5
39,32,0.2,512,16,7,0.4375,0.0625
