sample_index,score_j0,score_j1,score_j2,score_j3,score_j4,score_j5,score_j6,score_j7,score_j8,score_j9,score_j10,M_s,optimizer_count,optimizer_cutoff_list,empirical_optimum_accuracy,T_s,D_s,W_s,q50_in_optimizer_set,population_best_empirical_rank
0,177,191,198,205,199,196,201,199,194,186,189,205,1,0.42,0.683333333333333,0,,0,False,6
1,182,194,200,211,214,216,211,205,203,198,194,216,1,0.50,0.720000000000000,0,,0,True,1
2,150,169,182,192,194,206,217,212,210,203,198,217,1,0.54,0.723333333333333,0,,0,False,4
3,172,184,193,199,199,202,197,203,200,198,190,203,1,0.58,0.676666666666667,0,,0,False,2
4,181,194,195,205,208,202,195,193,187,180,172,208,1,0.46,0.693333333333333,0,,0,False,3
5,166,173,174,179,181,183,188,197,197,196,193,197,2,0.58|0.62,0.656666666666667,1,0.011405842384096,1,False,6
6,180,193,196,205,203,203,207,204,189,180,175,207,1,0.54,0.690000000000000,0,,0,False,4
7,181,186,193,200,199,207,205,203,193,188,185,207,1,0.50,0.690000000000000,0,,0,True,1
8,181,188,199,199,195,191,193,186,183,175,164,199,2,0.38|0.42,0.663333333333333,1,0.016004481459465,1,False,5
9,173,176,186,195,191,191,191,182,177,170,167,195,1,0.42,0.650000000000000,0,,0,False,2
10,179,185,196,196,199,204,199,203,195,189,185,204,1,0.50,0.680000000000000,0,,0,True,1
11,176,178,181,194,194,190,190,195,194,178,174,195,1,0.58,0.650000000000000,0,,0,False,5
12,154,173,186,199,205,203,201,201,202,201,197,205,1,0.46,0.683333333333333,0,,0,False,2
13,200,206,205,198,201,198,195,190,188,184,177,206,1,0.34,0.686666666666667,0,,0,False,5
14,162,175,189,195,195,201,200,194,189,187,181,201,1,0.50,0.670000000000000,0,,0,True,1
15,177,182,195,201,211,206,191,182,186,179,168,211,1,0.46,0.703333333333333,0,,0,False,2
16,172,173,177,183,186,187,189,193,198,190,182,198,1,0.62,0.660000000000000,0,,0,False,5
17,167,174,182,185,183,190,199,197,186,184,178,199,1,0.54,0.663333333333333,0,,0,False,3
18,179,192,192,200,205,212,208,206,211,200,193,212,1,0.50,0.706666666666667,0,,0,True,1
19,177,184,188,186,189,193,193,191,189,189,178,193,2,0.50|0.54,0.643333333333333,1,0.002600530798838,1,True,1
20,171,186,192,201,204,210,202,197,190,190,185,210,1,0.50,0.700000000000000,0,,0,True,1
21,177,180,180,189,191,190,193,190,194,184,179,194,1,0.62,0.646666666666667,0,,0,False,4
22,184,199,205,215,218,217,217,217,211,204,196,218,1,0.46,0.726666666666667,0,,0,False,2
23,187,201,208,204,205,200,204,200,203,198,192,208,1,0.38,0.693333333333333,0,,0,False,7
24,177,183,188,194,199,206,210,210,206,195,191,210,2,0.54|0.58,0.700000000000000,1,0.007330977365326,1,False,3
25,184,187,194,198,203,202,200,205,193,190,185,205,1,0.58,0.683333333333333,0,,0,False,3
26,186,191,195,194,197,198,195,190,190,187,182,198,1,0.50,0.660000000000000,0,,0,True,1
27,183,188,197,193,195,194,192,190,189,184,179,197,1,0.38,0.656666666666667,0,,0,False,3
28,178,188,193,199,190,191,193,196,187,180,175,199,1,0.42,0.663333333333333,0,,0,False,5
29,173,182,187,199,200,196,190,180,177,177,174,200,1,0.46,0.666666666666667,0,,0,False,3
30,183,192,197,204,208,199,192,186,184,184,187,208,1,0.46,0.693333333333333,0,,0,False,3
31,180,186,181,192,199,198,194,197,192,189,184,199,1,0.46,0.663333333333333,0,,0,False,2
32,165,173,186,192,195,200,193,187,186,189,186,200,1,0.50,0.666666666666667,0,,0,True,1
33,178,185,187,189,196,194,195,199,202,196,192,202,1,0.62,0.673333333333333,0,,0,False,6
34,184,196,201,207,210,213,212,206,202,200,197,213,1,0.50,0.710000000000000,0,,0,True,1
35,172,188,191,199,210,207,204,203,194,189,186,210,1,0.46,0.700000000000000,0,,0,False,2
36,165,179,183,193,200,200,195,197,189,189,182,200,2,0.46|0.50,0.666666666666667,1,0.002855406431313,1,True,1
37,170,175,188,195,199,199,198,197,195,190,188,199,2,0.46|0.50,0.663333333333333,1,0.002855406431313,1,True,1
38,162,173,181,181,187,187,189,188,187,182,182,189,1,0.54,0.630000000000000,0,,0,False,3
39,185,193,204,206,208,202,194,191,184,184,183,208,1,0.46,0.693333333333333,0,,0,False,4
40,187,185,199,205,207,202,199,198,199,194,184,207,1,0.46,0.690000000000000,0,,0,False,3
41,173,182,189,197,207,202,202,203,205,200,185,207,1,0.46,0.690000000000000,0,,0,False,4
42,185,194,204,207,208,204,194,193,189,184,179,208,1,0.46,0.693333333333333,0,,0,False,3
43,170,177,185,199,199,193,200,193,188,183,185,200,1,0.54,0.666666666666667,0,,0,False,4
44,176,199,209,213,212,210,212,208,199,187,179,213,1,0.42,0.710000000000000,0,,0,False,4
45,175,184,184,187,186,185,191,194,188,183,179,194,1,0.58,0.646666666666667,0,,0,False,6
46,170,180,184,197,198,206,198,199,197,196,190,206,1,0.50,0.686666666666667,0,,0,True,1
47,164,176,181,187,187,195,190,187,188,184,178,195,1,0.50,0.650000000000000,0,,0,True,1
48,182,183,193,194,191,187,182,177,176,174,173,194,1,0.42,0.646666666666667,0,,0,False,4
49,180,180,194,200,208,211,219,217,207,198,184,219,1,0.54,0.730000000000000,0,,0,False,3
50,177,183,189,196,195,197,196,192,198,196,187,198,1,0.62,0.660000000000000,0,,0,False,2
51,185,196,200,200,205,198,195,187,176,176,164,205,1,0.46,0.683333333333333,0,,0,False,4
52,173,186,188,187,185,186,187,181,181,181,182,188,1,0.38,0.626666666666667,0,,0,False,4
53,166,176,180,191,200,202,199,191,196,194,192,202,1,0.50,0.673333333333333,0,,0,True,1
54,178,190,194,197,201,200,194,192,188,184,184,201,1,0.46,0.670000000000000,0,,0,False,2
55,166,172,167,176,183,182,184,178,175,179,174,184,1,0.54,0.613333333333333,0,,0,False,3
56,179,190,192,203,200,206,210,206,204,201,188,210,1,0.54,0.700000000000000,0,,0,False,2
57,181,188,189,186,189,190,190,183,181,175,177,190,2,0.50|0.54,0.633333333333333,1,0.002600530798838,1,True,1
58,179,181,190,185,190,190,185,184,180,175,167,190,3,0.38|0.46|0.50,0.633333333333333,1,0.027955903533312,1,True,1
59,177,192,196,200,208,212,208,203,199,188,189,212,1,0.50,0.706666666666667,0,,0,True,1
60,177,185,191,187,192,188,184,184,185,179,172,192,1,0.46,0.640000000000000,0,,0,False,3
61,178,195,192,194,195,206,198,194,194,191,192,206,1,0.50,0.686666666666667,0,,0,True,1
62,188,195,201,205,210,209,204,204,202,192,193,210,1,0.46,0.700000000000000,0,,0,False,2
63,165,175,180,192,196,196,206,195,194,193,189,206,1,0.54,0.686666666666667,0,,0,False,2
64,185,186,195,199,201,203,205,195,195,187,174,205,1,0.54,0.683333333333333,0,,0,False,2
65,178,181,188,189,190,190,185,185,182,179,178,190,2,0.46|0.50,0.633333333333333,1,0.002855406431313,1,True,1
66,180,182,189,196,199,205,207,200,199,188,182,207,1,0.54,0.690000000000000,0,,0,False,2
67,211,208,213,204,201,198,192,190,181,175,167,213,1,0.38,0.710000000000000,0,,0,False,6
68,175,186,190,194,194,195,191,184,182,177,167,195,1,0.50,0.650000000000000,0,,0,True,1
69,183,186,186,191,188,179,181,185,179,174,165,191,1,0.42,0.636666666666667,0,,0,False,8
70,167,168,176,183,180,192,194,194,191,187,181,194,2,0.54|0.58,0.646666666666667,1,0.007330977365326,1,False,3
71,194,191,195,190,195,198,203,192,189,184,175,203,1,0.54,0.676666666666667,0,,0,False,2
72,187,191,189,189,195,203,202,199,198,178,176,203,1,0.50,0.676666666666667,0,,0,True,1
73,176,185,197,201,199,198,196,194,183,176,175,201,1,0.42,0.670000000000000,0,,0,False,3
74,174,181,195,195,197,197,190,191,186,181,178,197,2,0.46|0.50,0.656666666666667,1,0.002855406431313,1,True,1
75,188,196,209,211,213,208,204,197,190,180,172,213,1,0.46,0.710000000000000,0,,0,False,4
76,170,176,190,190,195,198,200,194,195,191,183,200,1,0.54,0.666666666666667,0,,0,False,2
77,185,194,209,210,216,214,208,197,195,186,180,216,1,0.46,0.720000000000000,0,,0,False,2
78,182,188,193,190,195,195,197,191,188,181,170,197,1,0.54,0.656666666666667,0,,0,False,2
79,171,182,185,190,193,203,198,197,191,187,179,203,1,0.50,0.676666666666667,0,,0,True,1
80,172,181,189,192,196,193,194,198,195,190,183,198,1,0.58,0.660000000000000,0,,0,False,5
81,178,185,192,194,193,203,204,202,202,203,199,204,1,0.54,0.680000000000000,0,,0,False,2
82,185,198,206,205,205,210,209,207,195,190,184,210,1,0.50,0.700000000000000,0,,0,True,1
83,187,195,196,196,202,200,195,193,183,176,175,202,1,0.46,0.673333333333333,0,,0,False,2
84,179,187,198,203,202,199,191,190,188,187,174,203,1,0.42,0.676666666666667,0,,0,False,3
85,172,179,185,186,193,197,197,205,191,187,180,205,1,0.58,0.683333333333333,0,,0,False,2
86,175,186,193,197,203,206,207,203,200,189,188,207,1,0.54,0.690000000000000,0,,0,False,2
87,170,178,179,188,190,183,190,193,194,188,177,194,1,0.62,0.646666666666667,0,,0,False,7
88,168,178,191,196,201,203,202,199,195,189,182,203,1,0.50,0.676666666666667,0,,0,True,1
89,179,183,185,188,188,189,184,175,177,169,162,189,1,0.50,0.630000000000000,0,,0,True,1
90,186,199,204,207,207,199,203,203,199,195,187,207,2,0.42|0.46,0.690000000000000,1,0.009096015642535,1,False,6
91,172,182,194,197,195,190,193,195,195,188,181,197,1,0.42,0.656666666666667,0,,0,False,7
92,180,179,175,180,182,182,175,176,170,167,164,182,2,0.46|0.50,0.606666666666667,1,0.002855406431313,1,True,1
93,180,183,188,199,195,190,189,184,185,181,183,199,1,0.42,0.663333333333333,0,,0,False,3
94,196,202,210,210,204,209,199,194,191,193,186,210,2,0.38|0.42,0.700000000000000,1,0.016004481459465,1,False,3
95,169,176,181,192,190,186,193,193,193,184,178,193,3,0.54|0.58|0.62,0.643333333333333,1,0.018736819749422,1,False,6
96,163,170,178,183,190,193,201,201,204,204,190,204,2,0.62|0.66,0.680000000000000,1,0.014871489612724,1,False,5
97,175,194,199,203,208,209,208,209,198,189,180,209,2,0.50|0.58,0.696666666666667,1,0.009931508164164,1,True,1
98,175,190,196,198,199,202,199,190,187,186,181,202,1,0.50,0.673333333333333,0,,0,True,1
99,188,189,200,202,206,207,204,205,198,186,176,207,1,0.50,0.690000000000000,0,,0,True,1
100,179,176,178,181,178,169,171,169,168,162,156,181,1,0.42,0.603333333333333,0,,0,False,7
101,189,193,192,202,204,203,204,188,183,173,167,204,2,0.46|0.54,0.680000000000000,1,0.000254875632474,0,False,3
102,179,188,190,188,194,196,200,189,186,184,175,200,1,0.54,0.666666666666667,0,,0,False,2
103,182,199,202,208,203,204,211,207,201,195,185,211,1,0.54,0.703333333333333,0,,0,False,4
104,184,185,200,207,207,206,209,205,190,183,175,209,1,0.54,0.696666666666667,0,,0,False,4
105,161,174,184,186,196,203,205,203,200,198,193,205,1,0.54,0.683333333333333,0,,0,False,2
106,172,183,193,199,201,197,200,201,203,200,194,203,1,0.62,0.676666666666667,0,,0,False,7
107,175,179,188,195,200,200,199,198,195,193,185,200,2,0.46|0.50,0.666666666666667,1,0.002855406431313,1,True,1
108,189,199,203,208,210,204,200,193,185,184,182,210,1,0.46,0.700000000000000,0,,0,False,3
109,168,180,180,183,194,196,196,196,195,192,191,196,3,0.50|0.54|0.58,0.653333333333333,1,0.009931508164164,1,True,1
110,176,183,194,194,192,192,177,177,182,170,166,194,2,0.38|0.42,0.646666666666667,1,0.016004481459465,1,False,3
111,181,181,191,195,199,198,199,199,195,184,179,199,3,0.46|0.54|0.58,0.663333333333333,1,0.007330977365326,1,False,4
112,184,187,189,207,207,213,210,203,193,184,175,213,1,0.50,0.710000000000000,0,,0,True,1
113,179,193,191,198,203,212,209,208,201,196,189,212,1,0.50,0.706666666666667,0,,0,True,1
114,178,185,194,198,199,196,189,190,186,179,175,199,1,0.46,0.663333333333333,0,,0,False,3
115,172,182,198,203,211,210,205,206,204,196,190,211,1,0.46,0.703333333333333,0,,0,False,2
116,170,171,176,183,185,190,194,191,188,192,184,194,1,0.54,0.646666666666667,0,,0,False,4
117,163,177,185,191,193,191,191,187,183,178,177,193,1,0.46,0.643333333333333,0,,0,False,2
118,181,199,200,215,213,214,216,217,207,201,189,217,1,0.58,0.723333333333333,0,,0,False,4
119,165,171,172,179,187,192,192,195,191,192,186,195,1,0.58,0.650000000000000,0,,0,False,2
120,196,202,201,201,206,209,204,195,190,187,182,209,1,0.50,0.696666666666667,0,,0,True,1
121,183,184,182,189,185,188,188,192,183,182,179,192,1,0.58,0.640000000000000,0,,0,False,3
122,173,180,185,186,189,194,193,183,176,171,162,194,1,0.50,0.646666666666667,0,,0,True,1
123,176,183,189,199,196,198,199,194,184,185,182,199,2,0.42|0.54,0.663333333333333,1,0.009350891275009,1,False,3
124,165,171,183,193,198,199,199,196,198,195,196,199,2,0.50|0.54,0.663333333333333,1,0.002600530798838,1,True,1
125,170,184,188,194,193,196,196,194,190,183,180,196,2,0.50|0.54,0.653333333333333,1,0.002600530798838,1,True,1
126,183,186,190,194,206,205,210,203,198,196,185,210,1,0.54,0.700000000000000,0,,0,False,3
127,166,177,182,191,205,206,209,199,196,195,192,209,1,0.54,0.696666666666667,0,,0,False,2
128,174,183,190,197,201,196,187,189,195,188,180,201,1,0.46,0.670000000000000,0,,0,False,3
129,158,169,170,178,187,196,193,196,195,197,188,197,1,0.66,0.656666666666667,0,,0,False,2
130,182,191,197,201,198,200,200,199,195,193,187,201,1,0.42,0.670000000000000,0,,0,False,2
131,180,186,191,195,191,191,190,191,187,178,177,195,1,0.42,0.650000000000000,0,,0,False,2
132,194,202,202,195,196,191,184,180,169,167,164,202,2,0.34|0.38,0.673333333333333,1,0.022805824377803,1,False,6
133,171,174,193,199,205,198,195,192,191,188,183,205,1,0.46,0.683333333333333,0,,0,False,3
134,171,190,198,204,202,199,196,195,197,194,192,204,1,0.42,0.680000000000000,0,,0,False,3
135,172,179,185,194,196,202,205,206,205,199,194,206,1,0.58,0.686666666666667,0,,0,False,4
136,168,175,192,199,206,207,199,195,194,187,180,207,1,0.50,0.690000000000000,0,,0,True,1
137,171,176,179,190,190,193,195,190,188,182,183,195,1,0.54,0.650000000000000,0,,0,False,2
138,166,175,191,200,207,212,213,205,207,201,193,213,1,0.54,0.710000000000000,0,,0,False,2
139,175,179,181,191,194,192,192,189,188,179,175,194,1,0.46,0.646666666666667,0,,0,False,2
140,175,176,187,192,198,198,197,190,195,184,178,198,2,0.46|0.50,0.660000000000000,1,0.002855406431313,1,True,1
141,173,175,186,194,192,195,194,188,181,179,184,195,1,0.50,0.650000000000000,0,,0,True,1
142,168,179,182,181,185,188,192,191,185,177,170,192,1,0.54,0.640000000000000,0,,0,False,3
143,173,172,176,181,189,197,197,189,190,187,177,197,2,0.50|0.54,0.656666666666667,1,0.002600530798838,1,True,1
144,179,193,197,199,201,200,195,189,186,180,181,201,1,0.46,0.670000000000000,0,,0,False,2
145,179,187,192,195,200,198,196,195,190,188,183,200,1,0.46,0.666666666666667,0,,0,False,2
146,181,185,187,192,184,184,183,180,180,174,171,192,1,0.42,0.640000000000000,0,,0,False,4
147,167,182,193,195,199,204,205,205,199,191,189,205,2,0.54|0.58,0.683333333333333,1,0.007330977365326,1,False,3
148,170,180,186,195,198,202,209,208,206,205,200,209,1,0.54,0.696666666666667,0,,0,False,5
149,163,166,168,179,185,192,195,204,201,198,196,204,1,0.58,0.680000000000000,0,,0,False,6
150,185,188,199,191,188,191,196,197,197,198,194,199,1,0.38,0.663333333333333,0,,0,False,7
151,168,181,183,186,191,189,194,187,183,178,171,194,1,0.54,0.646666666666667,0,,0,False,3
152,169,178,177,180,176,177,183,184,176,175,175,184,1,0.58,0.613333333333333,0,,0,False,5
153,168,175,179,186,191,187,192,191,183,178,175,192,1,0.54,0.640000000000000,0,,0,False,4
154,162,164,181,195,198,200,201,197,193,186,185,201,1,0.54,0.670000000000000,0,,0,False,2
155,169,176,187,194,201,198,202,204,196,192,192,204,1,0.58,0.680000000000000,0,,0,False,4
156,176,190,194,212,215,211,212,210,205,200,194,215,1,0.46,0.716666666666667,0,,0,False,4
157,190,200,197,203,196,195,189,192,191,183,174,203,1,0.42,0.676666666666667,0,,0,False,5
158,171,184,185,193,193,197,195,193,186,178,176,197,1,0.50,0.656666666666667,0,,0,True,1
159,178,185,183,200,195,195,200,188,188,189,188,200,2,0.42|0.54,0.666666666666667,1,0.009350891275009,1,False,3
160,183,189,198,206,207,199,195,197,191,187,179,207,1,0.46,0.690000000000000,0,,0,False,3
161,174,184,200,213,214,213,210,210,207,203,197,214,1,0.46,0.713333333333333,0,,0,False,2
162,161,173,179,189,204,199,196,193,188,184,176,204,1,0.46,0.680000000000000,0,,0,False,2
163,175,182,188,196,194,190,198,202,202,200,190,202,2,0.58|0.62,0.673333333333333,1,0.011405842384096,1,False,7
164,175,182,196,193,195,196,203,205,197,189,178,205,1,0.58,0.683333333333333,0,,0,False,4
165,182,188,193,195,196,188,183,182,178,168,159,196,1,0.46,0.653333333333333,0,,0,False,4
166,177,181,190,197,200,201,195,194,186,179,178,201,1,0.50,0.670000000000000,0,,0,True,1
167,174,181,187,193,195,191,190,189,191,182,173,195,1,0.46,0.650000000000000,0,,0,False,3
168,188,193,198,189,191,197,188,182,168,157,151,198,1,0.38,0.660000000000000,0,,0,False,2
169,169,183,180,188,188,191,195,199,200,197,189,200,1,0.62,0.666666666666667,0,,0,False,5
170,172,180,184,189,199,200,199,199,198,199,196,200,1,0.50,0.666666666666667,0,,0,True,1
171,180,191,197,204,207,206,200,191,191,190,181,207,1,0.46,0.690000000000000,0,,0,False,2
172,162,175,191,198,196,188,194,192,191,191,186,198,1,0.42,0.660000000000000,0,,0,False,8
173,159,168,191,188,193,197,199,205,200,192,184,205,1,0.58,0.683333333333333,0,,0,False,4
174,182,180,188,192,197,203,203,197,190,182,176,203,2,0.50|0.54,0.676666666666667,1,0.002600530798838,1,True,1
175,163,172,182,182,188,192,194,185,189,188,186,194,1,0.54,0.646666666666667,0,,0,False,2
176,183,193,200,207,209,210,205,206,200,186,174,210,1,0.50,0.700000000000000,0,,0,True,1
177,178,186,199,202,201,209,213,214,207,200,188,214,1,0.58,0.713333333333333,0,,0,False,3
178,182,195,196,201,203,204,201,201,196,185,179,204,1,0.50,0.680000000000000,0,,0,True,1
179,185,187,188,190,192,196,192,189,184,175,170,196,1,0.50,0.653333333333333,0,,0,True,1
180,168,170,189,200,201,205,204,207,198,188,178,207,1,0.58,0.690000000000000,0,,0,False,2
181,173,181,190,186,198,197,190,185,185,180,176,198,1,0.46,0.660000000000000,0,,0,False,2
182,186,191,197,202,205,206,202,203,200,200,185,206,1,0.50,0.686666666666667,0,,0,True,1
183,162,173,174,187,187,190,194,192,191,183,174,194,1,0.54,0.646666666666667,0,,0,False,4
184,179,180,190,184,190,185,181,182,176,169,169,190,2,0.38|0.46,0.633333333333333,1,0.025100497102000,1,False,3
185,160,178,187,189,197,198,201,198,195,192,192,201,1,0.54,0.670000000000000,0,,0,False,2
186,166,166,181,185,187,192,196,192,190,190,184,196,1,0.54,0.653333333333333,0,,0,False,2
187,166,170,177,177,175,177,183,186,180,182,176,186,1,0.58,0.620000000000000,0,,0,False,5
188,169,181,192,206,209,218,216,218,216,211,206,218,2,0.50|0.58,0.726666666666667,1,0.009931508164164,1,True,1
189,177,185,188,191,193,197,198,196,203,198,198,203,1,0.62,0.676666666666667,0,,0,False,5
190,176,187,196,199,197,196,188,186,184,183,176,199,1,0.42,0.663333333333333,0,,0,False,3
191,175,183,190,191,198,199,192,184,183,179,172,199,1,0.50,0.663333333333333,0,,0,True,1
192,173,189,194,200,204,203,202,199,189,183,184,204,1,0.46,0.680000000000000,0,,0,False,2
193,174,187,188,187,183,180,183,184,181,178,172,188,1,0.38,0.626666666666667,0,,0,False,8
194,177,189,184,175,180,187,189,188,185,183,182,189,2,0.34|0.54,0.630000000000000,1,0.048161197112277,1,False,4
195,173,177,182,192,188,186,189,185,179,180,176,192,1,0.42,0.640000000000000,0,,0,False,4
196,176,185,193,203,201,200,196,196,200,196,192,203,1,0.42,0.676666666666667,0,,0,False,3
197,164,171,178,179,190,200,200,198,189,188,184,200,2,0.50|0.54,0.666666666666667,1,0.002600530798838,1,True,1
198,168,171,164,171,173,181,187,190,181,180,175,190,1,0.58,0.633333333333333,0,,0,False,3
199,165,178,184,194,200,202,206,203,196,190,182,206,1,0.54,0.686666666666667,0,,0,False,3
200,175,187,196,198,200,202,196,189,182,183,175,202,1,0.50,0.673333333333333,0,,0,True,1
201,174,180,190,191,201,195,195,192,192,185,179,201,1,0.46,0.670000000000000,0,,0,False,2
202,169,180,185,191,199,198,203,197,194,191,188,203,1,0.54,0.676666666666667,0,,0,False,3
203,177,183,190,197,196,190,182,182,174,162,160,197,1,0.42,0.656666666666667,0,,0,False,3
204,190,197,205,202,199,198,189,183,179,177,171,205,1,0.38,0.683333333333333,0,,0,False,4
205,181,187,191,193,189,193,190,191,194,187,182,194,1,0.62,0.646666666666667,0,,0,False,2
206,171,176,185,190,194,202,203,203,192,196,187,203,2,0.54|0.58,0.676666666666667,1,0.007330977365326,1,False,3
207,163,164,171,183,192,189,184,186,184,183,187,192,1,0.46,0.640000000000000,0,,0,False,2
208,176,187,185,183,182,183,185,174,166,164,163,187,1,0.34,0.623333333333333,0,,0,False,4
209,171,183,193,194,199,194,194,193,191,184,178,199,1,0.46,0.663333333333333,0,,0,False,2
210,166,175,184,195,194,197,196,195,189,187,178,197,1,0.50,0.656666666666667,0,,0,True,1
211,174,184,193,196,195,198,197,197,192,184,181,198,1,0.50,0.660000000000000,0,,0,True,1
212,171,171,182,188,191,195,194,203,191,188,184,203,1,0.58,0.676666666666667,0,,0,False,2
213,175,179,188,193,199,200,202,197,195,190,179,202,1,0.54,0.673333333333333,0,,0,False,2
214,172,180,197,200,194,189,194,200,194,193,189,200,2,0.42|0.58,0.666666666666667,1,0.002019913909683,1,False,8
215,178,183,186,192,192,193,197,193,186,183,174,197,1,0.54,0.656666666666667,0,,0,False,2
216,184,189,194,212,218,206,198,194,189,186,181,218,1,0.46,0.726666666666667,0,,0,False,3
217,175,177,192,196,193,194,194,188,181,182,181,196,1,0.42,0.653333333333333,0,,0,False,2
218,174,188,199,201,211,204,204,205,194,192,188,211,1,0.46,0.703333333333333,0,,0,False,3
219,172,179,183,191,204,206,202,208,205,195,190,208,1,0.58,0.693333333333333,0,,0,False,2
220,184,188,192,202,207,203,202,199,197,193,189,207,1,0.46,0.690000000000000,0,,0,False,2
221,179,187,202,208,215,223,222,215,208,196,183,223,1,0.50,0.743333333333333,0,,0,True,1
222,181,186,192,192,193,198,197,197,190,185,183,198,1,0.50,0.660000000000000,0,,0,True,1
223,162,173,183,191,192,198,198,196,201,199,194,201,1,0.62,0.670000000000000,0,,0,False,3
224,180,188,193,196,195,186,180,181,170,163,155,196,1,0.42,0.653333333333333,0,,0,False,5
225,182,192,203,205,209,212,212,207,194,192,188,212,2,0.50|0.54,0.706666666666667,1,0.002600530798838,1,True,1
226,171,187,193,193,198,206,204,209,208,195,185,209,1,0.58,0.696666666666667,0,,0,False,3
227,192,193,197,204,207,206,198,196,186,183,181,207,1,0.46,0.690000000000000,0,,0,False,2
228,173,180,187,196,195,191,186,188,188,182,172,196,1,0.42,0.653333333333333,0,,0,False,3
229,178,190,202,196,202,198,206,198,195,187,178,206,1,0.54,0.686666666666667,0,,0,False,4
230,183,188,204,205,203,200,195,191,188,184,184,205,1,0.42,0.683333333333333,0,,0,False,4
231,161,185,189,192,199,201,201,201,195,195,187,201,3,0.50|0.54|0.58,0.670000000000000,1,0.009931508164164,1,True,1
232,176,187,190,201,204,209,204,203,201,188,180,209,1,0.50,0.696666666666667,0,,0,True,1
233,177,184,192,190,190,194,189,186,186,185,176,194,1,0.50,0.646666666666667,0,,0,True,1
234,169,176,188,195,201,202,199,196,194,192,189,202,1,0.50,0.673333333333333,0,,0,True,1
235,184,196,208,215,213,211,212,214,203,196,187,215,1,0.42,0.716666666666667,0,,0,False,5
236,183,191,196,207,208,209,203,202,198,186,188,209,1,0.50,0.696666666666667,0,,0,True,1
237,174,189,195,197,202,208,211,200,195,192,187,211,1,0.54,0.703333333333333,0,,0,False,2
238,178,191,194,202,199,196,190,191,189,185,182,202,1,0.42,0.673333333333333,0,,0,False,3
239,168,174,180,187,202,194,191,188,185,183,180,202,1,0.46,0.673333333333333,0,,0,False,2
240,158,165,172,180,181,183,187,188,190,189,185,190,1,0.62,0.633333333333333,0,,0,False,6
241,177,185,200,203,205,211,210,197,193,187,184,211,1,0.50,0.703333333333333,0,,0,True,1
242,180,195,203,209,211,213,208,203,200,187,185,213,1,0.50,0.710000000000000,0,,0,True,1
243,172,176,184,183,180,182,185,188,187,187,182,188,1,0.58,0.626666666666667,0,,0,False,7
244,161,172,182,199,202,205,214,213,208,208,199,214,1,0.54,0.713333333333333,0,,0,False,5
245,156,169,186,196,200,209,204,208,206,197,198,209,1,0.50,0.696666666666667,0,,0,True,1
246,182,186,186,192,193,200,207,202,203,194,187,207,1,0.54,0.690000000000000,0,,0,False,4
247,178,183,186,197,203,201,206,199,196,195,192,206,1,0.54,0.686666666666667,0,,0,False,3
248,190,196,200,200,195,192,196,196,183,178,170,200,2,0.38|0.42,0.666666666666667,1,0.016004481459465,1,False,7
249,169,182,189,193,200,205,203,201,196,190,190,205,1,0.50,0.683333333333333,0,,0,True,1
250,182,192,196,202,199,199,193,193,194,185,180,202,1,0.42,0.673333333333333,0,,0,False,2
251,181,187,193,204,203,198,195,190,189,179,175,204,1,0.42,0.680000000000000,0,,0,False,3
252,178,184,182,179,183,178,177,185,193,196,193,196,1,0.66,0.653333333333333,0,,0,False,9
253,179,189,195,203,201,203,195,189,189,182,173,203,2,0.42|0.50,0.676666666666667,1,0.011951422073847,1,True,1
254,170,182,187,192,202,196,202,200,191,187,178,202,2,0.46|0.54,0.673333333333333,1,0.000254875632474,0,False,4
255,173,173,178,182,186,183,180,182,180,177,170,186,1,0.46,0.620000000000000,0,,0,False,2
256,164,176,186,194,201,200,198,204,198,198,195,204,1,0.58,0.680000000000000,0,,0,False,3
257,171,179,187,189,193,195,191,192,190,184,182,195,1,0.50,0.650000000000000,0,,0,True,1
258,169,182,182,188,193,202,201,198,196,185,180,202,1,0.50,0.673333333333333,0,,0,True,1
259,177,177,188,198,197,197,195,187,188,179,177,198,1,0.42,0.660000000000000,0,,0,False,2
260,178,187,193,193,189,190,193,188,183,182,178,193,3,0.38|0.42|0.54,0.643333333333333,1,0.025355372734474,1,False,4
261,200,198,207,210,209,204,204,206,203,196,182,210,1,0.42,0.700000000000000,0,,0,False,5
262,174,185,187,198,203,207,205,205,206,203,201,207,1,0.50,0.690000000000000,0,,0,True,1
263,173,187,204,208,214,215,201,202,205,204,200,215,1,0.50,0.716666666666667,0,,0,True,1
264,168,188,188,200,203,206,207,202,202,200,194,207,1,0.54,0.690000000000000,0,,0,False,2
265,180,186,189,195,195,193,190,184,178,173,165,195,2,0.42|0.46,0.650000000000000,1,0.009096015642535,1,False,3
266,180,183,200,196,200,207,204,190,190,186,180,207,1,0.50,0.690000000000000,0,,0,True,1
267,178,190,195,193,205,208,205,206,204,201,188,208,1,0.50,0.693333333333333,0,,0,True,1
268,171,181,194,200,203,200,205,199,192,191,184,205,1,0.54,0.683333333333333,0,,0,False,3
269,163,174,181,180,181,189,182,183,184,189,184,189,2,0.50|0.66,0.630000000000000,1,0.036208840160985,1,True,1
270,157,164,176,186,195,199,197,197,198,194,202,202,1,0.70,0.673333333333333,0,,0,False,2
271,180,187,197,188,196,195,193,184,183,178,168,197,1,0.38,0.656666666666667,0,,0,False,3
272,175,184,197,202,203,198,195,203,202,192,186,203,2,0.46|0.58,0.676666666666667,1,0.007076101732852,1,False,5
273,180,182,178,170,174,173,180,184,181,180,175,184,1,0.58,0.613333333333333,0,,0,False,10
274,167,165,175,184,185,181,188,188,188,179,180,188,3,0.54|0.58|0.62,0.626666666666667,1,0.018736819749422,1,False,6
275,185,200,205,199,191,188,182,178,175,172,167,205,1,0.38,0.683333333333333,0,,0,False,5
276,179,187,201,198,199,200,202,200,191,182,176,202,1,0.54,0.673333333333333,0,,0,False,3
277,162,171,185,191,196,203,197,196,191,189,183,203,1,0.50,0.676666666666667,0,,0,True,1
278,181,188,194,193,195,201,198,203,196,191,192,203,1,0.58,0.676666666666667,0,,0,False,2
279,176,187,197,204,204,203,198,196,196,193,189,204,2,0.42|0.46,0.680000000000000,1,0.009096015642535,1,False,3
280,167,170,180,186,195,200,201,195,196,185,183,201,1,0.54,0.670000000000000,0,,0,False,2
281,182,191,206,202,203,199,199,194,196,192,185,206,1,0.38,0.686666666666667,0,,0,False,4
282,178,186,183,191,191,178,183,183,179,177,171,191,2,0.42|0.46,0.636666666666667,1,0.009096015642535,1,False,8
283,179,187,189,200,199,209,203,202,196,190,178,209,1,0.50,0.696666666666667,0,,0,True,1
284,170,173,186,193,198,190,188,193,191,185,179,198,1,0.46,0.660000000000000,0,,0,False,5
285,182,184,189,200,195,184,189,189,179,179,176,200,1,0.42,0.666666666666667,0,,0,False,6
286,169,182,188,181,191,193,200,202,200,206,196,206,1,0.66,0.686666666666667,0,,0,False,6
287,182,181,187,188,196,198,196,189,189,181,175,198,1,0.50,0.660000000000000,0,,0,True,1
288,170,175,182,190,189,196,196,192,198,193,191,198,1,0.62,0.660000000000000,0,,0,False,2
289,172,186,189,193,199,204,205,205,198,191,188,205,2,0.54|0.58,0.683333333333333,1,0.007330977365326,1,False,3
290,160,170,182,185,194,195,189,188,190,188,186,195,1,0.50,0.650000000000000,0,,0,True,1
291,160,176,187,194,200,201,200,198,197,200,197,201,1,0.50,0.670000000000000,0,,0,True,1
292,169,183,194,195,195,194,192,195,194,180,181,195,3,0.42|0.46|0.58,0.650000000000000,1,0.009096015642535,1,False,4
293,179,183,189,195,203,201,198,196,185,181,174,203,1,0.46,0.676666666666667,0,,0,False,2
294,176,182,192,191,190,198,200,196,187,174,170,200,1,0.54,0.666666666666667,0,,0,False,2
295,174,186,194,193,193,192,191,196,194,189,189,196,1,0.58,0.653333333333333,0,,0,False,6
296,182,188,191,190,189,196,193,195,186,184,184,196,1,0.50,0.653333333333333,0,,0,True,1
297,182,185,188,195,192,194,190,194,195,193,188,195,2,0.42|0.62,0.650000000000000,1,0.009385928474413,1,False,3
298,165,176,183,186,185,184,185,185,183,183,186,186,2,0.42|0.70,0.620000000000000,1,0.042003562178495,1,False,6
299,173,192,206,210,206,199,202,184,185,183,174,210,1,0.42,0.700000000000000,0,,0,False,5
300,176,180,181,185,183,180,181,183,179,177,171,185,1,0.42,0.616666666666667,0,,0,False,6
301,182,191,185,192,188,191,186,173,173,177,175,192,1,0.42,0.640000000000000,0,,0,False,2
302,196,202,205,204,198,197,196,191,183,182,175,205,1,0.38,0.683333333333333,0,,0,False,5
303,176,184,191,198,190,191,195,201,190,190,182,201,1,0.58,0.670000000000000,0,,0,False,4
304,177,191,200,210,208,205,199,199,199,194,191,210,1,0.42,0.700000000000000,0,,0,False,3
305,177,183,187,185,192,195,205,203,194,188,186,205,1,0.54,0.683333333333333,0,,0,False,3
306,151,163,170,176,178,189,190,192,196,193,192,196,1,0.62,0.653333333333333,0,,0,False,6
307,165,178,186,195,200,206,206,200,200,196,190,206,2,0.50|0.54,0.686666666666667,1,0.002600530798838,1,True,1
308,177,178,182,191,189,189,191,187,187,187,174,191,2,0.42|0.54,0.636666666666667,1,0.009350891275009,1,False,3
309,183,188,191,194,198,203,207,201,194,187,180,207,1,0.54,0.690000000000000,0,,0,False,2
310,169,175,179,187,192,193,191,188,186,183,174,193,1,0.50,0.643333333333333,0,,0,True,1
311,190,191,197,205,209,211,208,200,192,182,177,211,1,0.50,0.703333333333333,0,,0,True,1
312,163,176,188,194,196,193,200,201,192,194,185,201,1,0.58,0.670000000000000,0,,0,False,6
313,173,172,181,182,188,186,182,180,175,173,168,188,1,0.46,0.626666666666667,0,,0,False,2
314,180,189,195,189,194,198,197,200,194,185,179,200,1,0.58,0.666666666666667,0,,0,False,2
315,162,173,185,183,190,188,190,188,193,191,189,193,1,0.62,0.643333333333333,0,,0,False,6
316,173,177,175,184,183,196,195,190,189,182,170,196,1,0.50,0.653333333333333,0,,0,True,1
317,187,198,203,206,204,203,193,187,178,175,172,206,1,0.42,0.686666666666667,0,,0,False,3
318,184,199,206,211,214,217,218,210,202,200,188,218,1,0.54,0.726666666666667,0,,0,False,2
319,168,184,184,188,193,190,190,190,189,188,186,193,1,0.46,0.643333333333333,0,,0,False,2
320,187,189,197,197,201,196,195,194,188,182,177,201,1,0.46,0.670000000000000,0,,0,False,4
321,168,174,187,187,183,187,183,184,182,173,172,187,3,0.38|0.42|0.50,0.623333333333333,1,0.027955903533312,1,True,1
322,166,177,183,187,191,195,192,193,204,198,196,204,1,0.62,0.680000000000000,0,,0,False,4
323,170,180,189,197,203,207,199,200,191,186,177,207,1,0.50,0.690000000000000,0,,0,True,1
324,172,179,190,208,206,207,206,205,201,201,195,208,1,0.42,0.693333333333333,0,,0,False,2
325,168,174,183,190,198,200,201,201,199,194,196,201,2,0.54|0.58,0.670000000000000,1,0.007330977365326,1,False,3
326,172,184,195,200,204,206,200,197,193,185,186,206,1,0.50,0.686666666666667,0,,0,True,1
327,177,186,194,193,197,190,189,186,186,185,178,197,1,0.46,0.656666666666667,0,,0,False,4
328,183,196,197,197,206,205,209,203,191,175,168,209,1,0.54,0.696666666666667,0,,0,False,3
329,165,175,190,196,200,205,201,204,189,192,186,205,1,0.50,0.683333333333333,0,,0,True,1
330,181,186,192,197,202,210,204,194,188,181,175,210,1,0.50,0.700000000000000,0,,0,True,1
331,178,191,195,197,201,196,196,189,191,187,182,201,1,0.46,0.670000000000000,0,,0,False,3
332,177,178,185,184,194,194,186,189,186,180,179,194,2,0.46|0.50,0.646666666666667,1,0.002855406431313,1,True,1
333,174,186,187,191,199,203,201,199,192,191,194,203,1,0.50,0.676666666666667,0,,0,True,1
334,165,176,189,195,201,204,201,199,193,188,178,204,1,0.50,0.680000000000000,0,,0,True,1
335,175,194,203,201,206,206,200,193,184,181,176,206,2,0.46|0.50,0.686666666666667,1,0.002855406431313,1,True,1
336,168,168,178,186,195,199,201,196,196,194,188,201,1,0.54,0.670000000000000,0,,0,False,2
337,181,184,188,196,190,190,187,182,181,180,173,196,1,0.42,0.653333333333333,0,,0,False,2
338,156,162,172,185,196,197,198,192,192,181,185,198,1,0.54,0.660000000000000,0,,0,False,2
339,156,167,180,194,198,195,198,201,193,187,188,201,1,0.58,0.670000000000000,0,,0,False,4
340,186,184,191,197,192,191,199,200,186,178,167,200,1,0.58,0.666666666666667,0,,0,False,5
341,177,182,193,192,194,194,195,193,187,179,174,195,1,0.54,0.650000000000000,0,,0,False,2
342,159,166,171,174,176,184,186,181,188,186,192,192,1,0.70,0.640000000000000,0,,0,False,5
343,172,183,187,188,194,189,188,191,188,181,175,194,1,0.46,0.646666666666667,0,,0,False,3
344,175,186,200,202,200,196,186,185,180,185,176,202,1,0.42,0.673333333333333,0,,0,False,4
345,175,179,182,192,194,198,197,197,200,198,192,200,1,0.62,0.666666666666667,0,,0,False,2
346,180,193,201,211,203,201,202,202,202,196,191,211,1,0.42,0.703333333333333,0,,0,False,6
347,188,184,183,192,195,193,195,188,191,187,182,195,2,0.46|0.54,0.650000000000000,1,0.000254875632474,0,False,3
348,184,195,197,195,198,189,187,180,178,174,172,198,1,0.46,0.660000000000000,0,,0,False,5
349,168,161,180,194,195,202,197,188,186,184,182,202,1,0.50,0.673333333333333,0,,0,True,1
350,173,182,189,189,191,192,187,187,184,178,171,192,1,0.50,0.640000000000000,0,,0,True,1
351,183,187,202,209,211,203,202,192,196,186,181,211,1,0.46,0.703333333333333,0,,0,False,3
352,168,178,186,188,188,185,183,181,186,186,182,188,2,0.42|0.46,0.626666666666667,1,0.009096015642535,1,False,6
353,181,192,193,199,206,210,201,200,190,184,181,210,1,0.50,0.700000000000000,0,,0,True,1
354,189,195,193,202,207,207,200,194,195,188,182,207,2,0.46|0.50,0.690000000000000,1,0.002855406431313,1,True,1
355,188,195,202,204,199,194,190,188,183,176,164,204,1,0.42,0.680000000000000,0,,0,False,5
356,176,182,191,198,198,195,197,192,190,180,178,198,2,0.42|0.46,0.660000000000000,1,0.009096015642535,1,False,4
357,169,175,182,193,204,208,204,204,198,192,191,208,1,0.50,0.693333333333333,0,,0,True,1
358,182,190,192,192,191,192,190,191,186,183,177,192,3,0.38|0.42|0.50,0.640000000000000,1,0.027955903533312,1,True,1
359,179,188,197,201,198,206,206,207,202,199,189,207,1,0.58,0.690000000000000,0,,0,False,2
360,152,164,173,186,192,195,191,195,190,185,185,195,2,0.50|0.58,0.650000000000000,1,0.009931508164164,1,True,1
361,171,176,184,195,199,196,193,196,193,193,185,199,1,0.46,0.663333333333333,0,,0,False,2
362,170,180,190,187,192,189,199,190,190,194,192,199,1,0.54,0.663333333333333,0,,0,False,8
363,182,189,200,203,191,189,185,188,177,168,167,203,1,0.42,0.676666666666667,0,,0,False,4
364,173,185,184,187,192,202,205,201,196,198,190,205,1,0.54,0.683333333333333,0,,0,False,2
365,177,177,190,192,184,179,186,183,179,175,170,192,1,0.42,0.640000000000000,0,,0,False,6
366,192,195,198,203,204,200,197,181,180,176,174,204,1,0.46,0.680000000000000,0,,0,False,3
367,168,178,186,184,194,198,195,195,182,181,182,198,1,0.50,0.660000000000000,0,,0,True,1
368,168,185,202,208,201,207,206,198,196,185,184,208,1,0.42,0.693333333333333,0,,0,False,2
369,163,166,170,175,174,178,181,183,188,192,189,192,1,0.66,0.640000000000000,0,,0,False,6
370,182,183,187,189,195,188,190,192,182,173,166,195,1,0.46,0.650000000000000,0,,0,False,5
371,159,169,186,193,199,204,200,197,193,191,186,204,1,0.50,0.680000000000000,0,,0,True,1
372,171,181,189,195,195,197,198,200,196,188,184,200,1,0.58,0.666666666666667,0,,0,False,3
373,157,162,177,187,193,199,191,192,191,183,177,199,1,0.50,0.663333333333333,0,,0,True,1
374,179,185,192,191,190,188,188,183,177,172,169,192,1,0.38,0.640000000000000,0,,0,False,4
375,168,170,178,185,186,190,192,198,190,179,179,198,1,0.58,0.660000000000000,0,,0,False,3
376,185,194,197,199,200,209,205,198,194,190,180,209,1,0.50,0.696666666666667,0,,0,True,1
377,176,178,179,192,199,194,190,184,187,183,170,199,1,0.46,0.663333333333333,0,,0,False,2
378,191,194,194,195,191,191,195,189,189,181,178,195,2,0.42|0.54,0.650000000000000,1,0.009350891275009,1,False,5
379,174,187,190,193,199,201,206,206,200,193,190,206,2,0.54|0.58,0.686666666666667,1,0.007330977365326,1,False,3
380,169,179,185,185,191,191,196,197,195,190,183,197,1,0.58,0.656666666666667,0,,0,False,4
381,188,194,195,199,194,193,187,185,189,179,179,199,1,0.42,0.663333333333333,0,,0,False,5
382,167,185,193,201,198,202,206,199,187,191,186,206,1,0.54,0.686666666666667,0,,0,False,2
383,157,168,178,186,194,199,202,201,196,194,192,202,1,0.54,0.673333333333333,0,,0,False,3
384,181,194,202,204,200,202,197,192,191,189,180,204,1,0.42,0.680000000000000,0,,0,False,2
385,189,193,203,202,201,206,207,200,193,184,177,207,1,0.54,0.690000000000000,0,,0,False,2
386,161,173,186,187,195,186,180,178,180,182,179,195,1,0.46,0.650000000000000,0,,0,False,3
387,183,187,193,198,194,188,189,194,182,176,171,198,1,0.42,0.660000000000000,0,,0,False,6
388,171,179,186,196,197,200,204,201,193,193,191,204,1,0.54,0.680000000000000,0,,0,False,3
389,175,184,188,192,195,196,194,189,189,181,180,196,1,0.50,0.653333333333333,0,,0,True,1
390,176,182,191,203,205,202,198,198,197,188,185,205,1,0.46,0.683333333333333,0,,0,False,3
391,153,161,165,178,185,184,186,190,186,180,177,190,1,0.58,0.633333333333333,0,,0,False,5
392,175,178,188,192,198,198,194,189,185,179,180,198,2,0.46|0.50,0.660000000000000,1,0.002855406431313,1,True,1
393,185,194,205,209,206,207,202,203,196,185,186,209,1,0.42,0.696666666666667,0,,0,False,2
394,153,165,176,187,192,197,199,208,204,196,192,208,1,0.58,0.693333333333333,0,,0,False,4
395,175,188,190,197,194,197,201,199,198,193,190,201,1,0.54,0.670000000000000,0,,0,False,4
396,168,178,183,189,192,194,195,189,191,188,184,195,1,0.54,0.650000000000000,0,,0,False,2
397,179,193,196,205,201,201,194,200,197,194,190,205,1,0.42,0.683333333333333,0,,0,False,2
398,165,179,189,196,192,195,193,192,192,188,183,196,1,0.42,0.653333333333333,0,,0,False,2
399,171,176,181,191,200,209,198,191,197,188,180,209,1,0.50,0.696666666666667,0,,0,True,1
400,157,167,178,187,203,199,198,200,197,188,183,203,1,0.46,0.676666666666667,0,,0,False,3
401,181,192,195,200,201,200,207,200,192,191,183,207,1,0.54,0.690000000000000,0,,0,False,3
402,169,182,199,207,201,208,217,211,209,203,196,217,1,0.54,0.723333333333333,0,,0,False,4
403,168,189,192,198,205,211,206,206,204,203,194,211,1,0.50,0.703333333333333,0,,0,True,1
404,194,197,194,189,193,183,187,188,190,185,176,197,1,0.34,0.656666666666667,0,,0,False,10
405,156,160,178,188,197,204,213,218,212,209,204,218,1,0.58,0.726666666666667,0,,0,False,5
406,164,166,176,180,192,191,197,195,190,189,193,197,1,0.54,0.656666666666667,0,,0,False,5
407,185,194,200,206,213,208,209,203,203,198,189,213,1,0.46,0.710000000000000,0,,0,False,3
408,178,181,192,196,195,195,193,192,194,182,172,196,1,0.42,0.653333333333333,0,,0,False,2
409,171,177,183,185,186,184,185,187,190,189,184,190,1,0.62,0.633333333333333,0,,0,False,7
410,172,173,187,196,197,194,202,201,204,194,187,204,1,0.62,0.680000000000000,0,,0,False,6
411,178,189,195,195,195,199,195,194,194,192,190,199,1,0.50,0.663333333333333,0,,0,True,1
412,178,186,197,201,199,207,203,205,198,191,193,207,1,0.50,0.690000000000000,0,,0,True,1
413,167,175,183,187,191,189,186,184,182,183,175,191,1,0.46,0.636666666666667,0,,0,False,2
414,165,168,172,182,190,198,194,195,191,190,179,198,1,0.50,0.660000000000000,0,,0,True,1
415,172,177,189,198,209,208,204,204,203,197,196,209,1,0.46,0.696666666666667,0,,0,False,2
416,178,188,199,198,199,189,187,185,180,176,173,199,2,0.38|0.46,0.663333333333333,1,0.025100497102000,1,False,4
417,171,182,189,196,192,187,195,196,192,186,181,196,2,0.42|0.58,0.653333333333333,1,0.002019913909683,1,False,7
418,173,184,194,194,200,194,196,194,191,188,183,200,1,0.46,0.666666666666667,0,,0,False,3
419,161,171,178,186,195,196,190,193,196,191,186,196,2,0.50|0.62,0.653333333333333,1,0.021337350548261,1,True,1
420,166,175,184,196,201,202,209,214,209,205,204,214,1,0.58,0.713333333333333,0,,0,False,6
421,179,187,193,202,201,200,192,201,200,191,187,202,1,0.42,0.673333333333333,0,,0,False,4
422,162,168,172,175,188,196,198,193,191,189,186,198,1,0.54,0.660000000000000,0,,0,False,2
423,173,186,187,198,201,199,206,202,193,188,180,206,1,0.54,0.686666666666667,0,,0,False,4
424,178,189,197,193,198,197,193,196,193,185,186,198,1,0.46,0.660000000000000,0,,0,False,2
425,191,195,195,202,208,210,203,197,186,181,170,210,1,0.50,0.700000000000000,0,,0,True,1
426,167,177,175,189,198,199,197,200,201,199,198,201,1,0.62,0.670000000000000,0,,0,False,3
427,170,175,182,183,189,194,199,192,189,184,185,199,1,0.54,0.663333333333333,0,,0,False,2
428,187,189,199,204,203,206,203,198,198,195,196,206,1,0.50,0.686666666666667,0,,0,True,1
429,169,180,182,190,194,198,196,193,186,183,180,198,1,0.50,0.660000000000000,0,,0,True,1
430,164,174,177,188,186,190,185,193,193,190,189,193,2,0.58|0.62,0.643333333333333,1,0.011405842384096,1,False,3
431,179,182,194,197,198,194,193,196,195,185,180,198,1,0.46,0.660000000000000,0,,0,False,5
432,166,169,177,182,180,186,183,184,188,181,173,188,1,0.62,0.626666666666667,0,,0,False,2
433,164,171,182,187,189,190,196,195,195,186,188,196,1,0.54,0.653333333333333,0,,0,False,4
434,172,183,191,198,201,194,186,182,182,185,181,201,1,0.46,0.670000000000000,0,,0,False,3
435,177,188,192,195,204,202,202,202,194,191,185,204,1,0.46,0.680000000000000,0,,0,False,2
436,172,183,178,184,191,204,204,207,203,195,183,207,1,0.58,0.690000000000000,0,,0,False,2
437,187,191,200,203,202,195,198,195,190,180,173,203,1,0.42,0.676666666666667,0,,0,False,5
438,189,204,208,210,209,202,204,201,193,194,187,210,1,0.42,0.700000000000000,0,,0,False,6
439,170,178,187,194,199,196,195,193,183,188,180,199,1,0.46,0.663333333333333,0,,0,False,2
440,157,164,176,188,192,194,190,186,183,181,186,194,1,0.50,0.646666666666667,0,,0,True,1
441,174,176,187,200,206,212,208,205,191,185,180,212,1,0.50,0.706666666666667,0,,0,True,1
442,168,176,188,201,201,209,208,206,200,197,188,209,1,0.50,0.696666666666667,0,,0,True,1
443,164,173,180,187,196,195,194,198,193,187,184,198,1,0.58,0.660000000000000,0,,0,False,3
444,178,188,189,195,198,185,187,186,177,177,173,198,1,0.46,0.660000000000000,0,,0,False,7
445,172,181,185,187,190,198,196,202,200,197,190,202,1,0.58,0.673333333333333,0,,0,False,3
446,174,181,190,196,197,204,195,198,197,193,186,204,1,0.50,0.680000000000000,0,,0,True,1
447,178,190,204,214,214,207,203,195,195,187,176,214,2,0.42|0.46,0.713333333333333,1,0.009096015642535,1,False,3
448,189,201,195,196,196,193,188,186,181,177,167,201,1,0.34,0.670000000000000,0,,0,False,5
449,171,183,185,186,191,194,198,194,186,189,179,198,1,0.54,0.660000000000000,0,,0,False,2
450,168,181,191,200,208,208,218,215,207,200,193,218,1,0.54,0.726666666666667,0,,0,False,3
451,199,206,214,200,190,189,188,180,176,173,167,214,1,0.38,0.713333333333333,0,,0,False,6
452,144,171,185,194,196,193,198,196,189,189,192,198,1,0.54,0.660000000000000,0,,0,False,5
453,158,170,181,196,203,213,220,214,205,199,191,220,1,0.54,0.733333333333333,0,,0,False,3
454,169,178,186,201,207,217,210,207,205,206,196,217,1,0.50,0.723333333333333,0,,0,True,1
455,168,180,193,189,200,205,203,203,197,193,187,205,1,0.50,0.683333333333333,0,,0,True,1
456,172,180,186,190,193,193,194,194,188,186,182,194,2,0.54|0.58,0.646666666666667,1,0.007330977365326,1,False,3
457,176,181,188,189,189,194,197,188,186,187,188,197,1,0.54,0.656666666666667,0,,0,False,2
458,168,173,179,188,192,197,198,196,193,189,178,198,1,0.54,0.660000000000000,0,,0,False,2
459,164,170,177,180,179,185,194,193,187,180,176,194,1,0.54,0.646666666666667,0,,0,False,4
460,181,185,186,188,187,184,185,174,171,164,161,188,1,0.42,0.626666666666667,0,,0,False,6
461,170,179,184,192,193,196,203,190,186,184,180,203,1,0.54,0.676666666666667,0,,0,False,2
462,159,177,186,202,207,209,203,205,205,211,200,211,1,0.66,0.703333333333333,0,,0,False,2
463,165,170,182,187,191,189,190,188,185,180,179,191,1,0.46,0.636666666666667,0,,0,False,3
464,166,176,177,179,192,195,197,195,200,196,189,200,1,0.62,0.666666666666667,0,,0,False,4
465,184,191,197,194,196,192,186,189,185,184,173,197,1,0.38,0.656666666666667,0,,0,False,4
466,186,188,199,205,208,212,203,202,199,194,185,212,1,0.50,0.706666666666667,0,,0,True,1
467,182,183,192,196,203,204,206,196,189,182,174,206,1,0.54,0.686666666666667,0,,0,False,2
468,178,178,188,198,196,193,195,194,194,189,187,198,1,0.42,0.660000000000000,0,,0,False,6
469,163,168,178,176,183,184,185,191,190,186,180,191,1,0.58,0.636666666666667,0,,0,False,5
470,163,167,171,181,187,189,196,190,182,186,185,196,1,0.54,0.653333333333333,0,,0,False,3
471,180,190,197,199,201,212,209,205,198,191,190,212,1,0.50,0.706666666666667,0,,0,True,1
472,171,183,191,190,193,196,200,203,203,195,189,203,2,0.58|0.62,0.676666666666667,1,0.011405842384096,1,False,4
473,180,185,199,210,208,199,202,198,194,186,182,210,1,0.42,0.700000000000000,0,,0,False,4
474,189,192,199,209,214,210,206,205,204,198,185,214,1,0.46,0.713333333333333,0,,0,False,2
475,169,178,180,184,187,194,195,194,189,187,183,195,1,0.54,0.650000000000000,0,,0,False,2
476,171,183,195,205,207,206,203,202,200,197,188,207,1,0.46,0.690000000000000,0,,0,False,2
477,184,189,196,203,203,204,201,197,193,185,174,204,1,0.50,0.680000000000000,0,,0,True,1
478,175,186,191,193,201,208,203,198,199,184,176,208,1,0.50,0.693333333333333,0,,0,True,1
479,190,197,205,215,205,195,196,192,189,187,176,215,1,0.42,0.716666666666667,0,,0,False,6
480,172,172,176,182,191,185,193,198,198,196,189,198,2,0.58|0.62,0.660000000000000,1,0.011405842384096,1,False,7
481,184,192,205,207,207,193,197,196,182,181,175,207,2,0.42|0.46,0.690000000000000,1,0.009096015642535,1,False,6
482,174,181,186,193,196,199,198,197,189,180,174,199,1,0.50,0.663333333333333,0,,0,True,1
483,169,179,188,191,196,196,199,189,189,189,182,199,1,0.54,0.663333333333333,0,,0,False,2
484,171,191,201,207,207,207,206,205,200,194,193,207,3,0.42|0.46|0.50,0.690000000000000,1,0.011951422073847,1,True,1
485,172,180,184,187,195,199,199,193,188,184,178,199,2,0.50|0.54,0.663333333333333,1,0.002600530798838,1,True,1
486,174,182,190,194,198,196,193,200,192,187,181,200,1,0.58,0.666666666666667,0,,0,False,3
487,163,173,181,188,195,198,201,194,189,188,183,201,1,0.54,0.670000000000000,0,,0,False,2
488,181,188,192,198,200,205,205,203,197,194,192,205,2,0.50|0.54,0.683333333333333,1,0.002600530798838,1,True,1
489,165,173,188,186,196,196,187,193,194,187,182,196,2,0.46|0.50,0.653333333333333,1,0.002855406431313,1,True,1
490,177,184,202,202,207,205,203,196,197,195,187,207,1,0.46,0.690000000000000,0,,0,False,2
491,178,182,192,204,207,205,207,202,201,195,192,207,2,0.46|0.54,0.690000000000000,1,0.000254875632474,0,False,3
492,169,182,190,201,195,199,197,193,189,188,189,201,1,0.42,0.670000000000000,0,,0,False,2
493,171,181,188,194,195,205,208,201,198,191,185,208,1,0.54,0.693333333333333,0,,0,False,2
494,166,178,192,193,192,191,193,191,193,190,184,193,3,0.42|0.54|0.62,0.643333333333333,1,0.018736819749422,1,False,6
495,178,184,191,198,198,201,192,198,188,184,181,201,1,0.50,0.670000000000000,0,,0,True,1
496,167,175,172,171,180,179,177,169,170,172,174,180,1,0.46,0.600000000000000,0,,0,False,2
497,157,161,172,180,185,198,199,194,190,188,181,199,1,0.54,0.663333333333333,0,,0,False,2
498,174,182,183,189,193,189,192,187,186,188,185,193,1,0.46,0.643333333333333,0,,0,False,3
499,169,173,192,195,203,206,200,198,192,183,179,206,1,0.50,0.686666666666667,0,,0,True,1
