split,selected_a,selected_b,selected_calibration_objective,identity_reused_mean_ece,selected_reused_mean_ece,reused_paired_reduction,identity_evaluation_ece,selected_evaluation_ece,evaluation_paired_reduction
0,0.0,0.20000000000000018,0.048729249664059775,0.1824963863351595,0.04872924966405979,0.13376713667109968,0.01968275391623933,0.05373399731254158,-0.03405124339630225
1,0.0,0.0,0.06500000000000002,0.18468309641403152,0.065,0.11968309641403152,0.011194642531463832,0.0024,0.008794642531463833
2,0.0,0.0,0.07625000000000001,0.16211754915801202,0.07625000000000001,0.08586754915801201,0.014975379006872168,0.0024,0.012575379006872169
3,0.0,0.0,0.04874999999999999,0.17633524517339988,0.04875,0.1275852451733999,0.012537291896183323,0.0015,0.011037291896183323
4,0.0,0.0,0.05125000000000001,0.1721814997367735,0.051250000000000004,0.12093149973677347,0.015033459815167374,0.0031,0.011933459815167373
5,0.0,0.0,0.05000000000000001,0.1674352141133133,0.05,0.1174352141133133,0.014248617927259745,0.0016,0.012648617927259744
6,0.0,-0.19999999999999996,0.05875,0.17674298835478236,0.05875,0.11799298835478236,0.01258459514037143,0.04663399731248064,-0.03404940217210921
7,0.0,0.0,0.04625,0.18418087498444805,0.046250000000000006,0.13793087498444803,0.01062047583253015,0.0026,0.00802047583253015
8,0.0,0.0,0.04625,0.17186781946347882,0.04625,0.12561781946347877,0.011690483715336798,0.0006,0.011090483715336798
9,0.0,0.0,0.06250000000000001,0.18177569154963003,0.0625,0.11927569154963004,0.013231951804702309,0.0002,0.013031951804702308
10,0.0,0.0,0.04875,0.17095429350082253,0.04875,0.12220429350082253,0.012381942816004137,0.0016,0.010781942816004137
11,0.0,0.20000000000000018,0.06752075033594021,0.17075302887588054,0.06752075033594021,0.10323227853994033,0.011502576427932714,0.05553399731254158,-0.04403142088460886
12,0.0,0.0,0.05,0.17762264249668436,0.05,0.12762264249668434,0.013088160586236035,0.0093,0.003788160586236036
13,0.0,-0.19999999999999996,0.0562084993281195,0.16263703111809238,0.05620849932811952,0.10642853178997284,0.011318084413878387,0.05793399731248064,-0.04661591289860225
14,0.0,0.0,0.04375,0.1552068894896957,0.04375,0.1114568894896957,0.012794567031771249,0.004,0.008794567031771248
15,0.0,0.0,0.04375,0.17438131953635255,0.043750000000000004,0.13063131953635257,0.005771929737798327,0.0077,-0.0019280702622016732
16,0.0,0.0,0.05250000000000001,0.15522286940667207,0.052500000000000005,0.10272286940667205,0.014070578196085764,0.003,0.011070578196085763
17,0.0,0.0,0.0475,0.1647623972960108,0.0475,0.11726239729601082,0.011192853273495607,0.0017,0.009492853273495607
18,0.0,0.0,0.052500000000000005,0.163228291082113,0.052500000000000005,0.110728291082113,0.01452720638303316,0.0017,0.01282720638303316
19,0.0,0.0,0.03125000000000001,0.15928736326919712,0.03125,0.12803736326919712,0.01088654115475835,0.0007,0.01018654115475835
20,0.0,0.20000000000000018,0.04745849932811957,0.17428558362452107,0.04745849932811957,0.12682708429640152,0.013948598214361561,0.04593399731254158,-0.03198539909818002
21,0.0,0.0,0.053750000000000006,0.16480662875850804,0.053750000000000006,0.11105662875850807,0.011958247384968066,0.0017,0.010258247384968066
22,0.0,-0.19999999999999996,0.07375,0.1811568269649379,0.07375000000000001,0.10740682696493792,0.01188740433234559,0.04803399731248064,-0.03614659298013505
23,0.0,0.0,0.051250000000000004,0.1807013119640863,0.05125,0.1294513119640863,0.011538526143402743,0.0078,0.0037385261434027435
24,0.0,0.0,0.05250000000000001,0.18039827563808303,0.0525,0.12789827563808304,0.013299062343986132,0.0092,0.004099062343986132
25,0.0,0.0,0.06,0.1647459905275409,0.06,0.10474599052754091,0.012623274149600286,0.0054,0.007223274149600285
26,0.0,0.0,0.06,0.17681479321215893,0.06,0.11681479321215893,0.009991201465254734,0.0035,0.006491201465254734
27,0.0,0.0,0.0575,0.1640396357400271,0.0575,0.10653963574002712,0.011217093580803299,0.0001,0.0111170935808033
28,0.0,0.0,0.043750000000000004,0.15736248109563356,0.04375,0.11361248109563354,0.009062235404297724,0.0026,0.006462235404297724
29,0.0,0.0,0.04,0.17266871269793754,0.04,0.13266871269793756,0.009508576412717571,0.0013,0.00820857641271757
30,0.0,-0.19999999999999996,0.04618774899217927,0.16321314884679355,0.046187748992179284,0.11702539985461424,0.012820360678231398,0.04803399731248064,-0.03521363663424924
31,0.0,0.0,0.06624999999999999,0.16943208305752527,0.06625,0.10318208305752527,0.010277582748584615,0.0028,0.007477582748584614
32,0.0,0.0,0.0475,0.18681058769224204,0.0475,0.13931058769224203,0.01175728802148662,0.0018,0.00995728802148662
33,0.0,0.0,0.08499999999999999,0.15397780615040702,0.085,0.068977806150407,0.005593816691653562,0.0007,0.004893816691653562
34,0.0,0.0,0.036250000000000004,0.17135675797019925,0.036250000000000004,0.13510675797019925,0.01150681854714788,0.0046,0.006906818547147879
35,0.0,0.0,0.06625,0.18136859107950615,0.06625,0.11511859107950616,0.01590696615546504,0.0051,0.010806966155465041
36,0.0,0.0,0.046250000000000006,0.17976511358816852,0.04625,0.13351511358816853,0.013474648709533028,0.0125,0.0009746487095330277
37,0.0,0.0,0.061250000000000006,0.17156059967926612,0.061250000000000006,0.1103105996792661,0.011182915915457801,0.0071,0.004082915915457801
38,0.0,0.0,0.0725,0.1590349228205448,0.07250000000000001,0.08653492282054479,0.008465445419953154,0.0004,0.008065445419953155
39,0.0,0.0,0.06125000000000002,0.16658589339325017,0.06125,0.10533589339325017,0.01675921314096749,0.0047,0.01205921314096749
40,0.0,0.0,0.05,0.1675029384471394,0.05,0.11750293844713942,0.013513898855784936,0.0108,0.0027138988557849353
41,0.0,0.0,0.0575,0.15513138437197704,0.057499999999999996,0.09763138437197706,0.012491402593802707,0.0004,0.012091402593802708
42,0.0,0.0,0.0475,0.18356707229924588,0.0475,0.13606707229924586,0.010279880465118503,0.0011,0.009179880465118502
43,0.0,0.0,0.07750000000000001,0.16309856055996974,0.0775,0.08559856055996974,0.011789202480856135,0.008,0.0037892024808561346
44,0.0,0.0,0.055000000000000014,0.16468547145502319,0.055,0.10968547145502319,0.013844747995013614,0.0025,0.011344747995013614
45,0.0,0.0,0.05875000000000001,0.16822096074783338,0.05875,0.10947096074783338,0.011950673916243508,0.0044,0.007550673916243508
46,0.0,0.20000000000000018,0.04497924966405978,0.17148094819380888,0.04497924966405979,0.12650169852974907,0.012573690173325014,0.04563399731254158,-0.033060307139216566
47,0.0,0.20000000000000018,0.05620849932811957,0.16162236825683482,0.05620849932811957,0.10541386892871524,0.011317756045041157,0.04703399731254158,-0.03571624126750042
48,0.0,-0.19999999999999996,0.04618774899217928,0.17306212710359398,0.046187748992179284,0.1268743781114147,0.012196281096850677,0.05603399731248064,-0.043837716215629964
49,0.0,0.0,0.051250000000000004,0.16730566942808978,0.051250000000000004,0.11605566942808979,0.011832504174107058,0.0016,0.010232504174107057
50,0.0,0.0,0.05750000000000001,0.15791737713737747,0.0575,0.10041737713737746,0.01507406345430498,0.0032,0.01187406345430498
51,0.0,0.0,0.04625,0.16713592798472515,0.04625,0.12088592798472514,0.012252683280424542,0.0064,0.005852683280424541
52,0.0,0.0,0.06750000000000002,0.17936345422347943,0.0675,0.11186345422347943,0.014649538055577522,0.002,0.012649538055577522
53,0.0,0.0,0.061250000000000006,0.16754573699200326,0.06125,0.10629573699200325,0.012400158677552295,0.0017,0.010700158677552295
54,0.0,0.0,0.05125,0.1638599072334487,0.051250000000000004,0.11260990723344869,0.009999842348365123,0.0027,0.007299842348365123
55,0.0,0.20000000000000018,0.05495849932811955,0.16288933775100167,0.05495849932811957,0.1079308384228821,0.013809587037364523,0.04713399731254158,-0.03332441027517706
56,0.0,0.20000000000000018,0.05122924966405977,0.15712604323126578,0.051229249664059784,0.105896793567206,0.013223113543699127,0.04613399731254158,-0.03291088376884245
57,0.0,0.0,0.04875,0.1538041779703202,0.04875,0.1050541779703202,0.011977894074131112,0.0049,0.007077894074131112
58,0.0,0.0,0.0475,0.15703929681024836,0.0475,0.10953929681024835,0.016848275795253012,0.0021,0.014748275795253013
59,0.0,0.0,0.0625,0.17417315252375304,0.0625,0.11167315252375304,0.013916605404318123,0.0026,0.011316605404318123
60,0.0,0.20000000000000018,0.05618774899217935,0.16606275763386166,0.05618774899217936,0.10987500864168231,0.01016851123204433,0.053033997312541575,-0.04286548608049724
61,0.0,0.0,0.05750000000000001,0.18169761390123784,0.0575,0.12419761390123785,0.0075284768117687495,0.0017,0.005828476811768749
62,0.0,0.0,0.05,0.1568217922838912,0.05,0.10682179228389119,0.012067496227464074,0.0134,-0.0013325037725359264
63,0.0,0.20000000000000018,0.06497924966405977,0.16504302409257934,0.06497924966405978,0.10006377442851958,0.009317445712690582,0.051133997312541576,-0.041816551599850996
64,0.0,0.0,0.05625000000000001,0.17278200803252197,0.05625,0.11653200803252198,0.01322427949739286,0.0017,0.01152427949739286
65,0.0,0.0,0.05625,0.1749519471176098,0.05625,0.11870194711760981,0.015454316727123898,0.0123,0.0031543167271238983
66,0.0,0.0,0.04000000000000001,0.16354023384432875,0.04,0.12354023384432875,0.014421313832689197,0.0014,0.013021313832689197
67,0.0,-0.19999999999999996,0.054958499328119505,0.16323462181972004,0.05495849932811952,0.10827612249160048,0.008589048104538881,0.05333399731248064,-0.04474494920794176
68,0.0,0.0,0.055,0.16830568837151905,0.05500000000000001,0.11330568837151904,0.012016082310104126,0.002,0.010016082310104125
69,0.0,0.0,0.05,0.17044897401589051,0.05,0.12044897401589051,0.013032429534680944,0.0013,0.011732429534680944
70,0.0,0.20000000000000018,0.0725,0.1586947041049372,0.07250000000000001,0.08619470410493718,0.01663719693035137,0.04853399731254158,-0.03189680038219021
71,0.0,0.0,0.061250000000000006,0.16639002305129014,0.06125,0.10514002305129014,0.012117811190470963,0.0005,0.011617811190470962
72,0.0,0.20000000000000018,0.06624999999999999,0.178121528331731,0.06625,0.11187152833173099,0.012915783815715013,0.043333997312541575,-0.030418213496826562
73,0.0,0.0,0.06625,0.17814900046489476,0.06625,0.11189900046489476,0.015422859043020676,0.0024,0.013022859043020677
74,0.0,0.0,0.05125000000000001,0.16582954771622302,0.051250000000000004,0.11457954771622303,0.01159552756413148,0.0018,0.009795527564131481
75,0.0,0.0,0.04875000000000001,0.16666776584929582,0.04875,0.11791776584929582,0.01442174266448292,0.0001,0.01432174266448292
76,0.0,0.20000000000000018,0.05870849932811958,0.17097049350546767,0.05870849932811957,0.11226199417734808,0.009675119253720242,0.05533399731254158,-0.04565887805882134
77,0.0,0.0,0.04375000000000001,0.16604878656259808,0.04375,0.1222987865625981,0.012702385388235513,0.0038,0.008902385388235514
78,0.0,0.0,0.07375000000000002,0.17783451318780136,0.07375,0.10408451318780138,0.012495332665476987,0.0004,0.012095332665476988
79,0.0,0.0,0.05125,0.165695508476278,0.051250000000000004,0.11444550847627799,0.015017310916249289,0.0001,0.01491731091624929
