graph_index,candidate_type,alteration,artifact_records_equal_baseline,inventory_root_equal_baseline,relationship_root_changed,reexecution_all_units,changed_edge_field_count,changed_edge_unit_count,no_operation_changes,mutation_shape_valid,all_altered_invariants,common_validation,recomputed_inventory_root,recomputed_relationship_root,trusted_inventory_root,trusted_relationship_root,declared_relationship_root,auth_inventory_accept,auth_relationship_accept,unauth_relationship_accept
0,control,none,True,True,False,True,0,0,True,True,True,True,95fd2e56b9f8cca13cfe48ece98589db8aeca65fde3347f3d69a78de3d8fdb62,e66e917344bde92554daf35900083217fd926734cac1a0ccaadcafe7c33b50d0,95fd2e56b9f8cca13cfe48ece98589db8aeca65fde3347f3d69a78de3d8fdb62,e66e917344bde92554daf35900083217fd926734cac1a0ccaadcafe7c33b50d0,e66e917344bde92554daf35900083217fd926734cac1a0ccaadcafe7c33b50d0,True,True,True
0,altered,A_swap_units_0_1,True,True,True,True,4,2,True,True,True,True,95fd2e56b9f8cca13cfe48ece98589db8aeca65fde3347f3d69a78de3d8fdb62,b8b55dd3b3533a50aa44f47cb1e8018a28c384bed540c17db616012b2df649d2,95fd2e56b9f8cca13cfe48ece98589db8aeca65fde3347f3d69a78de3d8fdb62,e66e917344bde92554daf35900083217fd926734cac1a0ccaadcafe7c33b50d0,b8b55dd3b3533a50aa44f47cb1e8018a28c384bed540c17db616012b2df649d2,True,False,True
0,altered,B_swap_units_8_9,True,True,True,True,4,2,True,True,True,True,95fd2e56b9f8cca13cfe48ece98589db8aeca65fde3347f3d69a78de3d8fdb62,e8c3fd56999b033681522b13eb6f870840a6e83912b405a2608c00f7d9d8d62f,95fd2e56b9f8cca13cfe48ece98589db8aeca65fde3347f3d69a78de3d8fdb62,e66e917344bde92554daf35900083217fd926734cac1a0ccaadcafe7c33b50d0,e8c3fd56999b033681522b13eb6f870840a6e83912b405a2608c00f7d9d8d62f,True,False,True
1,control,none,True,True,False,True,0,0,True,True,True,True,8a2d9c08c851e76a66f26a94f2804622461ef07c7dd3319c5899838e00099738,50b23c3142d8c3ba40f772ae8ddab31668ab6b688a3f1eccda0743f6f614a7c6,8a2d9c08c851e76a66f26a94f2804622461ef07c7dd3319c5899838e00099738,50b23c3142d8c3ba40f772ae8ddab31668ab6b688a3f1eccda0743f6f614a7c6,50b23c3142d8c3ba40f772ae8ddab31668ab6b688a3f1eccda0743f6f614a7c6,True,True,True
1,altered,A_swap_units_0_1,True,True,True,True,4,2,True,True,True,True,8a2d9c08c851e76a66f26a94f2804622461ef07c7dd3319c5899838e00099738,aea9293f31d1701b4a0416b13f8d706c1fdf687554523b6bd99613c68f6cbb03,8a2d9c08c851e76a66f26a94f2804622461ef07c7dd3319c5899838e00099738,50b23c3142d8c3ba40f772ae8ddab31668ab6b688a3f1eccda0743f6f614a7c6,aea9293f31d1701b4a0416b13f8d706c1fdf687554523b6bd99613c68f6cbb03,True,False,True
1,altered,B_swap_units_8_9,True,True,True,True,4,2,True,True,True,True,8a2d9c08c851e76a66f26a94f2804622461ef07c7dd3319c5899838e00099738,61be4c8b5033a96b4b517ddb969b90ca148ce068e2e2f049574f034da31b62a2,8a2d9c08c851e76a66f26a94f2804622461ef07c7dd3319c5899838e00099738,50b23c3142d8c3ba40f772ae8ddab31668ab6b688a3f1eccda0743f6f614a7c6,61be4c8b5033a96b4b517ddb969b90ca148ce068e2e2f049574f034da31b62a2,True,False,True
2,control,none,True,True,False,True,0,0,True,True,True,True,02f3ee55c618d5891d83365f38249e94d6fd895c16915a31a522b78e57a5783e,91ee7973fc2afdb4829dc8b9108bf77dafc5ce230e20140a1636e81ab8a6439b,02f3ee55c618d5891d83365f38249e94d6fd895c16915a31a522b78e57a5783e,91ee7973fc2afdb4829dc8b9108bf77dafc5ce230e20140a1636e81ab8a6439b,91ee7973fc2afdb4829dc8b9108bf77dafc5ce230e20140a1636e81ab8a6439b,True,True,True
2,altered,A_swap_units_0_1,True,True,True,True,4,2,True,True,True,True,02f3ee55c618d5891d83365f38249e94d6fd895c16915a31a522b78e57a5783e,72c681d584fd38d7dba101468bbd6d8b8b6c06d4cbe3d24e1ad8b4d419f08588,02f3ee55c618d5891d83365f38249e94d6fd895c16915a31a522b78e57a5783e,91ee7973fc2afdb4829dc8b9108bf77dafc5ce230e20140a1636e81ab8a6439b,72c681d584fd38d7dba101468bbd6d8b8b6c06d4cbe3d24e1ad8b4d419f08588,True,False,True
2,altered,B_swap_units_8_9,True,True,True,True,4,2,True,True,True,True,02f3ee55c618d5891d83365f38249e94d6fd895c16915a31a522b78e57a5783e,da28a7b18816217d3b6745df59de271e2406f42e04bad4479092382520584817,02f3ee55c618d5891d83365f38249e94d6fd895c16915a31a522b78e57a5783e,91ee7973fc2afdb4829dc8b9108bf77dafc5ce230e20140a1636e81ab8a6439b,da28a7b18816217d3b6745df59de271e2406f42e04bad4479092382520584817,True,False,True
3,control,none,True,True,False,True,0,0,True,True,True,True,52169ca93d242f5bbb7d7ff2ef9e528e97665c526100642138d7c4874a1ca933,705ce7bb3118f8f8963c15e4b79d081e2dfcde5dd28a1239a90e678b7378939a,52169ca93d242f5bbb7d7ff2ef9e528e97665c526100642138d7c4874a1ca933,705ce7bb3118f8f8963c15e4b79d081e2dfcde5dd28a1239a90e678b7378939a,705ce7bb3118f8f8963c15e4b79d081e2dfcde5dd28a1239a90e678b7378939a,True,True,True
3,altered,A_swap_units_0_1,True,True,True,True,4,2,True,True,True,True,52169ca93d242f5bbb7d7ff2ef9e528e97665c526100642138d7c4874a1ca933,014059f70f931632ab8162ab4bef6f1793212d95812d9c06c285d706cff5c67e,52169ca93d242f5bbb7d7ff2ef9e528e97665c526100642138d7c4874a1ca933,705ce7bb3118f8f8963c15e4b79d081e2dfcde5dd28a1239a90e678b7378939a,014059f70f931632ab8162ab4bef6f1793212d95812d9c06c285d706cff5c67e,True,False,True
3,altered,B_swap_units_8_9,True,True,True,True,4,2,True,True,True,True,52169ca93d242f5bbb7d7ff2ef9e528e97665c526100642138d7c4874a1ca933,d10c3900318a909b612a709dad077b18e18405d13c75772c415d980aa9c8e773,52169ca93d242f5bbb7d7ff2ef9e528e97665c526100642138d7c4874a1ca933,705ce7bb3118f8f8963c15e4b79d081e2dfcde5dd28a1239a90e678b7378939a,d10c3900318a909b612a709dad077b18e18405d13c75772c415d980aa9c8e773,True,False,True
4,control,none,True,True,False,True,0,0,True,True,True,True,81d2b36b057117267ad379f9a71eb72817d9c6ccacee539b8c36d39c80c242b1,7a2130cb0735dccb1810ef71d6972f23df14ee2f7524a9a38488d3ac0f5473db,81d2b36b057117267ad379f9a71eb72817d9c6ccacee539b8c36d39c80c242b1,7a2130cb0735dccb1810ef71d6972f23df14ee2f7524a9a38488d3ac0f5473db,7a2130cb0735dccb1810ef71d6972f23df14ee2f7524a9a38488d3ac0f5473db,True,True,True
4,altered,A_swap_units_0_1,True,True,True,True,4,2,True,True,True,True,81d2b36b057117267ad379f9a71eb72817d9c6ccacee539b8c36d39c80c242b1,71ef790a148c5300c3bf86ab03950f58b53016a32a9044df389e1bbde3cf857f,81d2b36b057117267ad379f9a71eb72817d9c6ccacee539b8c36d39c80c242b1,7a2130cb0735dccb1810ef71d6972f23df14ee2f7524a9a38488d3ac0f5473db,71ef790a148c5300c3bf86ab03950f58b53016a32a9044df389e1bbde3cf857f,True,False,True
4,altered,B_swap_units_8_9,True,True,True,True,4,2,True,True,True,True,81d2b36b057117267ad379f9a71eb72817d9c6ccacee539b8c36d39c80c242b1,5a7741d9cd541cec296cc392547c442d695615d08872c25c85cc932d83658252,81d2b36b057117267ad379f9a71eb72817d9c6ccacee539b8c36d39c80c242b1,7a2130cb0735dccb1810ef71d6972f23df14ee2f7524a9a38488d3ac0f5473db,5a7741d9cd541cec296cc392547c442d695615d08872c25c85cc932d83658252,True,False,True
5,control,none,True,True,False,True,0,0,True,True,True,True,4fe7ef17e7987a68cc23451fdc6abcdf646d4f8ac936acbe6fd146fc0b302cb8,6cb307e8d83fdd6c4f626a54d48d1eccf5faa7c70c9d9b5ede2cbfeb179a11ce,4fe7ef17e7987a68cc23451fdc6abcdf646d4f8ac936acbe6fd146fc0b302cb8,6cb307e8d83fdd6c4f626a54d48d1eccf5faa7c70c9d9b5ede2cbfeb179a11ce,6cb307e8d83fdd6c4f626a54d48d1eccf5faa7c70c9d9b5ede2cbfeb179a11ce,True,True,True
5,altered,A_swap_units_0_1,True,True,True,True,4,2,True,True,True,True,4fe7ef17e7987a68cc23451fdc6abcdf646d4f8ac936acbe6fd146fc0b302cb8,78e6b48293406067eab31d75c26fff1843893254c706dab3d0dd328bcb3db928,4fe7ef17e7987a68cc23451fdc6abcdf646d4f8ac936acbe6fd146fc0b302cb8,6cb307e8d83fdd6c4f626a54d48d1eccf5faa7c70c9d9b5ede2cbfeb179a11ce,78e6b48293406067eab31d75c26fff1843893254c706dab3d0dd328bcb3db928,True,False,True
5,altered,B_swap_units_8_9,True,True,True,True,4,2,True,True,True,True,4fe7ef17e7987a68cc23451fdc6abcdf646d4f8ac936acbe6fd146fc0b302cb8,cb328355c6a07bd236ecfccbe4645bc39d4d2f54932198e8855b203af52326a1,4fe7ef17e7987a68cc23451fdc6abcdf646d4f8ac936acbe6fd146fc0b302cb8,6cb307e8d83fdd6c4f626a54d48d1eccf5faa7c70c9d9b5ede2cbfeb179a11ce,cb328355c6a07bd236ecfccbe4645bc39d4d2f54932198e8855b203af52326a1,True,False,True
6,control,none,True,True,False,True,0,0,True,True,True,True,ca48d116dba19c58fc9b5619557f25a592f1f8b3fdc9a88e914d001ba725df84,cd6db2aff6fc33f5a98af7ba316edf7dc1ea804d679c19f8bce5501d422ff684,ca48d116dba19c58fc9b5619557f25a592f1f8b3fdc9a88e914d001ba725df84,cd6db2aff6fc33f5a98af7ba316edf7dc1ea804d679c19f8bce5501d422ff684,cd6db2aff6fc33f5a98af7ba316edf7dc1ea804d679c19f8bce5501d422ff684,True,True,True
6,altered,A_swap_units_0_1,True,True,True,True,4,2,True,True,True,True,ca48d116dba19c58fc9b5619557f25a592f1f8b3fdc9a88e914d001ba725df84,1cd7c6494c48dde8147c7a528463647f931ba9e82c71ba155c1acd391f7278da,ca48d116dba19c58fc9b5619557f25a592f1f8b3fdc9a88e914d001ba725df84,cd6db2aff6fc33f5a98af7ba316edf7dc1ea804d679c19f8bce5501d422ff684,1cd7c6494c48dde8147c7a528463647f931ba9e82c71ba155c1acd391f7278da,True,False,True
6,altered,B_swap_units_8_9,True,True,True,True,4,2,True,True,True,True,ca48d116dba19c58fc9b5619557f25a592f1f8b3fdc9a88e914d001ba725df84,c4412ed64762dcbadecfa68eb05ada4a1567ceb3bef25bca3879cb8e2f1d4c13,ca48d116dba19c58fc9b5619557f25a592f1f8b3fdc9a88e914d001ba725df84,cd6db2aff6fc33f5a98af7ba316edf7dc1ea804d679c19f8bce5501d422ff684,c4412ed64762dcbadecfa68eb05ada4a1567ceb3bef25bca3879cb8e2f1d4c13,True,False,True
7,control,none,True,True,False,True,0,0,True,True,True,True,f4eb38876d0293dd0783c29a7ce0853b980f402ed24cb7ad3fa86db86f29a590,e5082ece4c9bbbffccd468b4d92f078d62f54a52a74d5854a5857fbfca19e177,f4eb38876d0293dd0783c29a7ce0853b980f402ed24cb7ad3fa86db86f29a590,e5082ece4c9bbbffccd468b4d92f078d62f54a52a74d5854a5857fbfca19e177,e5082ece4c9bbbffccd468b4d92f078d62f54a52a74d5854a5857fbfca19e177,True,True,True
7,altered,A_swap_units_0_1,True,True,True,True,4,2,True,True,True,True,f4eb38876d0293dd0783c29a7ce0853b980f402ed24cb7ad3fa86db86f29a590,c2994b0a6529db05c95e1569f683d8462237b95f41bd736d6cf47a4254b1701c,f4eb38876d0293dd0783c29a7ce0853b980f402ed24cb7ad3fa86db86f29a590,e5082ece4c9bbbffccd468b4d92f078d62f54a52a74d5854a5857fbfca19e177,c2994b0a6529db05c95e1569f683d8462237b95f41bd736d6cf47a4254b1701c,True,False,True
7,altered,B_swap_units_8_9,True,True,True,True,4,2,True,True,True,True,f4eb38876d0293dd0783c29a7ce0853b980f402ed24cb7ad3fa86db86f29a590,874a662913159c15684f13a2cfb85826930a1b3c95430fb880accd29593e6bb2,f4eb38876d0293dd0783c29a7ce0853b980f402ed24cb7ad3fa86db86f29a590,e5082ece4c9bbbffccd468b4d92f078d62f54a52a74d5854a5857fbfca19e177,874a662913159c15684f13a2cfb85826930a1b3c95430fb880accd29593e6bb2,True,False,True
8,control,none,True,True,False,True,0,0,True,True,True,True,d7ff5a4d2e17dfac1a3d10271ad107c3b947bac052cf7b28aeb8cd572c24b7c7,14ca89f058a929bd468ebc5951c6c489cee47c87fa3da011af08890e2a810e5d,d7ff5a4d2e17dfac1a3d10271ad107c3b947bac052cf7b28aeb8cd572c24b7c7,14ca89f058a929bd468ebc5951c6c489cee47c87fa3da011af08890e2a810e5d,14ca89f058a929bd468ebc5951c6c489cee47c87fa3da011af08890e2a810e5d,True,True,True
8,altered,A_swap_units_0_1,True,True,True,True,4,2,True,True,True,True,d7ff5a4d2e17dfac1a3d10271ad107c3b947bac052cf7b28aeb8cd572c24b7c7,f0a1cfd55f83fdea1474eb160b1739ded44c1bfeda05d30c059e35990b6978e8,d7ff5a4d2e17dfac1a3d10271ad107c3b947bac052cf7b28aeb8cd572c24b7c7,14ca89f058a929bd468ebc5951c6c489cee47c87fa3da011af08890e2a810e5d,f0a1cfd55f83fdea1474eb160b1739ded44c1bfeda05d30c059e35990b6978e8,True,False,True
8,altered,B_swap_units_8_9,True,True,True,True,4,2,True,True,True,True,d7ff5a4d2e17dfac1a3d10271ad107c3b947bac052cf7b28aeb8cd572c24b7c7,162a6229028d6c8211e641dc83ee16a03dc05f5e67fe79fbb6f3024b661c861d,d7ff5a4d2e17dfac1a3d10271ad107c3b947bac052cf7b28aeb8cd572c24b7c7,14ca89f058a929bd468ebc5951c6c489cee47c87fa3da011af08890e2a810e5d,162a6229028d6c8211e641dc83ee16a03dc05f5e67fe79fbb6f3024b661c861d,True,False,True
9,control,none,True,True,False,True,0,0,True,True,True,True,4c28fa38b052dcaaae73d158c964ec148415db33c8d18cc12be51984b4295b22,733bfd767c9eae0b432a6d06c9b4490e3ccf0c31c9bcac65cedbb939efb545e8,4c28fa38b052dcaaae73d158c964ec148415db33c8d18cc12be51984b4295b22,733bfd767c9eae0b432a6d06c9b4490e3ccf0c31c9bcac65cedbb939efb545e8,733bfd767c9eae0b432a6d06c9b4490e3ccf0c31c9bcac65cedbb939efb545e8,True,True,True
9,altered,A_swap_units_0_1,True,True,True,True,4,2,True,True,True,True,4c28fa38b052dcaaae73d158c964ec148415db33c8d18cc12be51984b4295b22,1739aefa7f384ba31c26f4577f3c28f1cd89feac8fdc94017fe5cfb8fd60c0b4,4c28fa38b052dcaaae73d158c964ec148415db33c8d18cc12be51984b4295b22,733bfd767c9eae0b432a6d06c9b4490e3ccf0c31c9bcac65cedbb939efb545e8,1739aefa7f384ba31c26f4577f3c28f1cd89feac8fdc94017fe5cfb8fd60c0b4,True,False,True
9,altered,B_swap_units_8_9,True,True,True,True,4,2,True,True,True,True,4c28fa38b052dcaaae73d158c964ec148415db33c8d18cc12be51984b4295b22,247cdf9ac9f388de135ca9424979b71db7d4bdbeb74e02c55d3a4e52202022f0,4c28fa38b052dcaaae73d158c964ec148415db33c8d18cc12be51984b4295b22,733bfd767c9eae0b432a6d06c9b4490e3ccf0c31c9bcac65cedbb939efb545e8,247cdf9ac9f388de135ca9424979b71db7d4bdbeb74e02c55d3a4e52202022f0,True,False,True
10,control,none,True,True,False,True,0,0,True,True,True,True,ca101fb406f975f4aa0f343c0121ca1417867246a9a71e247dfddac3c24bf8a5,d2129f2e1808600b4b679aa610e190bcbdde62560b5742b853bf0435f1e99287,ca101fb406f975f4aa0f343c0121ca1417867246a9a71e247dfddac3c24bf8a5,d2129f2e1808600b4b679aa610e190bcbdde62560b5742b853bf0435f1e99287,d2129f2e1808600b4b679aa610e190bcbdde62560b5742b853bf0435f1e99287,True,True,True
10,altered,A_swap_units_0_1,True,True,True,True,4,2,True,True,True,True,ca101fb406f975f4aa0f343c0121ca1417867246a9a71e247dfddac3c24bf8a5,59246cf0ca7be294f914621f2138e1b3b792bd43befb4117e705671cba76ade0,ca101fb406f975f4aa0f343c0121ca1417867246a9a71e247dfddac3c24bf8a5,d2129f2e1808600b4b679aa610e190bcbdde62560b5742b853bf0435f1e99287,59246cf0ca7be294f914621f2138e1b3b792bd43befb4117e705671cba76ade0,True,False,True
10,altered,B_swap_units_8_9,True,True,True,True,4,2,True,True,True,True,ca101fb406f975f4aa0f343c0121ca1417867246a9a71e247dfddac3c24bf8a5,23f03db48a793bc2cb6bd1d864dc3285b47719f9ae63719e8b93705723f93e83,ca101fb406f975f4aa0f343c0121ca1417867246a9a71e247dfddac3c24bf8a5,d2129f2e1808600b4b679aa610e190bcbdde62560b5742b853bf0435f1e99287,23f03db48a793bc2cb6bd1d864dc3285b47719f9ae63719e8b93705723f93e83,True,False,True
11,control,none,True,True,False,True,0,0,True,True,True,True,af521b0731a13718b205e819907eaaacf710770bae06a7a733a56be32e82795b,78940043e20ecf3435b13cc5bbd8029baf957d6920ccb1e4b7048325bb565c66,af521b0731a13718b205e819907eaaacf710770bae06a7a733a56be32e82795b,78940043e20ecf3435b13cc5bbd8029baf957d6920ccb1e4b7048325bb565c66,78940043e20ecf3435b13cc5bbd8029baf957d6920ccb1e4b7048325bb565c66,True,True,True
11,altered,A_swap_units_0_1,True,True,True,True,4,2,True,True,True,True,af521b0731a13718b205e819907eaaacf710770bae06a7a733a56be32e82795b,d3708ba483807f25d661f79bfc939bb664ad60d0bfa4a07894abcbf638a398c3,af521b0731a13718b205e819907eaaacf710770bae06a7a733a56be32e82795b,78940043e20ecf3435b13cc5bbd8029baf957d6920ccb1e4b7048325bb565c66,d3708ba483807f25d661f79bfc939bb664ad60d0bfa4a07894abcbf638a398c3,True,False,True
11,altered,B_swap_units_8_9,True,True,True,True,4,2,True,True,True,True,af521b0731a13718b205e819907eaaacf710770bae06a7a733a56be32e82795b,d6b837852436d5d023a1370946ae22ede5f6a483915ad260fb7251157746e065,af521b0731a13718b205e819907eaaacf710770bae06a7a733a56be32e82795b,78940043e20ecf3435b13cc5bbd8029baf957d6920ccb1e4b7048325bb565c66,d6b837852436d5d023a1370946ae22ede5f6a483915ad260fb7251157746e065,True,False,True
12,control,none,True,True,False,True,0,0,True,True,True,True,2fd4bfc4b71acd21e2b762e150b2e907f0f70467e18e38aab6b4f40719a2b8a8,753f79a5659ac66e03ce76958f7d069b5bdbefa9ff89a45e00871dc396822fa5,2fd4bfc4b71acd21e2b762e150b2e907f0f70467e18e38aab6b4f40719a2b8a8,753f79a5659ac66e03ce76958f7d069b5bdbefa9ff89a45e00871dc396822fa5,753f79a5659ac66e03ce76958f7d069b5bdbefa9ff89a45e00871dc396822fa5,True,True,True
12,altered,A_swap_units_0_1,True,True,True,True,4,2,True,True,True,True,2fd4bfc4b71acd21e2b762e150b2e907f0f70467e18e38aab6b4f40719a2b8a8,f6ce97996dce589747a3a9afef3e0b1ef1ac931a3eb73f688b5bdf2aa2fa95f1,2fd4bfc4b71acd21e2b762e150b2e907f0f70467e18e38aab6b4f40719a2b8a8,753f79a5659ac66e03ce76958f7d069b5bdbefa9ff89a45e00871dc396822fa5,f6ce97996dce589747a3a9afef3e0b1ef1ac931a3eb73f688b5bdf2aa2fa95f1,True,False,True
12,altered,B_swap_units_8_9,True,True,True,True,4,2,True,True,True,True,2fd4bfc4b71acd21e2b762e150b2e907f0f70467e18e38aab6b4f40719a2b8a8,b8a99ce3e520e2d18b779aa5d1369da78a6af5b3566b103ec2a9b466e80d1ca6,2fd4bfc4b71acd21e2b762e150b2e907f0f70467e18e38aab6b4f40719a2b8a8,753f79a5659ac66e03ce76958f7d069b5bdbefa9ff89a45e00871dc396822fa5,b8a99ce3e520e2d18b779aa5d1369da78a6af5b3566b103ec2a9b466e80d1ca6,True,False,True
13,control,none,True,True,False,True,0,0,True,True,True,True,ebd46255d0219f5feca8477b6cc7a25cea34f31797a8cfdf829de176b903c55e,2f90dc6cb5689e92922f2e188c52daa523b5b439001321633f85a494b6eb897a,ebd46255d0219f5feca8477b6cc7a25cea34f31797a8cfdf829de176b903c55e,2f90dc6cb5689e92922f2e188c52daa523b5b439001321633f85a494b6eb897a,2f90dc6cb5689e92922f2e188c52daa523b5b439001321633f85a494b6eb897a,True,True,True
13,altered,A_swap_units_0_1,True,True,True,True,4,2,True,True,True,True,ebd46255d0219f5feca8477b6cc7a25cea34f31797a8cfdf829de176b903c55e,ce92352b356e46e5bb45087a279383fe2a279dc9ee7cf4b8dc196235577bdf07,ebd46255d0219f5feca8477b6cc7a25cea34f31797a8cfdf829de176b903c55e,2f90dc6cb5689e92922f2e188c52daa523b5b439001321633f85a494b6eb897a,ce92352b356e46e5bb45087a279383fe2a279dc9ee7cf4b8dc196235577bdf07,True,False,True
13,altered,B_swap_units_8_9,True,True,True,True,4,2,True,True,True,True,ebd46255d0219f5feca8477b6cc7a25cea34f31797a8cfdf829de176b903c55e,2c72b89bc1d13ac902265dfa3c24ebdf0d70e07e80573b456351886cbe6d474d,ebd46255d0219f5feca8477b6cc7a25cea34f31797a8cfdf829de176b903c55e,2f90dc6cb5689e92922f2e188c52daa523b5b439001321633f85a494b6eb897a,2c72b89bc1d13ac902265dfa3c24ebdf0d70e07e80573b456351886cbe6d474d,True,False,True
14,control,none,True,True,False,True,0,0,True,True,True,True,3b3a89549ad5cb8ade4d73801e5d53997af24c1d19b96341782c1a21490a9b76,3a6652052851b8223d8e2b60a58ab703d0c951775ac1ab16948a2c98026894b6,3b3a89549ad5cb8ade4d73801e5d53997af24c1d19b96341782c1a21490a9b76,3a6652052851b8223d8e2b60a58ab703d0c951775ac1ab16948a2c98026894b6,3a6652052851b8223d8e2b60a58ab703d0c951775ac1ab16948a2c98026894b6,True,True,True
14,altered,A_swap_units_0_1,True,True,True,True,4,2,True,True,True,True,3b3a89549ad5cb8ade4d73801e5d53997af24c1d19b96341782c1a21490a9b76,f1918264ef837e53375ea601deb9961d5b2c114c75e47bb53096e515ff89fefe,3b3a89549ad5cb8ade4d73801e5d53997af24c1d19b96341782c1a21490a9b76,3a6652052851b8223d8e2b60a58ab703d0c951775ac1ab16948a2c98026894b6,f1918264ef837e53375ea601deb9961d5b2c114c75e47bb53096e515ff89fefe,True,False,True
14,altered,B_swap_units_8_9,True,True,True,True,4,2,True,True,True,True,3b3a89549ad5cb8ade4d73801e5d53997af24c1d19b96341782c1a21490a9b76,af3d885c5fe29a5416805b6a532ef0ee534086b8d8f35319adf48e078d7a2191,3b3a89549ad5cb8ade4d73801e5d53997af24c1d19b96341782c1a21490a9b76,3a6652052851b8223d8e2b60a58ab703d0c951775ac1ab16948a2c98026894b6,af3d885c5fe29a5416805b6a532ef0ee534086b8d8f35319adf48e078d7a2191,True,False,True
15,control,none,True,True,False,True,0,0,True,True,True,True,e95b05dc753e685bbce1e3946c6ae07bf087e9aed6fb1afff79f66887294e728,64b404fb47264c5efe66cf9abcfc119aa4b1119acf15ffebc0c2fa7c14f88ace,e95b05dc753e685bbce1e3946c6ae07bf087e9aed6fb1afff79f66887294e728,64b404fb47264c5efe66cf9abcfc119aa4b1119acf15ffebc0c2fa7c14f88ace,64b404fb47264c5efe66cf9abcfc119aa4b1119acf15ffebc0c2fa7c14f88ace,True,True,True
15,altered,A_swap_units_0_1,True,True,True,True,4,2,True,True,True,True,e95b05dc753e685bbce1e3946c6ae07bf087e9aed6fb1afff79f66887294e728,12ee5c8ff6c1f3cde45fdd989609de872f5969d8e416208d96583f90c9f8f6e8,e95b05dc753e685bbce1e3946c6ae07bf087e9aed6fb1afff79f66887294e728,64b404fb47264c5efe66cf9abcfc119aa4b1119acf15ffebc0c2fa7c14f88ace,12ee5c8ff6c1f3cde45fdd989609de872f5969d8e416208d96583f90c9f8f6e8,True,False,True
15,altered,B_swap_units_8_9,True,True,True,True,4,2,True,True,True,True,e95b05dc753e685bbce1e3946c6ae07bf087e9aed6fb1afff79f66887294e728,135bcd28d9a2672aeceb2a406d08c7dd514be2d9539e2bda8544d4f7578dc871,e95b05dc753e685bbce1e3946c6ae07bf087e9aed6fb1afff79f66887294e728,64b404fb47264c5efe66cf9abcfc119aa4b1119acf15ffebc0c2fa7c14f88ace,135bcd28d9a2672aeceb2a406d08c7dd514be2d9539e2bda8544d4f7578dc871,True,False,True
16,control,none,True,True,False,True,0,0,True,True,True,True,3886b2b75ec7456be8a9e7be1f8375000843cf04e94850022f185df8be715536,dda6802209ae89796d0b0f10760fef1cdcb4bfddbdfb453f056df8d70bea5958,3886b2b75ec7456be8a9e7be1f8375000843cf04e94850022f185df8be715536,dda6802209ae89796d0b0f10760fef1cdcb4bfddbdfb453f056df8d70bea5958,dda6802209ae89796d0b0f10760fef1cdcb4bfddbdfb453f056df8d70bea5958,True,True,True
16,altered,A_swap_units_0_1,True,True,True,True,4,2,True,True,True,True,3886b2b75ec7456be8a9e7be1f8375000843cf04e94850022f185df8be715536,7045fc1f63cee61a5a014c93052292386b847cc789f4df4cf5d5331aad3693b4,3886b2b75ec7456be8a9e7be1f8375000843cf04e94850022f185df8be715536,dda6802209ae89796d0b0f10760fef1cdcb4bfddbdfb453f056df8d70bea5958,7045fc1f63cee61a5a014c93052292386b847cc789f4df4cf5d5331aad3693b4,True,False,True
16,altered,B_swap_units_8_9,True,True,True,True,4,2,True,True,True,True,3886b2b75ec7456be8a9e7be1f8375000843cf04e94850022f185df8be715536,43a1c789318f148c4ee63cbf1ebdfb2fc534612853dc942ce030adcc562f9aca,3886b2b75ec7456be8a9e7be1f8375000843cf04e94850022f185df8be715536,dda6802209ae89796d0b0f10760fef1cdcb4bfddbdfb453f056df8d70bea5958,43a1c789318f148c4ee63cbf1ebdfb2fc534612853dc942ce030adcc562f9aca,True,False,True
17,control,none,True,True,False,True,0,0,True,True,True,True,ca60114b65e62d788cf1d3d0e67b581b37ef8bae2b27238f594b6f83d9fd50b1,4930cfd7c43f232212475d81253b4af8ec5dd5b4ba413c8afd1434086125bb96,ca60114b65e62d788cf1d3d0e67b581b37ef8bae2b27238f594b6f83d9fd50b1,4930cfd7c43f232212475d81253b4af8ec5dd5b4ba413c8afd1434086125bb96,4930cfd7c43f232212475d81253b4af8ec5dd5b4ba413c8afd1434086125bb96,True,True,True
17,altered,A_swap_units_0_1,True,True,True,True,4,2,True,True,True,True,ca60114b65e62d788cf1d3d0e67b581b37ef8bae2b27238f594b6f83d9fd50b1,a78614efbbc512d0eb6c705f76864df0fc904c1ba2b51b522a45fb27b411100e,ca60114b65e62d788cf1d3d0e67b581b37ef8bae2b27238f594b6f83d9fd50b1,4930cfd7c43f232212475d81253b4af8ec5dd5b4ba413c8afd1434086125bb96,a78614efbbc512d0eb6c705f76864df0fc904c1ba2b51b522a45fb27b411100e,True,False,True
17,altered,B_swap_units_8_9,True,True,True,True,4,2,True,True,True,True,ca60114b65e62d788cf1d3d0e67b581b37ef8bae2b27238f594b6f83d9fd50b1,5be1424434976d3f17ea1a2dec205260e76d84704d8aa7f342cc7140a6833cea,ca60114b65e62d788cf1d3d0e67b581b37ef8bae2b27238f594b6f83d9fd50b1,4930cfd7c43f232212475d81253b4af8ec5dd5b4ba413c8afd1434086125bb96,5be1424434976d3f17ea1a2dec205260e76d84704d8aa7f342cc7140a6833cea,True,False,True
18,control,none,True,True,False,True,0,0,True,True,True,True,40b5d96f314af093fdfc13ffe093defce1388b9c0ad3f87093041c25139fd8c6,c66bcf418602cc531037fd0c2b5acede399fb2e5222b438823972d1a9ed94968,40b5d96f314af093fdfc13ffe093defce1388b9c0ad3f87093041c25139fd8c6,c66bcf418602cc531037fd0c2b5acede399fb2e5222b438823972d1a9ed94968,c66bcf418602cc531037fd0c2b5acede399fb2e5222b438823972d1a9ed94968,True,True,True
18,altered,A_swap_units_0_1,True,True,True,True,4,2,True,True,True,True,40b5d96f314af093fdfc13ffe093defce1388b9c0ad3f87093041c25139fd8c6,a78ab8f23db81c663698f66f503edf7970ecdfb6c1ad2fad8499798fda614e1a,40b5d96f314af093fdfc13ffe093defce1388b9c0ad3f87093041c25139fd8c6,c66bcf418602cc531037fd0c2b5acede399fb2e5222b438823972d1a9ed94968,a78ab8f23db81c663698f66f503edf7970ecdfb6c1ad2fad8499798fda614e1a,True,False,True
18,altered,B_swap_units_8_9,True,True,True,True,4,2,True,True,True,True,40b5d96f314af093fdfc13ffe093defce1388b9c0ad3f87093041c25139fd8c6,6cd9dee0c414cb57544cc39b3f956e558a04bb2ffe3c2183e6b59c77248dfe42,40b5d96f314af093fdfc13ffe093defce1388b9c0ad3f87093041c25139fd8c6,c66bcf418602cc531037fd0c2b5acede399fb2e5222b438823972d1a9ed94968,6cd9dee0c414cb57544cc39b3f956e558a04bb2ffe3c2183e6b59c77248dfe42,True,False,True
19,control,none,True,True,False,True,0,0,True,True,True,True,1fb1a2014b7d983a323b285fb9f07ca7d5d921b3e39328f80db2f2939f9807ca,437279379462a011dd6b26afe7e01c7ad4eb8371f052f895f70b524e1f339619,1fb1a2014b7d983a323b285fb9f07ca7d5d921b3e39328f80db2f2939f9807ca,437279379462a011dd6b26afe7e01c7ad4eb8371f052f895f70b524e1f339619,437279379462a011dd6b26afe7e01c7ad4eb8371f052f895f70b524e1f339619,True,True,True
19,altered,A_swap_units_0_1,True,True,True,True,4,2,True,True,True,True,1fb1a2014b7d983a323b285fb9f07ca7d5d921b3e39328f80db2f2939f9807ca,8eed822accc6805765ffcc2549a51fe6518095fa5cf8176a891c580d70c1a5c1,1fb1a2014b7d983a323b285fb9f07ca7d5d921b3e39328f80db2f2939f9807ca,437279379462a011dd6b26afe7e01c7ad4eb8371f052f895f70b524e1f339619,8eed822accc6805765ffcc2549a51fe6518095fa5cf8176a891c580d70c1a5c1,True,False,True
19,altered,B_swap_units_8_9,True,True,True,True,4,2,True,True,True,True,1fb1a2014b7d983a323b285fb9f07ca7d5d921b3e39328f80db2f2939f9807ca,534eef15fa5d6a98fd7016195f98e1e9be6969c759ce54bd6583e310dcb95e21,1fb1a2014b7d983a323b285fb9f07ca7d5d921b3e39328f80db2f2939f9807ca,437279379462a011dd6b26afe7e01c7ad4eb8371f052f895f70b524e1f339619,534eef15fa5d6a98fd7016195f98e1e9be6969c759ce54bd6583e310dcb95e21,True,False,True
20,control,none,True,True,False,True,0,0,True,True,True,True,d03df02b3383ff0f0dd6e506225ceeb1c9c70b604ebaab3689f6f1bfa865b61b,11b3bc84c4f6e7eb86ed52d717b92494387678cc0ec777784c8f856f871b8526,d03df02b3383ff0f0dd6e506225ceeb1c9c70b604ebaab3689f6f1bfa865b61b,11b3bc84c4f6e7eb86ed52d717b92494387678cc0ec777784c8f856f871b8526,11b3bc84c4f6e7eb86ed52d717b92494387678cc0ec777784c8f856f871b8526,True,True,True
20,altered,A_swap_units_0_1,True,True,True,True,4,2,True,True,True,True,d03df02b3383ff0f0dd6e506225ceeb1c9c70b604ebaab3689f6f1bfa865b61b,dff2164c027cf46cb5ad22f3ada6c6a13dac1dfcb8add3bc7d46ece9205a82a4,d03df02b3383ff0f0dd6e506225ceeb1c9c70b604ebaab3689f6f1bfa865b61b,11b3bc84c4f6e7eb86ed52d717b92494387678cc0ec777784c8f856f871b8526,dff2164c027cf46cb5ad22f3ada6c6a13dac1dfcb8add3bc7d46ece9205a82a4,True,False,True
20,altered,B_swap_units_8_9,True,True,True,True,4,2,True,True,True,True,d03df02b3383ff0f0dd6e506225ceeb1c9c70b604ebaab3689f6f1bfa865b61b,14ff7737df45682092f177cd8269f92f566a75120676a9157c342781cf1d16b2,d03df02b3383ff0f0dd6e506225ceeb1c9c70b604ebaab3689f6f1bfa865b61b,11b3bc84c4f6e7eb86ed52d717b92494387678cc0ec777784c8f856f871b8526,14ff7737df45682092f177cd8269f92f566a75120676a9157c342781cf1d16b2,True,False,True
21,control,none,True,True,False,True,0,0,True,True,True,True,a9395aee92a4482a7617ee99dda65261c84f4c21c1c07c4e9530624f5aa84742,9ccc217b933d4087d91b4d74a7dfbc20fda152be3893b55b884af2cbe198f843,a9395aee92a4482a7617ee99dda65261c84f4c21c1c07c4e9530624f5aa84742,9ccc217b933d4087d91b4d74a7dfbc20fda152be3893b55b884af2cbe198f843,9ccc217b933d4087d91b4d74a7dfbc20fda152be3893b55b884af2cbe198f843,True,True,True
21,altered,A_swap_units_0_1,True,True,True,True,4,2,True,True,True,True,a9395aee92a4482a7617ee99dda65261c84f4c21c1c07c4e9530624f5aa84742,68b3cb963c69f5b22e9e7ced257942e02d000dfe12e25e6c7f43e15df1e9e96f,a9395aee92a4482a7617ee99dda65261c84f4c21c1c07c4e9530624f5aa84742,9ccc217b933d4087d91b4d74a7dfbc20fda152be3893b55b884af2cbe198f843,68b3cb963c69f5b22e9e7ced257942e02d000dfe12e25e6c7f43e15df1e9e96f,True,False,True
21,altered,B_swap_units_8_9,True,True,True,True,4,2,True,True,True,True,a9395aee92a4482a7617ee99dda65261c84f4c21c1c07c4e9530624f5aa84742,5a275cd8986e1a45236c3906aae644a852ab04cbcec6f19568542d6effd27f83,a9395aee92a4482a7617ee99dda65261c84f4c21c1c07c4e9530624f5aa84742,9ccc217b933d4087d91b4d74a7dfbc20fda152be3893b55b884af2cbe198f843,5a275cd8986e1a45236c3906aae644a852ab04cbcec6f19568542d6effd27f83,True,False,True
22,control,none,True,True,False,True,0,0,True,True,True,True,b7bbaec1cc60db13b8bc1d1378ee529764f3277eed9aabe08867a5b370f4fc71,1b07188100d45669ae712631221bd04345fe2d921856d433f5cde081945017fc,b7bbaec1cc60db13b8bc1d1378ee529764f3277eed9aabe08867a5b370f4fc71,1b07188100d45669ae712631221bd04345fe2d921856d433f5cde081945017fc,1b07188100d45669ae712631221bd04345fe2d921856d433f5cde081945017fc,True,True,True
22,altered,A_swap_units_0_1,True,True,True,True,4,2,True,True,True,True,b7bbaec1cc60db13b8bc1d1378ee529764f3277eed9aabe08867a5b370f4fc71,c01265ae335deb3a8c5dc69a1b0d26834243e21d096d9fd61f9d410fbb8c8665,b7bbaec1cc60db13b8bc1d1378ee529764f3277eed9aabe08867a5b370f4fc71,1b07188100d45669ae712631221bd04345fe2d921856d433f5cde081945017fc,c01265ae335deb3a8c5dc69a1b0d26834243e21d096d9fd61f9d410fbb8c8665,True,False,True
22,altered,B_swap_units_8_9,True,True,True,True,4,2,True,True,True,True,b7bbaec1cc60db13b8bc1d1378ee529764f3277eed9aabe08867a5b370f4fc71,4e9724b65e16b59f9dd2efee45e9b1307fcbaab2ecb6632d01cad0febdf4c12c,b7bbaec1cc60db13b8bc1d1378ee529764f3277eed9aabe08867a5b370f4fc71,1b07188100d45669ae712631221bd04345fe2d921856d433f5cde081945017fc,4e9724b65e16b59f9dd2efee45e9b1307fcbaab2ecb6632d01cad0febdf4c12c,True,False,True
23,control,none,True,True,False,True,0,0,True,True,True,True,8ed9123ff3447fab1485b1b0a9e83393bef6f3d273323bed3c9d1aeb4c5404e7,7bb60c652fe90ed5237e5417dfe82def07038db983ce6f2bf0ee96e9b6fbffbc,8ed9123ff3447fab1485b1b0a9e83393bef6f3d273323bed3c9d1aeb4c5404e7,7bb60c652fe90ed5237e5417dfe82def07038db983ce6f2bf0ee96e9b6fbffbc,7bb60c652fe90ed5237e5417dfe82def07038db983ce6f2bf0ee96e9b6fbffbc,True,True,True
23,altered,A_swap_units_0_1,True,True,True,True,4,2,True,True,True,True,8ed9123ff3447fab1485b1b0a9e83393bef6f3d273323bed3c9d1aeb4c5404e7,746ee3ebaf19e336ea7c16409e40342334c0f76c82253880602435dad0f54636,8ed9123ff3447fab1485b1b0a9e83393bef6f3d273323bed3c9d1aeb4c5404e7,7bb60c652fe90ed5237e5417dfe82def07038db983ce6f2bf0ee96e9b6fbffbc,746ee3ebaf19e336ea7c16409e40342334c0f76c82253880602435dad0f54636,True,False,True
23,altered,B_swap_units_8_9,True,True,True,True,4,2,True,True,True,True,8ed9123ff3447fab1485b1b0a9e83393bef6f3d273323bed3c9d1aeb4c5404e7,8eb0f9dc276663c01124cb383d0ccd3a60d9cdbfa8eeec1d8b97ee3cdc319293,8ed9123ff3447fab1485b1b0a9e83393bef6f3d273323bed3c9d1aeb4c5404e7,7bb60c652fe90ed5237e5417dfe82def07038db983ce6f2bf0ee96e9b6fbffbc,8eb0f9dc276663c01124cb383d0ccd3a60d9cdbfa8eeec1d8b97ee3cdc319293,True,False,True
24,control,none,True,True,False,True,0,0,True,True,True,True,3ad085bbdac738663569e7330c1cc5b093ffb72ce2ac7174774b455bc7b9160b,31012d368927812954692ce08f3abaea62734cfe116f25db068a9ec8bf1be977,3ad085bbdac738663569e7330c1cc5b093ffb72ce2ac7174774b455bc7b9160b,31012d368927812954692ce08f3abaea62734cfe116f25db068a9ec8bf1be977,31012d368927812954692ce08f3abaea62734cfe116f25db068a9ec8bf1be977,True,True,True
24,altered,A_swap_units_0_1,True,True,True,True,4,2,True,True,True,True,3ad085bbdac738663569e7330c1cc5b093ffb72ce2ac7174774b455bc7b9160b,953e8736211763f1b9019ce8008ed17a92414f3b0ceb18079bd8abb17428d309,3ad085bbdac738663569e7330c1cc5b093ffb72ce2ac7174774b455bc7b9160b,31012d368927812954692ce08f3abaea62734cfe116f25db068a9ec8bf1be977,953e8736211763f1b9019ce8008ed17a92414f3b0ceb18079bd8abb17428d309,True,False,True
24,altered,B_swap_units_8_9,True,True,True,True,4,2,True,True,True,True,3ad085bbdac738663569e7330c1cc5b093ffb72ce2ac7174774b455bc7b9160b,41bef2c15a2a3c6f218d04bd80c22a0c1d224dfc0acf0b35048b63f7f4639d07,3ad085bbdac738663569e7330c1cc5b093ffb72ce2ac7174774b455bc7b9160b,31012d368927812954692ce08f3abaea62734cfe116f25db068a9ec8bf1be977,41bef2c15a2a3c6f218d04bd80c22a0c1d224dfc0acf0b35048b63f7f4639d07,True,False,True
25,control,none,True,True,False,True,0,0,True,True,True,True,4086841df6528ee89294951524982fbea47564a8b4abec98763f0638cdb616f2,c571e1181f7a6827c075ccffdac954c7b5161139d97e4b614d9a06edb38b722a,4086841df6528ee89294951524982fbea47564a8b4abec98763f0638cdb616f2,c571e1181f7a6827c075ccffdac954c7b5161139d97e4b614d9a06edb38b722a,c571e1181f7a6827c075ccffdac954c7b5161139d97e4b614d9a06edb38b722a,True,True,True
25,altered,A_swap_units_0_1,True,True,True,True,4,2,True,True,True,True,4086841df6528ee89294951524982fbea47564a8b4abec98763f0638cdb616f2,3e7641481def00882392690906b629ebc97199d6b5b40a27ebe41287c0e7bcee,4086841df6528ee89294951524982fbea47564a8b4abec98763f0638cdb616f2,c571e1181f7a6827c075ccffdac954c7b5161139d97e4b614d9a06edb38b722a,3e7641481def00882392690906b629ebc97199d6b5b40a27ebe41287c0e7bcee,True,False,True
25,altered,B_swap_units_8_9,True,True,True,True,4,2,True,True,True,True,4086841df6528ee89294951524982fbea47564a8b4abec98763f0638cdb616f2,5fac35643626f1f86925da82d81137db520464190c46716f3c0d3c07ce754f0b,4086841df6528ee89294951524982fbea47564a8b4abec98763f0638cdb616f2,c571e1181f7a6827c075ccffdac954c7b5161139d97e4b614d9a06edb38b722a,5fac35643626f1f86925da82d81137db520464190c46716f3c0d3c07ce754f0b,True,False,True
26,control,none,True,True,False,True,0,0,True,True,True,True,196750d6a81feed87e086be1018cddab1010a958d2314213c2b7ef0847809a7e,33cc0a2118c886c6ef053db407e09e98230fb32a88b94212676cf9dfc4dba60f,196750d6a81feed87e086be1018cddab1010a958d2314213c2b7ef0847809a7e,33cc0a2118c886c6ef053db407e09e98230fb32a88b94212676cf9dfc4dba60f,33cc0a2118c886c6ef053db407e09e98230fb32a88b94212676cf9dfc4dba60f,True,True,True
26,altered,A_swap_units_0_1,True,True,True,True,4,2,True,True,True,True,196750d6a81feed87e086be1018cddab1010a958d2314213c2b7ef0847809a7e,19bdc53b1f0d3ed5225b272c3a2889d2e0b966d13bb31070c0d789b18f057823,196750d6a81feed87e086be1018cddab1010a958d2314213c2b7ef0847809a7e,33cc0a2118c886c6ef053db407e09e98230fb32a88b94212676cf9dfc4dba60f,19bdc53b1f0d3ed5225b272c3a2889d2e0b966d13bb31070c0d789b18f057823,True,False,True
26,altered,B_swap_units_8_9,True,True,True,True,4,2,True,True,True,True,196750d6a81feed87e086be1018cddab1010a958d2314213c2b7ef0847809a7e,76a15a30dc9e017993a82c03e73294af85e7c05f80d03b11b316eb674d569662,196750d6a81feed87e086be1018cddab1010a958d2314213c2b7ef0847809a7e,33cc0a2118c886c6ef053db407e09e98230fb32a88b94212676cf9dfc4dba60f,76a15a30dc9e017993a82c03e73294af85e7c05f80d03b11b316eb674d569662,True,False,True
27,control,none,True,True,False,True,0,0,True,True,True,True,3f448cc164496f2299d1011dcf2c52bda8a9c1fc809069ea9a98a258ddecd6d4,830294cc9b43780b38dfb834dd818c9a23b13600ab84837011a804207a89643c,3f448cc164496f2299d1011dcf2c52bda8a9c1fc809069ea9a98a258ddecd6d4,830294cc9b43780b38dfb834dd818c9a23b13600ab84837011a804207a89643c,830294cc9b43780b38dfb834dd818c9a23b13600ab84837011a804207a89643c,True,True,True
27,altered,A_swap_units_0_1,True,True,True,True,4,2,True,True,True,True,3f448cc164496f2299d1011dcf2c52bda8a9c1fc809069ea9a98a258ddecd6d4,ab545b8aa78246aa18ad79f429ecec090b5f0d25c3942c5aae0263147d79e33c,3f448cc164496f2299d1011dcf2c52bda8a9c1fc809069ea9a98a258ddecd6d4,830294cc9b43780b38dfb834dd818c9a23b13600ab84837011a804207a89643c,ab545b8aa78246aa18ad79f429ecec090b5f0d25c3942c5aae0263147d79e33c,True,False,True
27,altered,B_swap_units_8_9,True,True,True,True,4,2,True,True,True,True,3f448cc164496f2299d1011dcf2c52bda8a9c1fc809069ea9a98a258ddecd6d4,b9a9e082173cb9fe83075fc766d4af7d7b95c40f2dacf700232d8732a16c5a2e,3f448cc164496f2299d1011dcf2c52bda8a9c1fc809069ea9a98a258ddecd6d4,830294cc9b43780b38dfb834dd818c9a23b13600ab84837011a804207a89643c,b9a9e082173cb9fe83075fc766d4af7d7b95c40f2dacf700232d8732a16c5a2e,True,False,True
28,control,none,True,True,False,True,0,0,True,True,True,True,37f90f878c8c7d640828886426cb66223fe5001459da1eaa60b04cfc1179f9e4,92737d85b74a4eae2ceddd14263a14a7876c5ac25254de824be2cb56597b0d15,37f90f878c8c7d640828886426cb66223fe5001459da1eaa60b04cfc1179f9e4,92737d85b74a4eae2ceddd14263a14a7876c5ac25254de824be2cb56597b0d15,92737d85b74a4eae2ceddd14263a14a7876c5ac25254de824be2cb56597b0d15,True,True,True
28,altered,A_swap_units_0_1,True,True,True,True,4,2,True,True,True,True,37f90f878c8c7d640828886426cb66223fe5001459da1eaa60b04cfc1179f9e4,0118f7ef28ccfc830f27d33d18b86cceebf170806cf0403eaaff368a034c22e8,37f90f878c8c7d640828886426cb66223fe5001459da1eaa60b04cfc1179f9e4,92737d85b74a4eae2ceddd14263a14a7876c5ac25254de824be2cb56597b0d15,0118f7ef28ccfc830f27d33d18b86cceebf170806cf0403eaaff368a034c22e8,True,False,True
28,altered,B_swap_units_8_9,True,True,True,True,4,2,True,True,True,True,37f90f878c8c7d640828886426cb66223fe5001459da1eaa60b04cfc1179f9e4,4434799d53466be51df208fe1a352722481c96b86d610c007f06eddb4cb5154a,37f90f878c8c7d640828886426cb66223fe5001459da1eaa60b04cfc1179f9e4,92737d85b74a4eae2ceddd14263a14a7876c5ac25254de824be2cb56597b0d15,4434799d53466be51df208fe1a352722481c96b86d610c007f06eddb4cb5154a,True,False,True
29,control,none,True,True,False,True,0,0,True,True,True,True,1bed59998ebd2fe55d3d11e26429d60cb6d61cc9ccb8dbb2086d461f5b017f64,1252e255be54074718aeeacfa6a9fe2c63b2f1e7facc4a85679400d6142bd9ac,1bed59998ebd2fe55d3d11e26429d60cb6d61cc9ccb8dbb2086d461f5b017f64,1252e255be54074718aeeacfa6a9fe2c63b2f1e7facc4a85679400d6142bd9ac,1252e255be54074718aeeacfa6a9fe2c63b2f1e7facc4a85679400d6142bd9ac,True,True,True
29,altered,A_swap_units_0_1,True,True,True,True,4,2,True,True,True,True,1bed59998ebd2fe55d3d11e26429d60cb6d61cc9ccb8dbb2086d461f5b017f64,f0ebec8dfb45a43e94b6d7e332359bfabda30d1f45ec91e76b579c6372380722,1bed59998ebd2fe55d3d11e26429d60cb6d61cc9ccb8dbb2086d461f5b017f64,1252e255be54074718aeeacfa6a9fe2c63b2f1e7facc4a85679400d6142bd9ac,f0ebec8dfb45a43e94b6d7e332359bfabda30d1f45ec91e76b579c6372380722,True,False,True
29,altered,B_swap_units_8_9,True,True,True,True,4,2,True,True,True,True,1bed59998ebd2fe55d3d11e26429d60cb6d61cc9ccb8dbb2086d461f5b017f64,8fd673e9549a4cc8c3da4d70aabf52c1ac38d9017165e7299614c30c5e139358,1bed59998ebd2fe55d3d11e26429d60cb6d61cc9ccb8dbb2086d461f5b017f64,1252e255be54074718aeeacfa6a9fe2c63b2f1e7facc4a85679400d6142bd9ac,8fd673e9549a4cc8c3da4d70aabf52c1ac38d9017165e7299614c30c5e139358,True,False,True
30,control,none,True,True,False,True,0,0,True,True,True,True,327e0748656716f98148ed05c42f24771ab481b986273a6819877d9bd3ec4a21,c068898194abc22a12e86f0002b00fe3a5e341b089728343b8c525a74317ebab,327e0748656716f98148ed05c42f24771ab481b986273a6819877d9bd3ec4a21,c068898194abc22a12e86f0002b00fe3a5e341b089728343b8c525a74317ebab,c068898194abc22a12e86f0002b00fe3a5e341b089728343b8c525a74317ebab,True,True,True
30,altered,A_swap_units_0_1,True,True,True,True,4,2,True,True,True,True,327e0748656716f98148ed05c42f24771ab481b986273a6819877d9bd3ec4a21,06a87eb4a792f71103c4824ddc19f8c2d539a407b1acfea16e4a012e8d983d22,327e0748656716f98148ed05c42f24771ab481b986273a6819877d9bd3ec4a21,c068898194abc22a12e86f0002b00fe3a5e341b089728343b8c525a74317ebab,06a87eb4a792f71103c4824ddc19f8c2d539a407b1acfea16e4a012e8d983d22,True,False,True
30,altered,B_swap_units_8_9,True,True,True,True,4,2,True,True,True,True,327e0748656716f98148ed05c42f24771ab481b986273a6819877d9bd3ec4a21,4b9f347cd5bc5646119c108a3adb21379a8c4cadc279051a8ce6bc4360e87eda,327e0748656716f98148ed05c42f24771ab481b986273a6819877d9bd3ec4a21,c068898194abc22a12e86f0002b00fe3a5e341b089728343b8c525a74317ebab,4b9f347cd5bc5646119c108a3adb21379a8c4cadc279051a8ce6bc4360e87eda,True,False,True
31,control,none,True,True,False,True,0,0,True,True,True,True,fc344b16b98bedacb4349a12b895bc6065d7f4ef5581543bbe4484297c19d3d0,7b9214a91feeffcda6860a2b86c37016d225dc5bebc43bfa060b725dec8a1ab4,fc344b16b98bedacb4349a12b895bc6065d7f4ef5581543bbe4484297c19d3d0,7b9214a91feeffcda6860a2b86c37016d225dc5bebc43bfa060b725dec8a1ab4,7b9214a91feeffcda6860a2b86c37016d225dc5bebc43bfa060b725dec8a1ab4,True,True,True
31,altered,A_swap_units_0_1,True,True,True,True,4,2,True,True,True,True,fc344b16b98bedacb4349a12b895bc6065d7f4ef5581543bbe4484297c19d3d0,0fd0b19e5db981df4cda0adff981370f5330b7b8e0dff14635e48c1149127d1f,fc344b16b98bedacb4349a12b895bc6065d7f4ef5581543bbe4484297c19d3d0,7b9214a91feeffcda6860a2b86c37016d225dc5bebc43bfa060b725dec8a1ab4,0fd0b19e5db981df4cda0adff981370f5330b7b8e0dff14635e48c1149127d1f,True,False,True
31,altered,B_swap_units_8_9,True,True,True,True,4,2,True,True,True,True,fc344b16b98bedacb4349a12b895bc6065d7f4ef5581543bbe4484297c19d3d0,d3a9fe67662691bcf02ed94a5187a91388f623489a1e7c3198e7cbf01c9ecf5d,fc344b16b98bedacb4349a12b895bc6065d7f4ef5581543bbe4484297c19d3d0,7b9214a91feeffcda6860a2b86c37016d225dc5bebc43bfa060b725dec8a1ab4,d3a9fe67662691bcf02ed94a5187a91388f623489a1e7c3198e7cbf01c9ecf5d,True,False,True
32,control,none,True,True,False,True,0,0,True,True,True,True,3d2f769dfc99bb3a0d564ea841476a6f5b753b8876db9ca0eba71e9a78642623,c58cd4c5ec198048d2dc6ad05f15c009c58123f514dcd846ada34a8181e49b74,3d2f769dfc99bb3a0d564ea841476a6f5b753b8876db9ca0eba71e9a78642623,c58cd4c5ec198048d2dc6ad05f15c009c58123f514dcd846ada34a8181e49b74,c58cd4c5ec198048d2dc6ad05f15c009c58123f514dcd846ada34a8181e49b74,True,True,True
32,altered,A_swap_units_0_1,True,True,True,True,4,2,True,True,True,True,3d2f769dfc99bb3a0d564ea841476a6f5b753b8876db9ca0eba71e9a78642623,9e3f829299190c631f180b728e30b773eaf33b53e69bada7f93a3c90eb59faf3,3d2f769dfc99bb3a0d564ea841476a6f5b753b8876db9ca0eba71e9a78642623,c58cd4c5ec198048d2dc6ad05f15c009c58123f514dcd846ada34a8181e49b74,9e3f829299190c631f180b728e30b773eaf33b53e69bada7f93a3c90eb59faf3,True,False,True
32,altered,B_swap_units_8_9,True,True,True,True,4,2,True,True,True,True,3d2f769dfc99bb3a0d564ea841476a6f5b753b8876db9ca0eba71e9a78642623,34dbc8e65dba22097e514c4d9675bafa86cfc3441c67c83ee072ad4a2757cc0d,3d2f769dfc99bb3a0d564ea841476a6f5b753b8876db9ca0eba71e9a78642623,c58cd4c5ec198048d2dc6ad05f15c009c58123f514dcd846ada34a8181e49b74,34dbc8e65dba22097e514c4d9675bafa86cfc3441c67c83ee072ad4a2757cc0d,True,False,True
33,control,none,True,True,False,True,0,0,True,True,True,True,7d4ad845e9e24f750f1b0c4b42481ddc5a678da02fdca5dbdcd757cd8a0edb4c,69636a9a6d69f89075a0f5b8089c8b63a61a47aa381eec819fd0dd2ca0102c4c,7d4ad845e9e24f750f1b0c4b42481ddc5a678da02fdca5dbdcd757cd8a0edb4c,69636a9a6d69f89075a0f5b8089c8b63a61a47aa381eec819fd0dd2ca0102c4c,69636a9a6d69f89075a0f5b8089c8b63a61a47aa381eec819fd0dd2ca0102c4c,True,True,True
33,altered,A_swap_units_0_1,True,True,True,True,4,2,True,True,True,True,7d4ad845e9e24f750f1b0c4b42481ddc5a678da02fdca5dbdcd757cd8a0edb4c,a1dbcd5d02f082874b9203a140c66d7f3979cd23b30b67c72f30c8cb23b49092,7d4ad845e9e24f750f1b0c4b42481ddc5a678da02fdca5dbdcd757cd8a0edb4c,69636a9a6d69f89075a0f5b8089c8b63a61a47aa381eec819fd0dd2ca0102c4c,a1dbcd5d02f082874b9203a140c66d7f3979cd23b30b67c72f30c8cb23b49092,True,False,True
33,altered,B_swap_units_8_9,True,True,True,True,4,2,True,True,True,True,7d4ad845e9e24f750f1b0c4b42481ddc5a678da02fdca5dbdcd757cd8a0edb4c,d8a42ad1617aa97208eb09355579ae3c56adf53e9f4abfe49d313bf52ea9f148,7d4ad845e9e24f750f1b0c4b42481ddc5a678da02fdca5dbdcd757cd8a0edb4c,69636a9a6d69f89075a0f5b8089c8b63a61a47aa381eec819fd0dd2ca0102c4c,d8a42ad1617aa97208eb09355579ae3c56adf53e9f4abfe49d313bf52ea9f148,True,False,True
34,control,none,True,True,False,True,0,0,True,True,True,True,e63f43a19b838867cfff1329fdb858bdb5e288052166a162e6a6025a68f65747,3650caa06b69e934d72bb85d045e1620d1a3c8ad93ffb1cb3c5efd6d736149e3,e63f43a19b838867cfff1329fdb858bdb5e288052166a162e6a6025a68f65747,3650caa06b69e934d72bb85d045e1620d1a3c8ad93ffb1cb3c5efd6d736149e3,3650caa06b69e934d72bb85d045e1620d1a3c8ad93ffb1cb3c5efd6d736149e3,True,True,True
34,altered,A_swap_units_0_1,True,True,True,True,4,2,True,True,True,True,e63f43a19b838867cfff1329fdb858bdb5e288052166a162e6a6025a68f65747,ef988785f39e0619a1282e5f8a4121269115bc36873e3a7b7b50234ac7af224e,e63f43a19b838867cfff1329fdb858bdb5e288052166a162e6a6025a68f65747,3650caa06b69e934d72bb85d045e1620d1a3c8ad93ffb1cb3c5efd6d736149e3,ef988785f39e0619a1282e5f8a4121269115bc36873e3a7b7b50234ac7af224e,True,False,True
34,altered,B_swap_units_8_9,True,True,True,True,4,2,True,True,True,True,e63f43a19b838867cfff1329fdb858bdb5e288052166a162e6a6025a68f65747,a78ae61d28d9ece39814c81ad3c775fff3dfcb6695434f1b8bcd6ac7a6d53f12,e63f43a19b838867cfff1329fdb858bdb5e288052166a162e6a6025a68f65747,3650caa06b69e934d72bb85d045e1620d1a3c8ad93ffb1cb3c5efd6d736149e3,a78ae61d28d9ece39814c81ad3c775fff3dfcb6695434f1b8bcd6ac7a6d53f12,True,False,True
35,control,none,True,True,False,True,0,0,True,True,True,True,d8aa18a71d9ff18d039164fea88b9528baee49fae5b03b1ff6e90acdae614861,97566cb30a4c7606f5eb7365c89b1dce11ee66f8ca79da09d04f999916dfc1f8,d8aa18a71d9ff18d039164fea88b9528baee49fae5b03b1ff6e90acdae614861,97566cb30a4c7606f5eb7365c89b1dce11ee66f8ca79da09d04f999916dfc1f8,97566cb30a4c7606f5eb7365c89b1dce11ee66f8ca79da09d04f999916dfc1f8,True,True,True
35,altered,A_swap_units_0_1,True,True,True,True,4,2,True,True,True,True,d8aa18a71d9ff18d039164fea88b9528baee49fae5b03b1ff6e90acdae614861,9409cedfa6ebde2b8e10f7a0e3e57bfe805fb3533a8edf44913666bf23d88de7,d8aa18a71d9ff18d039164fea88b9528baee49fae5b03b1ff6e90acdae614861,97566cb30a4c7606f5eb7365c89b1dce11ee66f8ca79da09d04f999916dfc1f8,9409cedfa6ebde2b8e10f7a0e3e57bfe805fb3533a8edf44913666bf23d88de7,True,False,True
35,altered,B_swap_units_8_9,True,True,True,True,4,2,True,True,True,True,d8aa18a71d9ff18d039164fea88b9528baee49fae5b03b1ff6e90acdae614861,deeb2413f7e03503ccdab432cbbcd9169cd5687fd7b24bbeea48ec8bdd345cd3,d8aa18a71d9ff18d039164fea88b9528baee49fae5b03b1ff6e90acdae614861,97566cb30a4c7606f5eb7365c89b1dce11ee66f8ca79da09d04f999916dfc1f8,deeb2413f7e03503ccdab432cbbcd9169cd5687fd7b24bbeea48ec8bdd345cd3,True,False,True
36,control,none,True,True,False,True,0,0,True,True,True,True,69e90bf2f4011abb6eb303d74e5b62afdb585d7c9993275d756ca91d79cef986,f767f4a739efeac5f48d45a928f012ce270da7b1c3eb9d192f840d501a12549d,69e90bf2f4011abb6eb303d74e5b62afdb585d7c9993275d756ca91d79cef986,f767f4a739efeac5f48d45a928f012ce270da7b1c3eb9d192f840d501a12549d,f767f4a739efeac5f48d45a928f012ce270da7b1c3eb9d192f840d501a12549d,True,True,True
36,altered,A_swap_units_0_1,True,True,True,True,4,2,True,True,True,True,69e90bf2f4011abb6eb303d74e5b62afdb585d7c9993275d756ca91d79cef986,911fe9ab8c1a353f8060bad8864477875db69cf523ff89f14aba7f4b88c3377a,69e90bf2f4011abb6eb303d74e5b62afdb585d7c9993275d756ca91d79cef986,f767f4a739efeac5f48d45a928f012ce270da7b1c3eb9d192f840d501a12549d,911fe9ab8c1a353f8060bad8864477875db69cf523ff89f14aba7f4b88c3377a,True,False,True
36,altered,B_swap_units_8_9,True,True,True,True,4,2,True,True,True,True,69e90bf2f4011abb6eb303d74e5b62afdb585d7c9993275d756ca91d79cef986,d60e2b854442dd6c7809236781981c833ec69eeac4faebae45e3ed1a48c9556e,69e90bf2f4011abb6eb303d74e5b62afdb585d7c9993275d756ca91d79cef986,f767f4a739efeac5f48d45a928f012ce270da7b1c3eb9d192f840d501a12549d,d60e2b854442dd6c7809236781981c833ec69eeac4faebae45e3ed1a48c9556e,True,False,True
37,control,none,True,True,False,True,0,0,True,True,True,True,8a3da1fb4f84198a83c420b0dc1db50f8eec0d76c9c7d4d6f0c1b67dc32dfba8,1ef8d6686bc86a276006739000ced4e892fb36f0cd20c4178cba07581f9c29a5,8a3da1fb4f84198a83c420b0dc1db50f8eec0d76c9c7d4d6f0c1b67dc32dfba8,1ef8d6686bc86a276006739000ced4e892fb36f0cd20c4178cba07581f9c29a5,1ef8d6686bc86a276006739000ced4e892fb36f0cd20c4178cba07581f9c29a5,True,True,True
37,altered,A_swap_units_0_1,True,True,True,True,4,2,True,True,True,True,8a3da1fb4f84198a83c420b0dc1db50f8eec0d76c9c7d4d6f0c1b67dc32dfba8,ddd3b2cff741f1d60c208ee16d75cdb666e5ef7794523099bf39c498ee119967,8a3da1fb4f84198a83c420b0dc1db50f8eec0d76c9c7d4d6f0c1b67dc32dfba8,1ef8d6686bc86a276006739000ced4e892fb36f0cd20c4178cba07581f9c29a5,ddd3b2cff741f1d60c208ee16d75cdb666e5ef7794523099bf39c498ee119967,True,False,True
37,altered,B_swap_units_8_9,True,True,True,True,4,2,True,True,True,True,8a3da1fb4f84198a83c420b0dc1db50f8eec0d76c9c7d4d6f0c1b67dc32dfba8,d769c8d1f8e93aaf3218b1e0ae0a7e80b880dbf6f5308f3618bf74a27eae6d4e,8a3da1fb4f84198a83c420b0dc1db50f8eec0d76c9c7d4d6f0c1b67dc32dfba8,1ef8d6686bc86a276006739000ced4e892fb36f0cd20c4178cba07581f9c29a5,d769c8d1f8e93aaf3218b1e0ae0a7e80b880dbf6f5308f3618bf74a27eae6d4e,True,False,True
38,control,none,True,True,False,True,0,0,True,True,True,True,8aae73caba76c9530b072feac926fb4150327a52c0ef2e608893f853e27042c0,76a2857a74ea3d81dcba0e788f6538165c62c56ca0d8ee5b1578ff81cb13db12,8aae73caba76c9530b072feac926fb4150327a52c0ef2e608893f853e27042c0,76a2857a74ea3d81dcba0e788f6538165c62c56ca0d8ee5b1578ff81cb13db12,76a2857a74ea3d81dcba0e788f6538165c62c56ca0d8ee5b1578ff81cb13db12,True,True,True
38,altered,A_swap_units_0_1,True,True,True,True,4,2,True,True,True,True,8aae73caba76c9530b072feac926fb4150327a52c0ef2e608893f853e27042c0,50d80317be32c6c08c9fa2c9e89ff29f9066bb0622932ee1ba53f690f6b63cb1,8aae73caba76c9530b072feac926fb4150327a52c0ef2e608893f853e27042c0,76a2857a74ea3d81dcba0e788f6538165c62c56ca0d8ee5b1578ff81cb13db12,50d80317be32c6c08c9fa2c9e89ff29f9066bb0622932ee1ba53f690f6b63cb1,True,False,True
38,altered,B_swap_units_8_9,True,True,True,True,4,2,True,True,True,True,8aae73caba76c9530b072feac926fb4150327a52c0ef2e608893f853e27042c0,a57cb217776cd13cfb59d67f179619797e0c99b3a503a711ab634e059daa8429,8aae73caba76c9530b072feac926fb4150327a52c0ef2e608893f853e27042c0,76a2857a74ea3d81dcba0e788f6538165c62c56ca0d8ee5b1578ff81cb13db12,a57cb217776cd13cfb59d67f179619797e0c99b3a503a711ab634e059daa8429,True,False,True
39,control,none,True,True,False,True,0,0,True,True,True,True,46687375e3ae624740a86d170b69e5e485229b3d8fb5288ab4272b7602830a33,ce0b4b81871023e2b372f38f9733a157e4dcfa8d716dbee3514e3c70e0dc5330,46687375e3ae624740a86d170b69e5e485229b3d8fb5288ab4272b7602830a33,ce0b4b81871023e2b372f38f9733a157e4dcfa8d716dbee3514e3c70e0dc5330,ce0b4b81871023e2b372f38f9733a157e4dcfa8d716dbee3514e3c70e0dc5330,True,True,True
39,altered,A_swap_units_0_1,True,True,True,True,4,2,True,True,True,True,46687375e3ae624740a86d170b69e5e485229b3d8fb5288ab4272b7602830a33,6717a4e8859af4039a4b36604aa8ebbb7b2ce164a481bc404463831a36e09b84,46687375e3ae624740a86d170b69e5e485229b3d8fb5288ab4272b7602830a33,ce0b4b81871023e2b372f38f9733a157e4dcfa8d716dbee3514e3c70e0dc5330,6717a4e8859af4039a4b36604aa8ebbb7b2ce164a481bc404463831a36e09b84,True,False,True
39,altered,B_swap_units_8_9,True,True,True,True,4,2,True,True,True,True,46687375e3ae624740a86d170b69e5e485229b3d8fb5288ab4272b7602830a33,ec1b9a91d14314f76993dd5ef5980b45168e2cd78bc35544602a1f3de7e1fe39,46687375e3ae624740a86d170b69e5e485229b3d8fb5288ab4272b7602830a33,ce0b4b81871023e2b372f38f9733a157e4dcfa8d716dbee3514e3c70e0dc5330,ec1b9a91d14314f76993dd5ef5980b45168e2cd78bc35544602a1f3de7e1fe39,True,False,True
