analysis,block_id,start_seed,end_seed,selected_rule,U_dev,N_eligible,U_hold,H,D,n_eligible_rules
overlapping,0,0,47,1,0.256459500399,6024,0.266992800371,1.04107198195,1,6
overlapping,1,1,48,1,0.267980286134,6028,0.257901599801,0.962390194897,1,6
overlapping,2,2,49,1,0.275877033129,6050,0.259830401368,0.941834115079,1,6
overlapping,3,3,50,1,0.278652068205,6046,0.260116283338,0.933480540853,1,6
overlapping,4,4,51,1,0.28124407509,6040,0.273791954207,0.973503012001,1,6
overlapping,5,5,52,1,0.280527062973,6069,0.271334835935,0.967232298587,1,6
overlapping,6,6,53,1,0.278794738465,6051,0.272080168036,0.975915720412,1,6
overlapping,7,7,54,1,0.283116733605,6063,0.266948214933,0.942890981872,1,6
overlapping,8,8,55,1,0.288179611493,6066,0.266223743062,0.92381186054,1,6
overlapping,9,9,56,1,0.294638724594,6052,0.272856994449,0.926073091122,1,6
overlapping,10,10,57,1,0.290930047668,6041,0.27396066215,0.941671939168,1,6
overlapping,11,11,58,1,0.285963443781,6052,0.279140117165,0.976139164763,1,6
overlapping,12,12,59,1,0.287837928559,6055,0.278237730451,0.966647209573,1,6
overlapping,13,13,60,1,0.289471207052,6053,0.279565686572,0.96578063642,1,6
overlapping,14,14,61,1,0.28482897745,6061,0.285782402377,1.0033473593,1,6
overlapping,15,15,62,1,0.274628348275,6069,0.292520865964,1.06515175072,1,6
overlapping,16,16,63,1,0.267503185943,6087,0.290275455539,1.08512896591,1,6
overlapping,17,17,64,1,0.265379072156,6083,0.287778956384,1.08440712392,1,6
overlapping,18,18,65,1,0.261609921315,6100,0.285378680901,1.09085572698,1,6
overlapping,19,19,66,1,0.249103782382,6089,0.282043858125,1.13223434598,0,6
overlapping,20,20,67,1,0.254941999372,6066,0.283181678394,1.1107690341,1,6
overlapping,21,21,68,1,0.256291432155,6072,0.279621071776,1.09102777812,1,6
overlapping,22,22,69,1,0.251405536235,6082,0.279860944855,1.11318529037,1,6
overlapping,23,23,70,1,0.254920841013,6111,0.275778112313,1.08181861952,1,6
overlapping,24,24,71,1,0.252762884926,6096,0.278640495996,1.10237899871,1,6
overlapping,25,25,72,1,0.261399511784,6089,0.273262047507,1.04538086411,1,6
overlapping,26,26,73,1,0.26376297586,6088,0.26484192049,1.00409058408,1,6
overlapping,27,27,74,1,0.262237320605,6086,0.257396353114,0.98153974621,1,6
overlapping,28,28,75,1,0.259704249589,6072,0.263228918206,1.01357185577,1,6
overlapping,29,29,76,1,0.255667161632,6069,0.264800487748,1.03572350104,1,6
overlapping,30,30,77,1,0.265912164391,6059,0.259824125555,0.977105075842,1,6
overlapping,31,31,78,1,0.270864621235,6050,0.256243526715,0.946020656175,1,6
overlapping,32,32,79,1,0.269402561734,6056,0.261924789495,0.972243128683,1,6
overlapping,33,33,80,1,0.271779221328,6048,0.252040332898,0.92737160577,1,6
overlapping,34,34,81,1,0.271143973286,6054,0.24695590307,0.910792521321,1,6
overlapping,35,35,82,1,0.272565187472,6067,0.239484629678,0.878632491181,1,6
overlapping,36,36,83,1,0.276925105739,6076,0.242553923137,0.875882749922,1,6
overlapping,37,37,84,1,0.269433364534,6093,0.244745927906,0.908372756022,1,6
overlapping,38,38,85,1,0.269242127525,6099,0.246528471109,0.915638549495,1,6
overlapping,39,39,86,1,0.276688998097,6122,0.249754108768,0.902652835803,1,6
overlapping,40,40,87,1,0.278546132187,6119,0.256796697007,0.92191801405,1,6
overlapping,41,41,88,1,0.27930743201,6127,0.259441789727,0.9288753538,1,6
overlapping,42,42,89,1,0.280698864703,6119,0.265921457723,0.94735494568,1,6
overlapping,43,43,90,1,0.282041705789,6126,0.266068512809,0.943365847489,1,6
overlapping,44,44,91,1,0.286005950565,6120,0.274523559513,0.959852614851,1,6
overlapping,45,45,92,1,0.286494597082,6140,0.275128972754,0.960328660841,1,6
overlapping,46,46,93,1,0.28513279987,6143,0.275628456138,0.966666957516,1,6
overlapping,47,47,94,1,0.284066035065,6170,0.274043051773,0.964716009466,1,6
overlapping,48,48,95,1,0.285124088773,6170,0.275211484963,0.965234071058,1,6
overlapping,49,49,96,1,0.281958188803,6181,0.281139884795,0.997097782434,1,6
overlapping,50,50,97,1,0.275433650397,6172,0.278119401058,1.0097509896,1,6
overlapping,51,51,98,1,0.275027638618,6172,0.281459437806,1.02338601029,1,6
overlapping,52,52,99,1,0.273180276572,6176,0.283570128651,1.03803295102,1,6
overlapping,53,53,100,1,0.270151042288,6157,0.279958785639,1.03630466597,1,6
overlapping,54,54,101,1,0.275112677066,6181,0.274774602603,0.998771141822,1,6
overlapping,55,55,102,1,0.266101420946,6179,0.276774238331,1.04010808115,1,6
overlapping,56,56,103,1,0.261159702821,6178,0.284744047369,1.09030621606,1,6
overlapping,57,57,104,1,0.258460726877,6187,0.279392875675,1.08098773477,1,6
overlapping,58,58,105,1,0.262998825824,6175,0.280239088627,1.06555262271,1,6
overlapping,59,59,106,1,0.268411540772,6166,0.278154905266,1.03630009524,1,6
overlapping,60,60,107,1,0.266088805069,6165,0.277045946048,1.04117851172,1,6
overlapping,61,61,108,1,0.256273787072,6161,0.281022890479,1.09657290232,1,6
overlapping,62,62,109,1,0.253654154989,6147,0.29022168481,1.14416294432,1,6
overlapping,63,63,110,1,0.256884890145,6144,0.278821347976,1.08539411493,1,6
overlapping,64,64,111,1,0.257601957419,6134,0.277733555532,1.07815001995,1,6
overlapping,65,65,112,1,0.265141785806,6137,0.275524548305,1.03915928403,1,6
overlapping,66,66,113,1,0.266856843218,6133,0.279673521338,1.048028291,1,6
overlapping,67,67,114,1,0.270145350596,6141,0.281394842218,1.04164236622,1,6
overlapping,68,68,115,1,0.269495702605,6160,0.277326355918,1.02905669084,1,6
overlapping,69,69,116,1,0.269965751885,6150,0.274350142558,1.016240544,1,6
overlapping,70,70,117,1,0.267929423193,6158,0.272219822739,1.01601317054,1,6
overlapping,71,71,118,1,0.275444640244,6137,0.282042347566,1.02395293412,1,6
overlapping,72,72,119,1,0.275670975725,6139,0.271491826765,0.98484008355,1,6
overlapping,73,73,120,1,0.266406290361,6137,0.275962763794,1.035871801,1,6
overlapping,74,74,121,1,0.267341518702,6134,0.282359324193,1.05617460978,1,6
overlapping,75,75,122,1,0.265887227587,6118,0.290263269011,1.091678121,1,6
overlapping,76,76,123,1,0.268764548413,6125,0.279236326127,1.03896264509,1,6
overlapping,77,77,124,1,0.273115161359,6148,0.277880289819,1.01744732309,1,6
overlapping,78,78,125,1,0.262259863135,6159,0.27373117812,1.04374026147,1,6
overlapping,79,79,126,1,0.258472162419,6162,0.272383736578,1.05382233053,1,6
overlapping,80,80,127,1,0.260795327948,6145,0.266902526559,1.0234175921,1,6
overlapping,81,81,128,1,0.250463529607,6146,0.27233923635,1.08734088663,1,6
overlapping,82,82,129,1,0.247765387496,6132,0.27386341677,1.10533363654,0,6
overlapping,83,83,130,1,0.241873073169,6119,0.278673873281,1.15214922285,0,6
overlapping,84,84,131,1,0.236035902524,6108,0.272815446523,1.15582182035,0,6
overlapping,85,85,132,1,0.237913803166,6108,0.271697946335,1.14200161033,0,6
overlapping,86,86,133,1,0.226885997052,6106,0.272663863997,1.2017659421,0,6
overlapping,87,87,134,1,0.213861751046,6103,0.267631891021,1.25142476255,0,6
overlapping,88,88,135,1,0.210901455651,6112,0.269598691906,1.27831593705,0,6
overlapping,89,89,136,1,0.200510030458,6099,0.266654147435,1.32987934232,0,6
overlapping,90,90,137,4,0.205166053956,6092,0.190413283249,0.928093510488,0,6
overlapping,91,91,138,4,0.199472958651,6102,0.188305142811,0.944013384495,0,6
overlapping,92,92,139,4,0.197956304393,6104,0.186557260863,0.942416365245,0,6
overlapping,93,93,140,3,0.189868689578,6096,0.220224680184,1.15987886509,0,6
overlapping,94,94,141,4,0.192449938898,6127,0.192863504026,1.00214894912,0,6
overlapping,95,95,142,3,0.201896724288,6097,0.213973613396,1.05981716221,0,6
overlapping,96,96,143,3,0.20087554744,6091,0.211083190739,1.05081575846,0,6
overlapping,97,97,144,3,0.196495165311,6092,0.219705465991,1.11812148479,0,6
overlapping,98,98,145,1,0.204825059009,6046,0.269974631332,1.31807422704,0,6
overlapping,99,99,146,5,0.1994432149,6067,0.207521673528,1.04050505619,0,6
overlapping,100,100,147,1,0.199602301524,6048,0.263757654327,1.32141589707,0,6
overlapping,101,101,148,3,0.203559869596,6087,0.213962285621,1.05110248914,0,6
overlapping,102,102,149,1,0.201236607492,6037,0.287972787647,1.43101591324,0,6
overlapping,103,103,150,1,0.214634826596,6039,0.288639482559,1.34479332705,0,6
overlapping,104,104,151,1,0.219968887835,6042,0.285782942974,1.29919710822,0,6
overlapping,105,105,152,1,0.217816112168,6049,0.287442987418,1.31965897544,0,6
overlapping,106,106,153,1,0.215823562037,6085,0.285633541601,1.32345856451,0,6
overlapping,107,107,154,1,0.218084847643,6094,0.285235966834,1.30791281429,0,6
overlapping,108,108,155,1,0.219348102495,6106,0.2903707705,1.32378975335,0,6
overlapping,109,109,156,1,0.227801359232,6113,0.279538334248,1.22711442631,0,6
overlapping,110,110,157,1,0.228880545765,6128,0.265777316852,1.16120536135,0,6
overlapping,111,111,158,1,0.231163800897,6125,0.272790506153,1.18007449737,0,6
overlapping,112,112,159,1,0.22452929482,6126,0.272456363341,1.21345574777,0,6
overlapping,113,113,160,1,0.22409508434,6123,0.275030680672,1.22729457222,0,6
overlapping,114,114,161,1,0.22891634973,6129,0.272618885906,1.19091050607,0,6
overlapping,115,115,162,1,0.22667044078,6119,0.276823724369,1.22126080232,0,6
overlapping,116,116,163,1,0.226163774904,6108,0.278266508542,1.23037612306,0,6
overlapping,117,117,164,1,0.23373941458,6126,0.28322999035,1.21173397674,0,6
overlapping,118,118,165,1,0.237204769437,6125,0.286541504284,1.20799217049,0,6
overlapping,119,119,166,1,0.241234596104,6131,0.281433962544,1.16664013823,0,6
overlapping,120,120,167,1,0.237069517071,6129,0.289190852791,1.21985675916,0,6
overlapping,121,121,168,1,0.241974724139,6136,0.281413105254,1.16298554014,0,6
overlapping,122,122,169,1,0.239463046019,6148,0.27954245792,1.16737201237,0,6
overlapping,123,123,170,1,0.239679652817,6152,0.275549383871,1.14965697184,0,6
overlapping,124,124,171,1,0.239761560864,6141,0.281052949727,1.17221855211,0,6
overlapping,125,125,172,1,0.234894177059,6137,0.281522371995,1.19850724067,0,6
overlapping,126,126,173,1,0.243557409604,6133,0.277383721123,1.13888434589,0,6
overlapping,127,127,174,1,0.242284813,6121,0.278502767868,1.14948503961,0,6
overlapping,128,128,175,1,0.24653430255,6150,0.276686779484,1.12230540181,0,6
overlapping,129,129,176,1,0.249843214815,6160,0.270494890203,1.08265854009,0,6
overlapping,130,130,177,1,0.256549140972,6163,0.271619432814,1.05874232042,1,6
overlapping,131,131,178,1,0.264229874152,6172,0.275683596198,1.04334756652,1,6
overlapping,132,132,179,1,0.263363060443,6195,0.276965637874,1.05164952673,1,6
overlapping,133,133,180,1,0.257835836176,6202,0.278546682085,1.0803257073,1,6
overlapping,134,134,181,1,0.262712131657,6195,0.279622734018,1.06436932415,1,6
overlapping,135,135,182,1,0.271638183299,6206,0.291049076654,1.07145863339,1,6
overlapping,136,136,183,1,0.26416437534,6208,0.287209247113,1.08723686433,1,6
overlapping,137,137,184,1,0.273979736196,6221,0.280476485248,1.02371251663,1,6
overlapping,138,138,185,1,0.276622585284,6219,0.282614827897,1.02166215968,1,6
overlapping,139,139,186,1,0.275290804255,6228,0.275535285594,1.00088808393,1,6
overlapping,140,140,187,1,0.275520296703,6236,0.280044469984,1.01642047187,1,6
overlapping,141,141,188,1,0.282415230879,6250,0.279690902823,0.990353466251,1,6
overlapping,142,142,189,1,0.283330912286,6265,0.277782746766,0.980418072015,1,6
overlapping,143,143,190,1,0.280857069139,6270,0.267007330198,0.950687590015,1,6
overlapping,144,144,191,1,0.280293521161,6280,0.27059589178,0.965401878214,1,6
overlapping,145,145,192,1,0.276590111515,6285,0.272007788309,0.983432801772,1,6
overlapping,146,146,193,1,0.270116396001,6313,0.262654525399,0.9723753511,1,6
overlapping,147,147,194,1,0.271210084986,6310,0.270901865258,0.998863538837,1,6
overlapping,148,148,195,1,0.267963731665,6306,0.26615262843,0.993241237449,1,6
overlapping,149,149,196,1,0.263633712659,6309,0.258402055608,0.980155584057,1,6
overlapping,150,150,197,1,0.257831037027,6301,0.248740251556,0.964741306648,1,6
overlapping,151,151,198,1,0.257936354514,6296,0.250211201027,0.970050156361,1,6
overlapping,152,152,199,1,0.257449064274,6305,0.239559160916,0.930510901609,1,6
overlapping,153,153,200,1,0.261759972968,6302,0.2338200308,0.893261212357,1,6
overlapping,154,154,201,1,0.261780711256,6284,0.230933684573,0.882164631098,1,6
overlapping,155,155,202,1,0.2527113736,6272,0.227961843785,0.902064044594,1,6
overlapping,156,156,203,1,0.245914014646,6263,0.234521953053,0.953674614238,0,6
overlapping,157,157,204,1,0.239711847316,6273,0.243851462105,1.01726912889,0,6
overlapping,158,158,205,1,0.237612633989,6264,0.247771190214,1.04275259297,0,6
overlapping,159,159,206,1,0.237215926787,6252,0.247585169681,1.04371225421,0,6
overlapping,160,160,207,1,0.24535563926,6247,0.237822311108,0.96929629099,0,6
overlapping,161,161,208,1,0.243019088311,6250,0.239167018542,0.984149106163,0,6
overlapping,162,162,209,1,0.240050223192,6223,0.242389170507,1.00974357484,0,6
overlapping,163,163,210,1,0.242792514598,6220,0.241436506207,0.994414949763,0,6
overlapping,164,164,211,1,0.238504714025,6224,0.246031040258,1.03155629969,0,6
overlapping,165,165,212,1,0.233101414087,6217,0.245628656177,1.05374159629,0,6
overlapping,166,166,213,1,0.229870806255,6190,0.244292287022,1.0627373306,0,6
overlapping,167,167,214,1,0.219010926472,6201,0.240447170209,1.09787750813,0,6
overlapping,168,168,215,1,0.220002747199,6207,0.237540719186,1.07971705904,0,6
overlapping,169,169,216,1,0.216839362615,6206,0.249475766794,1.15050959284,0,6
overlapping,170,170,217,1,0.215070966405,6191,0.249327014474,1.15927788228,0,6
overlapping,171,171,218,1,0.222123695169,6210,0.250040162374,1.12567982531,0,6
overlapping,172,172,219,1,0.226554350283,6216,0.248646620757,1.09751421876,0,6
overlapping,173,173,220,1,0.234356870047,6208,0.250035815281,1.06690200817,0,6
overlapping,174,174,221,1,0.229184772002,6209,0.251392486526,1.09689873515,0,6
overlapping,175,175,222,1,0.22498390775,6214,0.248458790438,1.10434027448,0,6
overlapping,176,176,223,1,0.218131669803,6200,0.251324928879,1.15217074671,0,6
overlapping,177,177,224,1,0.222596234198,6199,0.255979100744,1.14997049104,0,6
overlapping,178,178,225,1,0.217457352215,6208,0.255021976254,1.17274478723,0,6
overlapping,179,179,226,1,0.217109583686,6200,0.247506164896,1.14000570907,0,6
overlapping,180,180,227,1,0.221956434432,6193,0.240877113468,1.08524501254,0,6
overlapping,181,181,228,1,0.225629773202,6178,0.234544202473,1.03950909999,0,6
overlapping,182,182,229,1,0.219109317591,6177,0.230143846005,1.05036083602,0,6
overlapping,183,183,230,1,0.225226122089,6164,0.227111557635,1.00837130049,0,6
overlapping,184,184,231,1,0.222340756238,6148,0.225316047011,1.01338167066,0,6
overlapping,185,185,232,1,0.219757119715,6155,0.227480631401,1.03514567217,0,6
overlapping,186,186,233,1,0.220561535503,6166,0.221651099897,1.00493995651,0,6
overlapping,187,187,234,1,0.221146552295,6177,0.224841511187,1.01670819126,0,6
overlapping,188,188,235,1,0.223777204243,6159,0.22566635279,1.00844209558,0,6
overlapping,189,189,236,1,0.217924159669,6146,0.223344853747,1.02487422269,0,6
overlapping,190,190,237,1,0.220443007359,6139,0.22263048961,1.00992311926,0,6
overlapping,191,191,238,1,0.219344301719,6131,0.231391217164,1.05492239985,0,6
overlapping,192,192,239,1,0.226852759358,6134,0.233283381147,1.02834711734,0,6
overlapping,193,193,240,1,0.228416413403,6145,0.230669316162,1.00986313867,0,6
overlapping,194,194,241,1,0.230356253019,6116,0.241779973711,1.0495915372,0,6
overlapping,195,195,242,1,0.234846855473,6135,0.240947221562,1.0259759326,0,6
overlapping,196,196,243,1,0.242051731621,6137,0.242923694491,1.00360238229,0,6
overlapping,197,197,244,1,0.250579640182,6130,0.249334694675,0.995031737191,1,6
overlapping,198,198,245,1,0.250877824543,6134,0.248537925167,0.990673151843,1,6
overlapping,199,199,246,1,0.251319088807,6129,0.249484949368,0.992701949353,1,6
overlapping,200,200,247,1,0.251324227685,6130,0.249570846385,0.993023429074,1,6
overlapping,201,201,248,1,0.244670137675,6125,0.242295665787,0.990295211708,0,6
overlapping,202,202,249,1,0.244091748465,6120,0.242241090701,0.992418187933,0,6
overlapping,203,203,250,1,0.252203676707,6119,0.247211310206,0.980205020933,1,6
overlapping,204,204,251,1,0.258828701696,6125,0.237756946576,0.918588027594,1,6
overlapping,205,205,252,1,0.267334926946,6117,0.227593062752,0.8513405463,1,6
overlapping,206,206,253,1,0.272082358751,6112,0.228735773423,0.840685792614,1,6
overlapping,207,207,254,1,0.26820826887,6124,0.225500459978,0.840766248287,1,6
overlapping,208,208,255,1,0.270923847105,6121,0.233214689159,0.860812703091,1,6
overlapping,209,209,256,1,0.269365572166,6133,0.233656794019,0.867433770916,1,6
overlapping,210,210,257,1,0.264718384151,6154,0.223573384583,0.844570675739,1,6
overlapping,211,211,258,1,0.265618773438,6149,0.219064530453,0.824732859121,1,6
overlapping,212,212,259,1,0.265382858076,6143,0.219298750052,0.826348588005,1,6
overlapping,213,213,260,1,0.267973806164,6140,0.214449738822,0.800263808958,1,6
overlapping,214,214,261,1,0.273494988997,6165,0.212139942185,0.775662994644,1,6
overlapping,215,215,262,1,0.275040872949,6153,0.215181306633,0.782361197178,1,6
overlapping,216,216,263,1,0.277593926967,6164,0.220248902507,0.79342118509,1,6
overlapping,217,217,264,1,0.275553817251,6167,0.212745742053,0.77206603115,1,6
overlapping,218,218,265,1,0.273541277264,6169,0.2049772,0.749346504666,1,6
overlapping,219,219,266,1,0.272411891244,6172,0.209692325484,0.769762011954,1,6
overlapping,220,220,267,1,0.269250804656,6167,0.21210538046,0.7877613615,1,6
overlapping,221,221,268,1,0.261116818157,6173,0.208336646364,0.797867589819,1,6
overlapping,222,222,269,1,0.258997120238,6179,0.209013593849,0.80701126583,1,6
overlapping,223,223,270,1,0.274377157492,6184,0.212396546379,0.774104332591,1,6
overlapping,224,224,271,1,0.266548978949,6174,0.215862669672,0.809842418167,1,6
overlapping,225,225,272,1,0.267225437669,6177,0.2176537793,0.814494986699,1,6
overlapping,226,226,273,1,0.27182371548,6175,0.220697309924,0.811913373833,1,6
overlapping,227,227,274,1,0.265443391515,6177,0.227592937868,0.857406683094,1,6
overlapping,228,228,275,1,0.269556480774,6171,0.226953362929,0.841951053367,1,6
overlapping,229,229,276,1,0.272034688937,6188,0.235964352294,0.867405378398,1,6
overlapping,230,230,277,1,0.281751723597,6195,0.241162957286,0.855941373516,1,6
overlapping,231,231,278,1,0.274021678565,6196,0.238284042751,0.869580990815,1,6
overlapping,232,232,279,1,0.281149714963,6206,0.240109112551,0.854025808217,1,6
overlapping,233,233,280,1,0.281636755248,6187,0.245049635314,0.870091104046,1,6
overlapping,234,234,281,1,0.277716532555,6182,0.248642910795,0.895311879733,1,6
overlapping,235,235,282,1,0.287843791631,6173,0.249094328136,0.865380235317,1,6
overlapping,236,236,283,1,0.289552042225,6189,0.249791239483,0.862681670499,1,6
overlapping,237,237,284,1,0.29518169404,6187,0.250698819789,0.849303411595,1,6
overlapping,238,238,285,1,0.299019109399,6179,0.26039461502,0.870829344462,1,6
overlapping,239,239,286,1,0.296353566425,6182,0.257072428629,0.867451779744,1,6
overlapping,240,240,287,1,0.291928362991,6177,0.249356734576,0.854170975445,1,6
overlapping,241,241,288,1,0.292161231339,6164,0.246743760105,0.84454655046,1,6
overlapping,242,242,289,1,0.283850059768,6174,0.243909761278,0.859290857564,1,6
overlapping,243,243,290,1,0.284778260188,6173,0.233889905669,0.821305339511,1,6
overlapping,244,244,291,1,0.287011793581,6163,0.230721034743,0.803873011153,1,6
overlapping,245,245,292,1,0.278393485992,6169,0.237609635643,0.853502856923,1,6
overlapping,246,246,293,1,0.284961182404,6166,0.241879754445,0.84881650337,1,6
overlapping,247,247,294,1,0.27491381042,6178,0.235779673399,0.857649432159,1,6
overlapping,248,248,295,1,0.27134021649,6179,0.234648476141,0.864775886066,1,6
overlapping,249,249,296,1,0.274733956999,6190,0.248883775386,0.905908312552,1,6
overlapping,250,250,297,1,0.273402812059,6186,0.251543878999,0.920048616561,1,6
overlapping,251,251,298,1,0.274082622774,6194,0.253470701777,0.924796687992,1,6
overlapping,252,252,299,1,0.271129467106,6183,0.256813972885,0.947200522414,1,6
overlapping,253,253,300,1,0.266702667929,6175,0.261515739616,0.980551644445,1,6
overlapping,254,254,301,1,0.26503026632,6193,0.260271449178,0.982044250234,1,6
overlapping,255,255,302,1,0.270534056948,6200,0.262683643169,0.970981791098,1,6
overlapping,256,256,303,1,0.27413033969,6216,0.266286549388,0.97138663925,1,6
overlapping,257,257,304,1,0.278723779793,6199,0.267637552007,0.960225037867,1,6
overlapping,258,258,305,1,0.275219634541,6178,0.27125592486,0.985598012703,1,6
overlapping,259,259,306,1,0.273406907912,6174,0.279468563732,1.02217082175,1,6
overlapping,260,260,307,1,0.279262041094,6166,0.268602526779,0.961829705627,1,6
overlapping,261,261,308,1,0.280995568742,6171,0.275726992984,0.981250324405,1,6
overlapping,262,262,309,1,0.284124256691,6173,0.2850937128,1.00341208498,1,6
overlapping,263,263,310,1,0.286752169994,6165,0.294390126726,1.02663609043,1,6
overlapping,264,264,311,1,0.282974470653,6160,0.293373547887,1.03674917108,1,6
overlapping,265,265,312,1,0.291064050617,6170,0.293916869331,1.00980134341,1,6
overlapping,266,266,313,1,0.298377423878,6186,0.295345482137,0.989838568544,1,6
overlapping,267,267,314,1,0.292735929196,6180,0.286727759067,0.979475802147,1,6
overlapping,268,268,315,1,0.285638560023,6189,0.280218191057,0.981023679136,1,6
overlapping,269,269,316,1,0.283173076838,6185,0.287767708784,1.01622552538,1,6
overlapping,270,270,317,1,0.287085121108,6182,0.295862232814,1.03057320307,1,6
overlapping,271,271,318,1,0.274115652388,6181,0.29656057109,1.08188120053,1,6
overlapping,272,272,319,1,0.284628328067,6179,0.295872159678,1.03950355781,1,6
overlapping,273,273,320,1,0.284198132801,6161,0.296274818615,1.0424938957,1,6
overlapping,274,274,321,1,0.280017001056,6166,0.294506764457,1.05174601309,1,6
overlapping,275,275,322,1,0.282446551733,6163,0.286942110646,1.01591649424,1,6
overlapping,276,276,323,1,0.278480921117,6165,0.291731133683,1.0475803244,1,6
overlapping,277,277,324,1,0.277692633149,6151,0.291044549848,1.04808163813,1,6
overlapping,278,278,325,1,0.273813108283,6143,0.288154640223,1.05237708315,1,6
overlapping,279,279,326,1,0.278405452794,6136,0.287228640592,1.03169186419,1,6
overlapping,280,280,327,1,0.280769886676,6104,0.283812731128,1.01083750287,1,6
overlapping,281,281,328,1,0.28516573108,6122,0.285584203486,1.00146747088,1,6
overlapping,282,282,329,1,0.290941730638,6122,0.28896631139,0.993210258135,1,6
overlapping,283,283,330,1,0.285198400847,6117,0.285609770824,1.00144239931,1,6
overlapping,284,284,331,1,0.281960309087,6118,0.28200593085,1.00016180208,1,6
overlapping,285,285,332,1,0.279800560315,6125,0.274325873739,0.980433611105,1,6
overlapping,286,286,333,1,0.277808290432,6140,0.272953080948,0.982523165612,1,6
overlapping,287,287,334,1,0.277681816609,6149,0.27007665757,0.972611965985,1,6
overlapping,288,288,335,1,0.271220242625,6147,0.273641026934,1.00892552962,1,6
overlapping,289,289,336,1,0.273639161375,6154,0.273812678704,1.00063411,1,6
overlapping,290,290,337,1,0.283670613542,6165,0.266583080383,0.939762765887,1,6
overlapping,291,291,338,1,0.277087857632,6169,0.268870311665,0.970343175494,1,6
overlapping,292,292,339,1,0.273487343862,6170,0.276233101456,1.01003979766,1,6
overlapping,293,293,340,1,0.288434654813,6188,0.26906794801,0.932855825471,1,6
overlapping,294,294,341,1,0.288690592036,6201,0.265068805392,0.918176112086,1,6
overlapping,295,295,342,1,0.300905645632,6185,0.273206556311,0.9079475918,1,6
overlapping,296,296,343,1,0.299101487786,6169,0.279059994535,0.932994337812,1,6
overlapping,297,297,344,1,0.29670005363,6165,0.277796147693,0.93628613913,1,6
overlapping,298,298,345,1,0.295430904585,6169,0.280620507275,0.949868490128,1,6
overlapping,299,299,346,1,0.288915989574,6176,0.269800093914,0.933835798816,1,6
overlapping,300,300,347,1,0.290488661453,6190,0.267873732824,0.92214867005,1,6
overlapping,301,301,348,1,0.296049853001,6179,0.261874941817,0.884563661026,1,6
overlapping,302,302,349,1,0.294446717767,6163,0.261372931123,0.887674799383,1,6
overlapping,303,303,350,1,0.290619292056,6152,0.270460357249,0.930634560891,1,6
overlapping,304,304,351,1,0.28392363847,6139,0.269052828816,0.947623911364,1,6
overlapping,305,305,352,1,0.281512123303,6131,0.269939389869,0.958890816856,1,6
overlapping,306,306,353,1,0.281615233702,6140,0.273811738001,0.972290221666,1,6
overlapping,307,307,354,1,0.286144829165,6162,0.272570178873,0.952560211097,1,6
overlapping,308,308,355,1,0.290905688904,6164,0.284104570382,0.976620881677,1,6
overlapping,309,309,356,1,0.286227788908,6162,0.283329080465,0.989872721814,1,6
overlapping,310,310,357,1,0.284889795122,6153,0.279037792218,0.979458713498,1,6
overlapping,311,311,358,1,0.279289624129,6162,0.268909084934,0.962832349295,1,6
overlapping,312,312,359,1,0.282510055879,6148,0.26319583038,0.931633493757,1,6
overlapping,313,313,360,1,0.272410095969,6154,0.261217933718,0.958914289829,1,6
overlapping,314,314,361,1,0.26385312326,6152,0.262975245792,0.996672855498,1,6
overlapping,315,315,362,1,0.265352052938,6151,0.269025929835,1.01384529291,1,6
overlapping,316,316,363,1,0.277877177387,6144,0.26995400156,0.971486770157,1,6
overlapping,317,317,364,1,0.289935134709,6120,0.261159295635,0.900750769297,1,6
overlapping,318,318,365,1,0.288305141827,6119,0.257946508953,0.89469964815,1,6
overlapping,319,319,366,1,0.295439590519,6119,0.251545218065,0.851426911414,1,6
overlapping,320,320,367,1,0.298268576565,6136,0.252364933142,0.846099632919,1,6
overlapping,321,321,368,1,0.295852661148,6158,0.248392984078,0.839583403152,1,6
overlapping,322,322,369,1,0.298448222987,6132,0.25259384395,0.84635733938,1,6
overlapping,323,323,370,1,0.290091194286,6151,0.250683922509,0.864155573997,1,6
overlapping,324,324,371,1,0.291213452923,6162,0.250318058283,0.859569006069,1,6
overlapping,325,325,372,1,0.289282003342,6158,0.241057114618,0.833294542463,1,6
overlapping,326,326,373,1,0.289008959688,6156,0.244774410664,0.846944021833,1,6
overlapping,327,327,374,1,0.284504677651,6159,0.242859857333,0.853623424887,1,6
overlapping,328,328,375,1,0.280071870122,6174,0.241347891806,0.861735567021,1,6
overlapping,329,329,376,1,0.273919269005,6164,0.240549901922,0.878178095303,1,6
overlapping,330,330,377,1,0.268288586079,6170,0.23157669336,0.863162673986,1,6
overlapping,331,331,378,1,0.26283317532,6173,0.229385742348,0.872742727659,1,6
overlapping,332,332,379,1,0.263937813837,6156,0.22778582923,0.863028400207,1,6
overlapping,333,333,380,1,0.259590249444,6144,0.235359530408,0.906657822903,1,6
overlapping,334,334,381,1,0.253295199187,6125,0.227204020408,0.896992999223,1,6
overlapping,335,335,382,1,0.248638731726,6118,0.22630652892,0.910182123875,0,6
overlapping,336,336,383,1,0.250364551108,6135,0.227262654815,0.907726967774,1,6
overlapping,337,337,384,1,0.244986854494,6123,0.237360267446,0.968869402959,0,6
overlapping,338,338,385,1,0.241803751817,6103,0.248238682119,1.02661220206,0,6
overlapping,339,339,386,1,0.247833659661,6116,0.249759175593,1.00776938829,0,6
overlapping,340,340,387,1,0.24141235169,6115,0.245559265364,1.01717771956,0,6
overlapping,341,341,388,1,0.232149614117,6092,0.244781183396,1.05441133007,0,6
overlapping,342,342,389,1,0.226059370963,6101,0.236102623343,1.04442749857,0,6
overlapping,343,343,390,1,0.216382860113,6113,0.23725379795,1.09645374789,0,6
overlapping,344,344,391,1,0.216365938849,6121,0.240703695989,1.11248423513,0,6
overlapping,345,345,392,1,0.215755331523,6116,0.239487629184,1.10999634398,0,6
overlapping,346,346,393,1,0.222452588123,6120,0.242674724929,1.09090537888,0,6
overlapping,347,347,394,1,0.224247941119,6108,0.251448377042,1.12129625711,0,6
overlapping,348,348,395,1,0.222746486429,6091,0.256205685591,1.1502120177,0,6
overlapping,349,349,396,1,0.214369965543,6104,0.24840475253,1.15876658328,0,6
overlapping,350,350,397,1,0.220137784727,6112,0.244818658774,1.11211557379,0,6
overlapping,351,351,398,1,0.224321021091,6120,0.231789708387,1.03329463846,0,6
overlapping,352,352,399,1,0.227237835265,6112,0.230352278457,1.0137056542,0,6
overlapping,353,353,400,1,0.221518071699,6130,0.230869987111,1.04221739265,0,6
overlapping,354,354,401,1,0.229215651381,6126,0.226205790065,0.986868866512,0,6
overlapping,355,355,402,1,0.225813192842,6118,0.222546774087,0.985534863069,0,6
overlapping,356,356,403,1,0.223071338474,6118,0.215452122613,0.965844039344,0,6
overlapping,357,357,404,1,0.231992461974,6109,0.214504725493,0.924619376281,0,6
overlapping,358,358,405,1,0.22807534772,6114,0.207920085929,0.911628933188,0,6
overlapping,359,359,406,1,0.232679309013,6117,0.210602381151,0.905118646108,0,6
overlapping,360,360,407,1,0.237698622164,6135,0.210306946394,0.884763001479,0,6
overlapping,361,361,408,1,0.239405845929,6123,0.212702972516,0.888461899044,0,6
overlapping,362,362,409,1,0.242597312683,6117,0.21496594104,0.886101905511,0,6
overlapping,363,363,410,1,0.242765358271,6123,0.209893837532,0.864595505007,0,6
overlapping,364,364,411,1,0.233807558638,6124,0.210627464389,0.90085823408,0,6
overlapping,365,365,412,1,0.224375254362,6128,0.214756896405,0.957132715085,0,6
overlapping,366,366,413,1,0.221955606321,6125,0.213337937773,0.961173909095,0,6
overlapping,367,367,414,1,0.22225290368,6129,0.213415452558,0.9602369599,0,6
overlapping,368,368,415,1,0.218715401589,6119,0.208163428878,0.951754779799,0,6
overlapping,369,369,416,1,0.227403236791,6100,0.206390242917,0.907595889262,0,6
overlapping,370,370,417,1,0.224082513435,6105,0.201719321691,0.900201084854,0,6
overlapping,371,371,418,1,0.235908375096,6093,0.211584465745,0.896892556946,0,6
overlapping,372,372,419,1,0.233528347979,6080,0.21483538424,0.919954198706,0,6
overlapping,373,373,420,1,0.234478923377,6093,0.215798556314,0.920332425643,0,6
overlapping,374,374,421,1,0.236365051156,6104,0.209066307459,0.884506006434,0,6
overlapping,375,375,422,1,0.232322654363,6102,0.206585323934,0.889217302119,0,6
overlapping,376,376,423,1,0.236800903356,6110,0.213589719186,0.90198017051,0,6
overlapping,377,377,424,1,0.239344328893,6112,0.213809924376,0.893315188899,0,6
overlapping,378,378,425,1,0.235806970092,6095,0.217659489355,0.923040948578,0,6
overlapping,379,379,426,1,0.241002517519,6080,0.227289033444,0.943098170857,0,6
overlapping,380,380,427,1,0.247235370266,6081,0.226343689291,0.915498818181,0,6
overlapping,381,381,428,1,0.246331132085,6080,0.225825935823,0.916757593371,0,6
overlapping,382,382,429,1,0.251145673951,6097,0.230697306916,0.918579656523,1,6
overlapping,383,383,430,1,0.252346851116,6108,0.236436997401,0.936952438105,1,6
overlapping,384,384,431,1,0.259076650566,6096,0.22987483558,0.887285037373,1,6
overlapping,385,385,432,1,0.257808457207,6118,0.226151962484,0.877209246483,1,6
overlapping,386,386,433,1,0.256110548681,6128,0.220988539809,0.862863872443,1,6
overlapping,387,387,434,1,0.256601660938,6112,0.219578078553,0.855715733679,1,6
overlapping,388,388,435,1,0.257226552321,6107,0.221054412979,0.859376339588,1,6
overlapping,389,389,436,1,0.253045977284,6114,0.216843795686,0.856934372216,1,6
overlapping,390,390,437,1,0.249802618221,6092,0.224681073723,0.899434422757,0,6
overlapping,391,391,438,1,0.249517542278,6103,0.223911688372,0.897378542315,0,6
overlapping,392,392,439,1,0.256748833751,6106,0.220030557967,0.856987565446,1,6
overlapping,393,393,440,1,0.256727892897,6104,0.218620161932,0.851563729462,1,6
overlapping,394,394,441,1,0.25025382599,6102,0.217938655925,0.870870425507,1,6
overlapping,395,395,442,1,0.252149809204,6090,0.214048356462,0.848893588846,1,6
overlapping,396,396,443,1,0.251318675667,6096,0.212887629324,0.847082409453,1,6
overlapping,397,397,444,1,0.251266056938,6104,0.225582012281,0.897781479241,1,6
overlapping,398,398,445,1,0.252542463889,6106,0.227840714532,0.902187739137,1,6
overlapping,399,399,446,1,0.258317312212,6115,0.229401520969,0.888060962717,1,6
overlapping,400,400,447,1,0.258807740551,6140,0.233160602207,0.9009027385,1,6
overlapping,401,401,448,1,0.270451847809,6140,0.228570231791,0.845142060012,1,6
overlapping,402,402,449,1,0.26496198145,6151,0.232530149012,0.877598166121,1,6
overlapping,403,403,450,1,0.259975999273,6155,0.231020805451,0.888623588702,1,6
overlapping,404,404,451,1,0.255067501021,6162,0.230635126694,0.904212123344,1,6
overlapping,405,405,452,1,0.251307054272,6164,0.226916245211,0.902944192587,1,6
overlapping,406,406,453,1,0.250693390208,6166,0.222167307467,0.886211269005,1,6
overlapping,407,407,454,1,0.248488459302,6170,0.21244948067,0.854967193511,0,6
overlapping,408,408,455,1,0.242373086278,6165,0.217111724571,0.895774889468,0,6
overlapping,409,409,456,1,0.246126265884,6159,0.216272282938,0.878704603758,0,6
overlapping,410,410,457,1,0.250320031493,6157,0.217716426608,0.869752313904,1,6
overlapping,411,411,458,1,0.248558379345,6149,0.227837051451,0.916633959598,0,6
overlapping,412,412,459,1,0.244479718465,6156,0.227233110064,0.929455872622,0,6
overlapping,413,413,460,1,0.243949599417,6165,0.224400302089,0.919863375982,0,6
overlapping,414,414,461,1,0.249432632187,6182,0.229606527697,0.920515193555,0,6
overlapping,415,415,462,1,0.249186221331,6186,0.229584336064,0.921336399893,0,6
overlapping,416,416,463,1,0.251250673519,6198,0.231580288831,0.921710121561,1,6
overlapping,417,417,464,1,0.241446350517,6201,0.239481524061,0.991862264839,0,6
overlapping,418,418,465,1,0.243119024982,6209,0.241257881824,0.992344724324,0,6
overlapping,419,419,466,1,0.233206913425,6220,0.234718633181,1.00648231107,0,6
overlapping,420,420,467,1,0.231734829474,6214,0.235625822434,1.01679071277,0,6
overlapping,421,421,468,1,0.2298007108,6198,0.234122380401,1.01880616289,0,6
overlapping,422,422,469,1,0.23017660933,6189,0.235073023728,1.02127242387,0,6
overlapping,423,423,470,1,0.241487811096,6202,0.238376124276,0.987114518096,0,6
overlapping,424,424,471,1,0.243293983814,6204,0.235121679749,0.966409756885,0,6
overlapping,425,425,472,1,0.23682743211,6187,0.236324120576,0.997874775189,0,6
overlapping,426,426,473,1,0.245302268272,6197,0.230213667862,0.938489764012,0,6
overlapping,427,427,474,1,0.24266569163,6196,0.227664706708,0.938182506058,0,6
overlapping,428,428,475,1,0.235212707261,6206,0.234698125165,0.997812269153,0,6
overlapping,429,429,476,1,0.233157133067,6213,0.23107348736,0.991063341363,0,6
overlapping,430,430,477,1,0.239411445048,6212,0.232180391232,0.969796540785,0,6
overlapping,431,431,478,1,0.24047183397,6192,0.231132804476,0.961163728241,0,6
overlapping,432,432,479,1,0.233596378396,6182,0.222863161862,0.954052299065,0,6
overlapping,433,433,480,1,0.236863020446,6165,0.22436792823,0.947247602465,0,6
overlapping,434,434,481,1,0.237099705852,6171,0.217481132104,0.917256018187,0,6
overlapping,435,435,482,1,0.231943914941,6184,0.22123830638,0.953843977479,0,6
overlapping,436,436,483,1,0.235841983904,6189,0.220822600828,0.936315905981,0,6
overlapping,437,437,484,1,0.235982581027,6174,0.226634230397,0.960385420868,0,6
overlapping,438,438,485,1,0.24546108212,6174,0.233833048756,0.952627792301,0,6
overlapping,439,439,486,1,0.2498990451,6166,0.230745320028,0.923354148614,0,6
overlapping,440,440,487,1,0.245268301536,6163,0.230811362964,0.941056636829,0,6
overlapping,441,441,488,1,0.252034325682,6166,0.22814199668,0.905202083337,1,6
overlapping,442,442,489,1,0.257293884061,6152,0.225721404775,0.877290206873,1,6
overlapping,443,443,490,1,0.254257528182,6171,0.231221649224,0.909399422222,1,6
overlapping,444,444,491,1,0.256529219469,6175,0.226459085376,0.882780861552,1,6
overlapping,445,445,492,1,0.265928752784,6152,0.227110561526,0.854027852006,1,6
overlapping,446,446,493,1,0.263049078988,6151,0.229600254351,0.872841886519,1,6
overlapping,447,447,494,1,0.254329654573,6153,0.242547514653,0.953673747011,1,6
overlapping,448,448,495,1,0.253430692607,6138,0.241864439022,0.954361275397,1,6
overlapping,449,449,496,1,0.247140022715,6141,0.24101463572,0.975214912872,0,6
overlapping,450,450,497,1,0.250697906436,6141,0.237421216771,0.947041082816,1,6
overlapping,451,451,498,1,0.249242382663,6141,0.240836167474,0.966272930396,0,6
overlapping,452,452,499,1,0.245675368196,6145,0.239568010041,0.975140535253,0,6
overlapping,453,453,500,1,0.238424116387,6158,0.251980776082,1.05685943142,0,6
overlapping,454,454,501,1,0.240134734116,6148,0.257851086607,1.07377671771,0,6
overlapping,455,455,502,1,0.242612981112,6138,0.261010476536,1.07583063091,0,6
overlapping,456,456,503,1,0.24129287567,6147,0.264539009218,1.09633990844,0,6
overlapping,457,457,504,1,0.240492305567,6141,0.266903282456,1.10982046526,0,6
overlapping,458,458,505,1,0.238559629786,6149,0.262948797423,1.10223510013,0,6
overlapping,459,459,506,1,0.246431998039,6149,0.260114810766,1.05552368538,0,6
overlapping,460,460,507,1,0.247327523942,6150,0.262426855482,1.06104994422,0,6
overlapping,461,461,508,1,0.249286466946,6161,0.258584733001,1.03729952199,0,6
overlapping,462,462,509,1,0.250894078761,6132,0.253203908628,1.0092063945,1,6
overlapping,463,463,510,1,0.255090875834,6124,0.25919188614,1.01607666402,1,6
overlapping,464,464,511,1,0.252596791475,6114,0.262248110804,1.03820840032,1,6
overlapping,465,465,512,1,0.249447010965,6115,0.254005238463,1.01827332979,0,6
overlapping,466,466,513,1,0.250742005387,6121,0.250304047247,0.998253351533,1,6
overlapping,467,467,514,1,0.260577598769,6115,0.249650323678,0.958065178499,1,6
overlapping,468,468,515,1,0.259148873487,6115,0.245748086093,0.948289231539,1,6
overlapping,469,469,516,1,0.25327997815,6112,0.252846357225,0.998287977881,1,6
overlapping,470,470,517,1,0.251931267736,6115,0.260977576633,1.03590784494,1,6
overlapping,471,471,518,1,0.243464153569,6106,0.269355971427,1.10634755662,0,6
overlapping,472,472,519,1,0.242416256004,6108,0.263155870397,1.08555372785,0,6
overlapping,473,473,520,1,0.246765940089,6119,0.256323387867,1.03873082231,0,6
overlapping,474,474,521,1,0.244628735455,6123,0.265036401036,1.08342301056,0,6
overlapping,475,475,522,1,0.24557294015,6154,0.264253090128,1.0760676236,0,6
overlapping,476,476,523,1,0.246064386153,6145,0.258465282551,1.05039695745,0,6
overlapping,477,477,524,1,0.255140043083,6143,0.260818274127,1.02225535034,1,6
overlapping,478,478,525,1,0.246887293464,6141,0.255432069672,1.03461002828,0,6
overlapping,479,479,526,1,0.253109734445,6155,0.25204187273,0.995781032615,1,6
overlapping,480,480,527,1,0.252281891839,6182,0.271032025412,1.07432215383,1,6
overlapping,481,481,528,1,0.250464538514,6196,0.267972963278,1.06990380701,1,6
overlapping,482,482,529,1,0.248121457702,6189,0.27579788876,1.11154388385,0,6
overlapping,483,483,530,1,0.249533745501,6165,0.272654190555,1.09265458268,0,6
overlapping,484,484,531,1,0.249823558418,6166,0.270992287184,1.08473471798,0,6
overlapping,485,485,532,1,0.25059766058,6161,0.275227949363,1.09828618801,1,6
overlapping,486,486,533,1,0.245898878604,6163,0.270497451544,1.10003531972,0,6
overlapping,487,487,534,1,0.249053354478,6146,0.263636805907,1.05855553104,0,6
overlapping,488,488,535,1,0.248736605388,6149,0.258454192644,1.03906778112,0,6
overlapping,489,489,536,1,0.24795938841,6145,0.264680388288,1.06743442943,0,6
overlapping,490,490,537,1,0.250672778036,6143,0.267159298475,1.06576908976,1,6
overlapping,491,491,538,1,0.253812355097,6142,0.262437392142,1.03398194324,1,6
overlapping,492,492,539,1,0.249993819714,6139,0.263432643611,1.05375662451,0,6
overlapping,493,493,540,1,0.237990899561,6140,0.262564559957,1.10325462209,0,6
overlapping,494,494,541,1,0.23891785856,6137,0.264265680241,1.10609429464,0,6
overlapping,495,495,542,1,0.242768518898,6122,0.253816512025,1.04550834341,0,6
overlapping,496,496,543,1,0.243807773339,6118,0.252782038311,1.03680877295,0,6
overlapping,497,497,544,1,0.236567510198,6100,0.252682459183,1.06811987399,0,6
overlapping,498,498,545,1,0.230507894533,6088,0.254689223119,1.10490455711,0,6
overlapping,499,499,546,1,0.234342125457,6094,0.251484879232,1.07315267685,0,6
overlapping,500,500,547,1,0.241160059516,6096,0.248606558916,1.03087783033,0,6
overlapping,501,501,548,1,0.2416938466,6082,0.239588352373,0.991288589857,0,6
overlapping,502,502,549,1,0.247947899155,6080,0.247767376833,0.999271934457,0,6
overlapping,503,503,550,1,0.245170859206,6084,0.250349127081,1.02112105775,0,6
overlapping,504,504,551,1,0.249881755568,6064,0.245018947246,0.980539562357,0,6
overlapping,505,505,552,1,0.245910221973,6082,0.23932949108,0.973239295055,0,6
overlapping,506,506,553,1,0.248191995683,6081,0.248328937545,1.00055175777,0,6
overlapping,507,507,554,1,0.23839458661,6077,0.239065369258,1.00281374949,0,6
overlapping,508,508,555,1,0.244842930934,6070,0.240048712029,0.98041920636,0,6
overlapping,509,509,556,1,0.24593387595,6061,0.246894870012,1.00390753026,0,6
overlapping,510,510,557,1,0.244106426795,6085,0.248979691014,1.01996368667,0,6
overlapping,511,511,558,1,0.241913705736,6075,0.247082434246,1.02136600113,0,6
overlapping,512,512,559,1,0.238003655095,6076,0.238091740855,1.00037010255,0,6
overlapping,513,513,560,1,0.241144336625,6083,0.242906217334,1.00730633252,0,6
overlapping,514,514,561,1,0.240955906985,6074,0.254429990761,1.05591929222,0,6
overlapping,515,515,562,1,0.235826660578,6071,0.260461870983,1.10446321185,0,6
overlapping,516,516,563,1,0.240197662797,6071,0.262990639526,1.09489258331,0,6
overlapping,517,517,564,1,0.240832805549,6084,0.265092064133,1.10073070622,0,6
overlapping,518,518,565,1,0.241305399944,6096,0.255807409825,1.06009815729,0,6
overlapping,519,519,566,1,0.245755770554,6097,0.252303395906,1.02664281428,0,6
overlapping,520,520,567,1,0.242740497268,6097,0.245862412158,1.01286112093,0,6
overlapping,521,521,568,1,0.249411589811,6105,0.251802329339,1.00958551898,0,6
overlapping,522,522,569,1,0.250387861684,6096,0.251015280422,1.00250578736,1,6
overlapping,523,523,570,1,0.251443612768,6072,0.250581427685,0.996571059912,1,6
overlapping,524,524,571,1,0.254342611119,6087,0.254043765194,0.998825026118,1,6
overlapping,525,525,572,1,0.252763847032,6095,0.257278915417,1.01786279342,1,6
overlapping,526,526,573,1,0.250335384959,6088,0.25856216106,1.03286301736,1,6
overlapping,527,527,574,1,0.247384298125,6089,0.262832199001,1.06244495303,0,6
overlapping,528,528,575,1,0.248889728369,6068,0.257311824003,1.03383866297,0,6
overlapping,529,529,576,1,0.248823656643,6070,0.256987417549,1.03280942422,0,6
overlapping,530,530,577,1,0.257086997401,6074,0.255245257665,0.99283612258,1,6
overlapping,531,531,578,1,0.265257729909,6089,0.254665848598,0.960069471624,1,6
overlapping,532,532,579,1,0.264152916966,6099,0.24812488057,0.939322886986,1,6
overlapping,533,533,580,1,0.261150723997,6112,0.236392230224,0.905194619439,1,6
overlapping,534,534,581,1,0.263575989706,6121,0.233667404574,0.886527656919,1,6
overlapping,535,535,582,1,0.255739224397,6138,0.247020914511,0.965909375433,1,6
overlapping,536,536,583,1,0.258925148726,6151,0.252585069161,0.975513851798,1,6
overlapping,537,537,584,1,0.255805711556,6158,0.245895204069,0.96125767706,1,6
overlapping,538,538,585,1,0.251636437925,6174,0.240210870441,0.95459494031,1,6
overlapping,539,539,586,1,0.248291374555,6185,0.238515893599,0.960628994971,0,6
overlapping,540,540,587,1,0.247608156973,6172,0.237569343571,0.959456855038,0,6
overlapping,541,541,588,1,0.252298699745,6188,0.235506338251,0.93344253652,1,6
overlapping,542,542,589,1,0.253131958693,6171,0.223386343092,0.882489687377,1,6
overlapping,543,543,590,1,0.251130690536,6173,0.216678467992,0.862811580412,1,6
overlapping,544,544,591,1,0.251221352776,6181,0.213910732724,0.851483085973,1,6
overlapping,545,545,592,1,0.265501916729,6207,0.216748080395,0.816371056996,1,6
overlapping,546,546,593,1,0.273752124809,6221,0.219233186501,0.800845606784,1,6
overlapping,547,547,594,1,0.266330426598,6239,0.225893504874,0.848170101177,1,6
overlapping,548,548,595,1,0.265537480549,6248,0.232194616845,0.874432552289,1,6
overlapping,549,549,596,1,0.273832536074,6244,0.23174379407,0.846297512317,1,6
overlapping,550,550,597,1,0.267830914408,6258,0.230915932742,0.86217057225,1,6
overlapping,551,551,598,1,0.267963791814,6265,0.235534946037,0.878980493753,1,6
overlapping,552,552,599,1,0.265256376344,6281,0.235231590641,0.886808429956,1,6
overlapping,553,553,600,1,0.267437904901,6276,0.232934520298,0.870985436354,1,6
overlapping,554,554,601,1,0.258311858626,6278,0.227215250346,0.879616025197,1,6
overlapping,555,555,602,1,0.262196273791,6272,0.243042483634,0.926948656135,1,6
overlapping,556,556,603,1,0.261397769333,6273,0.239721769073,0.917076567577,1,6
overlapping,557,557,604,1,0.259117630179,6275,0.236032554303,0.910908895467,1,6
overlapping,558,558,605,1,0.255095122083,6257,0.237206705531,0.929875505237,1,6
overlapping,559,559,606,1,0.255093546427,6271,0.232103358333,0.909875461705,1,6
overlapping,560,560,607,1,0.259843782797,6280,0.236832803698,0.911443026069,1,6
overlapping,561,561,608,1,0.266583207756,6285,0.234889209266,0.881110296645,1,6
overlapping,562,562,609,1,0.261384603133,6282,0.224145342362,0.85753077907,1,6
overlapping,563,563,610,1,0.268061696449,6287,0.216976304523,0.809426737939,1,6
overlapping,564,564,611,1,0.269123469689,6291,0.213127276652,0.791931216174,1,6
overlapping,565,565,612,1,0.272054780347,6284,0.209485663868,0.770012802571,1,6
overlapping,566,566,613,1,0.268877377353,6262,0.209416737563,0.778855921703,1,6
overlapping,567,567,614,1,0.264917976968,6248,0.208462499756,0.786894502749,1,6
overlapping,568,568,615,1,0.272547446833,6238,0.215868143019,0.792038764359,1,6
overlapping,569,569,616,1,0.260018884063,6240,0.218070083067,0.838670175255,1,6
overlapping,570,570,617,1,0.267703599267,6236,0.217039842619,0.81074682303,1,6
overlapping,571,571,618,1,0.269488949357,6234,0.213950187889,0.793910801906,1,6
overlapping,572,572,619,1,0.274287302075,6216,0.217934505977,0.794548286881,1,6
overlapping,573,573,620,1,0.271722592786,6210,0.215783306562,0.7941308978,1,6
overlapping,574,574,621,1,0.276789246575,6212,0.222420260543,0.803572621752,1,6
overlapping,575,575,622,1,0.27538309291,6196,0.230237336546,0.836061989549,1,6
overlapping,576,576,623,1,0.282062429162,6194,0.230681492093,0.817838422434,1,6
overlapping,577,577,624,1,0.291158915103,6177,0.223216038904,0.766646759985,1,6
overlapping,578,578,625,1,0.288145062489,6146,0.219012301798,0.760076538902,1,6
overlapping,579,579,626,1,0.276846720045,6143,0.218891599406,0.790659897905,1,6
overlapping,580,580,627,1,0.279447029057,6140,0.225396674795,0.806581038117,1,6
overlapping,581,581,628,1,0.274246311185,6154,0.228994636172,0.834996230879,1,6
overlapping,582,582,629,1,0.273342324329,6153,0.227005729349,0.830481448148,1,6
overlapping,583,583,630,1,0.279015770165,6164,0.220279252352,0.789486745576,1,6
overlapping,584,584,631,1,0.276673378582,6148,0.215531560118,0.779010836613,1,6
overlapping,585,585,632,1,0.275309935994,6146,0.212033050181,0.770161270845,1,6
overlapping,586,586,633,1,0.272070516655,6145,0.217803680276,0.800541282287,1,6
overlapping,587,587,634,1,0.269455420369,6130,0.221717500977,0.822835557264,1,6
overlapping,588,588,635,1,0.273443450014,6139,0.222340918214,0.813114807476,1,6
overlapping,589,589,636,1,0.274741172811,6138,0.22153396345,0.806336965016,1,6
overlapping,590,590,637,1,0.27497156763,6171,0.226919680765,0.825247798237,1,6
overlapping,591,591,638,1,0.275148330348,6176,0.23168362418,0.84203172844,1,6
overlapping,592,592,639,1,0.272004642162,6182,0.227992582555,0.838193718839,1,6
overlapping,593,593,640,1,0.271364547371,6157,0.22376359875,0.824586707874,1,6
overlapping,594,594,641,1,0.271023833097,6144,0.230675878644,0.851127651791,1,6
overlapping,595,595,642,1,0.280016480701,6128,0.220456737758,0.787299151841,1,6
overlapping,596,596,643,1,0.28006867759,6109,0.215428076249,0.76919732011,1,6
overlapping,597,597,644,1,0.276492833088,6112,0.217901014317,0.788089195237,1,6
overlapping,598,598,645,1,0.276602864289,6095,0.216311525769,0.782029232867,1,6
overlapping,599,599,646,1,0.276818265351,6089,0.20841557821,0.752896771264,1,6
overlapping,600,600,647,1,0.275145641851,6085,0.213418462505,0.775656343561,1,6
overlapping,601,601,648,1,0.269670553801,6099,0.222093335676,0.823572809657,1,6
overlapping,602,602,649,1,0.278725423011,6095,0.218986596346,0.785671410885,1,6
overlapping,603,603,650,1,0.285457872495,6105,0.204060406026,0.714852963215,1,6
overlapping,604,604,651,1,0.282893820114,6103,0.21214144798,0.749897781061,1,6
overlapping,605,605,652,1,0.289420835273,6102,0.213604345076,0.738040662741,1,6
overlapping,606,606,653,1,0.290958100051,6094,0.209772443395,0.72097131291,1,6
overlapping,607,607,654,1,0.283592981168,6097,0.216293057694,0.762688331718,1,6
overlapping,608,608,655,1,0.289221083528,6084,0.213381129331,0.737778611185,1,6
overlapping,609,609,656,1,0.276956088667,6077,0.216681122535,0.782366343987,1,6
overlapping,610,610,657,1,0.280007434501,6081,0.219381058664,0.783482978068,1,6
overlapping,611,611,658,1,0.28196420793,6078,0.225696417064,0.80044349856,1,6
overlapping,612,612,659,1,0.278347549798,6076,0.233395280566,0.838503089879,1,6
overlapping,613,613,660,1,0.281547520364,6084,0.230262763748,0.817846889398,1,6
overlapping,614,614,661,1,0.285610405332,6095,0.23668728612,0.828706803748,1,6
overlapping,615,615,662,1,0.285385771568,6103,0.233411305202,0.81787996619,1,6
overlapping,616,616,663,1,0.275972966339,6109,0.236658572195,0.857542589532,1,6
overlapping,617,617,664,1,0.281558019969,6089,0.229006348525,0.813354023978,1,6
overlapping,618,618,665,1,0.26717158677,6095,0.226692551459,0.848490493317,1,6
overlapping,619,619,666,1,0.26178318988,6093,0.228983646425,0.874707220621,1,6
overlapping,620,620,667,1,0.258403971764,6112,0.224157920529,0.867470879021,1,6
overlapping,621,621,668,1,0.256390797098,6119,0.227924477254,0.888972926617,1,6
overlapping,622,622,669,1,0.255028170248,6122,0.219434148639,0.860431019935,1,6
overlapping,623,623,670,1,0.253137165179,6123,0.214440945656,0.847133393096,1,6
overlapping,624,624,671,1,0.2452490934,6127,0.21633589321,0.882106800929,0,6
overlapping,625,625,672,1,0.232661277973,6135,0.227958539976,0.9797871909,0,6
overlapping,626,626,673,1,0.226210547334,6148,0.232478658195,1.02770918923,0,6
overlapping,627,627,674,1,0.241144497816,6145,0.230609792313,0.956313722278,0,6
overlapping,628,628,675,1,0.236361641143,6138,0.229770936485,0.972116014145,0,6
overlapping,629,629,676,1,0.244026002023,6134,0.233618991484,0.957352862184,0,6
overlapping,630,630,677,1,0.243344635858,6130,0.237981695385,0.977961542262,0,6
overlapping,631,631,678,1,0.24180885407,6106,0.236817100056,0.979356611927,0,6
overlapping,632,632,679,1,0.243413425698,6109,0.243317934439,0.999607699292,0,6
overlapping,633,633,680,1,0.243577858064,6122,0.24410186767,1.0021513023,0,6
overlapping,634,634,681,1,0.248346652023,6129,0.241511264518,0.972476425795,0,6
overlapping,635,635,682,1,0.252828526298,6129,0.236365789089,0.93488576052,1,6
overlapping,636,636,683,1,0.252685987465,6139,0.23777820308,0.94100272621,1,6
overlapping,637,637,684,1,0.256892832247,6137,0.235647347251,0.917298256982,1,6
overlapping,638,638,685,1,0.255115251034,6127,0.238783133715,0.935981415251,1,6
overlapping,639,639,686,1,0.253299448969,6129,0.232661531505,0.91852363853,1,6
overlapping,640,640,687,1,0.254888524467,6131,0.240709406695,0.944371297997,1,6
overlapping,641,641,688,1,0.255680855655,6146,0.236974399483,0.926836695989,1,6
overlapping,642,642,689,1,0.25358838897,6141,0.227318304049,0.896406594058,1,6
overlapping,643,643,690,1,0.25523848833,6143,0.230834945632,0.904389252353,1,6
overlapping,644,644,691,1,0.257877486103,6142,0.241784780678,0.937595539382,1,6
overlapping,645,645,692,1,0.259991634839,6132,0.240215805929,0.92393667234,1,6
overlapping,646,646,693,1,0.257766964283,6138,0.238030324719,0.923432238032,1,6
overlapping,647,647,694,1,0.261238710236,6138,0.240389626672,0.920191446569,1,6
overlapping,648,648,695,1,0.265047157855,6134,0.241158157106,0.909868866574,1,6
overlapping,649,649,696,1,0.272957906551,6122,0.233432582079,0.855196264613,1,6
overlapping,650,650,697,1,0.274415237582,6120,0.234340199218,0.85396205139,1,6
overlapping,651,651,698,1,0.263732598607,6114,0.236948135948,0.898440834388,1,6
overlapping,652,652,699,1,0.271594870754,6109,0.235434307113,0.866858444193,1,6
overlapping,653,653,700,1,0.268179539683,6108,0.237533789363,0.885726739797,1,6
overlapping,654,654,701,1,0.26488090107,6119,0.231613510785,0.874406232571,1,6
overlapping,655,655,702,1,0.263744578055,6110,0.232589884544,0.881875510993,1,6
overlapping,656,656,703,1,0.256726481924,6110,0.234250914625,0.91245325714,1,6
overlapping,657,657,704,1,0.256443636383,6105,0.231011968342,0.900829404857,1,6
overlapping,658,658,705,1,0.261104366609,6112,0.225184274262,0.862430135451,1,6
overlapping,659,659,706,1,0.256964588348,6108,0.218184633917,0.849084441244,1,6
overlapping,660,660,707,1,0.264958109674,6108,0.211958608116,0.799970260873,1,6
overlapping,661,661,708,1,0.264200109115,6100,0.210386682501,0.796315653336,1,6
overlapping,662,662,709,1,0.26304246635,6103,0.205422260716,0.780947135901,1,6
overlapping,663,663,710,1,0.261845194237,6123,0.203102869152,0.775660098493,1,6
overlapping,664,664,711,1,0.264189140861,6124,0.202195089699,0.765342167509,1,6
overlapping,665,665,712,1,0.267908509744,6139,0.197805561329,0.738332505816,1,6
overlapping,666,666,713,1,0.272591550173,6145,0.207760353829,0.76216725609,1,6
overlapping,667,667,714,1,0.278593729899,6161,0.205933018048,0.73918755502,1,6
overlapping,668,668,715,1,0.276071719631,6142,0.201743036502,0.730763139274,1,6
overlapping,669,669,716,1,0.279971017879,6137,0.197021744765,0.703721928999,1,6
overlapping,670,670,717,1,0.279171674814,6133,0.195711215968,0.701042525529,1,6
overlapping,671,671,718,1,0.277595660324,6137,0.18780844868,0.676553979485,1,6
overlapping,672,672,719,1,0.283574362403,6142,0.184685760901,0.651278061023,1,6
overlapping,673,673,720,1,0.288144780861,6158,0.180233098514,0.625494926457,1,6
overlapping,674,674,721,1,0.29992043323,6162,0.185102762396,0.617172896165,1,6
overlapping,675,675,722,1,0.289151728475,6154,0.186189367051,0.64391580169,1,6
overlapping,676,676,723,1,0.293237590022,6145,0.185829646739,0.63371700308,1,6
overlapping,677,677,724,1,0.294112898177,6148,0.183241707208,0.623031864102,1,6
overlapping,678,678,725,1,0.299420233435,6147,0.183890285056,0.614154504345,1,6
overlapping,679,679,726,1,0.296059453519,6157,0.185695489049,0.627223643229,1,6
overlapping,680,680,727,1,0.294912558483,6141,0.176906840954,0.599862012878,1,6
overlapping,681,681,728,1,0.293234993251,6137,0.185302709954,0.631925637181,1,6
overlapping,682,682,729,1,0.29099594536,6130,0.170466048754,0.585802144228,1,6
overlapping,683,683,730,1,0.288340526445,6127,0.17282542067,0.59937956971,1,6
overlapping,684,684,731,1,0.291673454102,6120,0.163791696724,0.56155846348,1,6
overlapping,685,685,732,1,0.28277766839,6135,0.167129635175,0.591028408032,1,6
overlapping,686,686,733,1,0.288797797938,6125,0.170140608814,0.589134023975,1,6
overlapping,687,687,734,1,0.282819739997,6110,0.181634349011,0.642226561035,1,6
overlapping,688,688,735,1,0.275196493657,6089,0.1869563937,0.679356016552,1,6
overlapping,689,689,736,1,0.269921518174,6076,0.197848641196,0.732985804668,1,6
overlapping,690,690,737,1,0.270255021418,6091,0.200565211433,0.742133154013,1,6
overlapping,691,691,738,1,0.263883019147,6081,0.198852567627,0.753563333745,1,6
overlapping,692,692,739,1,0.256487941237,6102,0.195107624256,0.760689267946,1,6
overlapping,693,693,740,1,0.246245277981,6126,0.197034130954,0.80015394638,0,6
overlapping,694,694,741,1,0.243165451571,6131,0.202268030718,0.831812370596,0,6
overlapping,695,695,742,1,0.237192543995,6129,0.206611630748,0.871071355227,0,6
overlapping,696,696,743,1,0.226156816829,6118,0.197893266512,0.875026759249,0,6
overlapping,697,697,744,1,0.225624678677,6103,0.206237742807,0.914074400089,0,6
overlapping,698,698,745,1,0.223980352083,6077,0.210509360528,0.93985636941,0,6
overlapping,699,699,746,1,0.231427085247,6090,0.220355510152,0.95215955348,0,6
overlapping,700,700,747,1,0.229953912422,6122,0.215775017679,0.93834027613,0,6
overlapping,701,701,748,1,0.230038988079,6121,0.220069009885,0.956659615497,0,6
overlapping,702,702,749,1,0.236631437082,6115,0.234415671003,0.990636214245,0,6
overlapping,703,703,750,1,0.23254658753,6109,0.230880114763,0.992833811131,0,6
overlapping,704,704,751,1,0.228756857035,6112,0.226656325836,0.990817625203,0,6
overlapping,705,705,752,1,0.231940975486,6102,0.231586810839,0.998473039764,0,6
overlapping,706,706,753,1,0.228184412128,6100,0.239129022567,1.04796388297,0,6
overlapping,707,707,754,1,0.219935716204,6096,0.245808190732,1.11763653023,0,6
overlapping,708,708,755,1,0.210849498628,6082,0.252312575728,1.19664773865,0,6
overlapping,709,709,756,1,0.206816866344,6085,0.255522353302,1.23550055573,0,6
overlapping,710,710,757,1,0.199861177765,6072,0.258042233409,1.29110733908,0,6
overlapping,711,711,758,1,0.201156492651,6052,0.256956475279,1.27739588164,0,6
overlapping,712,712,759,1,0.195158541019,6041,0.254923928304,1.30624018284,0,6
overlapping,713,713,760,1,0.189587178901,6043,0.2647278166,1.39633818138,0,6
overlapping,714,714,761,1,0.194621843908,6024,0.259545853768,1.33359055981,0,6
overlapping,715,715,762,1,0.198440790382,6020,0.260569994238,1.31308685949,0,6
overlapping,716,716,763,1,0.199407789283,6015,0.26800002045,1.34397969815,0,6
overlapping,717,717,764,1,0.205694234293,6006,0.266653118992,1.29635679827,0,6
overlapping,718,718,765,1,0.204626936963,6012,0.270000089977,1.3194748159,0,6
overlapping,719,719,766,1,0.20985113189,6016,0.274270511659,1.30697656567,0,6
overlapping,720,720,767,1,0.206965987276,6027,0.272695297652,1.31758508362,0,6
overlapping,721,721,768,1,0.206971253832,6007,0.27296318132,1.31884586031,0,6
overlapping,722,722,769,1,0.198647779551,6027,0.266923434647,1.34370208038,0,6
overlapping,723,723,770,1,0.200237815621,6027,0.266888611129,1.33285818316,0,6
overlapping,724,724,771,1,0.195276830825,6031,0.269332389448,1.37923371815,0,6
overlapping,725,725,772,1,0.191821351841,6013,0.272185446485,1.41895281142,0,6
overlapping,726,726,773,1,0.189089226465,6006,0.272752397163,1.4424533976,0,6
overlapping,727,727,774,1,0.184727812314,6017,0.267750410028,1.44943204098,0,6
overlapping,728,728,775,1,0.187892345783,6026,0.277668011427,1.47780374059,0,6
overlapping,729,729,776,1,0.191996040057,6013,0.280313120653,1.45999428202,0,6
overlapping,730,730,777,1,0.189849731423,6014,0.290260724309,1.52889720798,0,6
overlapping,731,731,778,1,0.197593919023,6027,0.289706866067,1.46617298498,0,6
overlapping,732,732,779,1,0.195098815851,6027,0.294316713115,1.50855202186,0,6
overlapping,733,733,780,1,0.201623123328,6015,0.297011998989,1.47310484079,0,6
overlapping,734,734,781,1,0.189290775657,6033,0.300878987298,1.58950686453,0,6
overlapping,735,735,782,1,0.195679421072,6041,0.300805700543,1.53723727766,0,6
overlapping,736,736,783,1,0.20732038653,6033,0.292175826176,1.40929616748,0,6
overlapping,737,737,784,1,0.208281583558,6049,0.289290597843,1.38893988082,0,6
overlapping,738,738,785,1,0.210713706152,6030,0.287454716447,1.36419562683,0,6
overlapping,739,739,786,1,0.2129501175,6035,0.292014200261,1.37127982689,0,6
overlapping,740,740,787,1,0.216633182315,6015,0.293313966281,1.35396601364,0,6
overlapping,741,741,788,1,0.221477702625,6006,0.296378400391,1.33818617802,0,6
overlapping,742,742,789,1,0.229660887908,6000,0.28893898886,1.25811143331,0,6
overlapping,743,743,790,1,0.238897257225,6006,0.277391397918,1.16113261885,0,6
overlapping,744,744,791,1,0.244776999944,6013,0.281697828906,1.15083455133,0,6
overlapping,745,745,792,1,0.23666762267,6030,0.276486165207,1.16824668321,0,6
overlapping,746,746,793,1,0.237256283077,6049,0.275454425736,1.16099949878,0,6
overlapping,747,747,794,1,0.23975766796,6045,0.270745837276,1.12924787591,0,6
overlapping,748,748,795,1,0.240307729303,6023,0.276685473519,1.15137983419,0,6
overlapping,749,749,796,1,0.235878617568,6020,0.271438414567,1.15075464392,0,6
overlapping,750,750,797,1,0.229305912149,6035,0.264317568281,1.15268536168,0,6
overlapping,751,751,798,1,0.234765695386,6029,0.264013206089,1.12458170541,0,6
overlapping,752,752,799,4,0.2439739774,6084,0.217952618327,0.893343710873,0,6
overlapping,753,753,800,4,0.253022519587,6091,0.211778381582,0.836994200865,1,6
overlapping,754,754,801,4,0.25205169128,6070,0.202096559725,0.801806005342,1,6
overlapping,755,755,802,4,0.256848620097,6055,0.20999515471,0.81758334785,1,6
overlapping,756,756,803,4,0.253031014641,6050,0.211505889303,0.835889187745,1,6
overlapping,757,757,804,4,0.253530291913,6042,0.211683063748,0.834941900435,1,6
overlapping,758,758,805,1,0.263071585167,6038,0.236219860411,0.89792996937,1,6
overlapping,759,759,806,1,0.263237097829,6044,0.244408543159,0.928473019855,1,6
overlapping,760,760,807,1,0.273268607281,6061,0.248470038853,0.909252040787,1,6
overlapping,761,761,808,1,0.280111266856,6055,0.24125042466,0.861266408051,1,6
overlapping,762,762,809,1,0.277473983107,6071,0.240183482056,0.865607216095,1,6
overlapping,763,763,810,1,0.269477344077,6061,0.239550104175,0.888943391494,1,6
overlapping,764,764,811,1,0.26864355209,6061,0.238846524499,0.889083406768,1,6
overlapping,765,765,812,1,0.260797971158,6057,0.245340287435,0.940729279241,1,6
overlapping,766,766,813,1,0.250514120009,6053,0.246559726219,0.984214886613,1,6
overlapping,767,767,814,1,0.245821422921,6043,0.247725240867,1.00774471941,0,6
overlapping,768,768,815,1,0.250199787367,6016,0.257182262516,1.02790759825,1,6
overlapping,769,769,816,1,0.251051323161,6022,0.255167819798,1.01639703223,1,6
overlapping,770,770,817,1,0.259329289986,6014,0.254950488531,0.983114898224,1,6
overlapping,771,771,818,1,0.262451943374,6028,0.258167924022,0.983676937967,1,6
overlapping,772,772,819,1,0.265924892832,6038,0.263326907824,0.990230380539,1,6
overlapping,773,773,820,1,0.263891621327,6039,0.256973276317,0.973783385107,1,6
overlapping,774,774,821,1,0.262004105321,6065,0.254915740754,0.972945597327,1,6
overlapping,775,775,822,1,0.268240765186,6058,0.262553932799,0.978799522203,1,6
overlapping,776,776,823,1,0.267824914079,6059,0.256268920155,0.956852431135,1,6
overlapping,777,777,824,1,0.273327891528,6055,0.246341222477,0.901266318268,1,6
overlapping,778,778,825,1,0.277183340553,6054,0.25472581303,0.918979519194,1,6
overlapping,779,779,826,1,0.272538687882,6046,0.253479127612,0.930066588277,1,6
overlapping,780,780,827,1,0.28005019893,6063,0.254692052533,0.909451425162,1,6
overlapping,781,781,828,1,0.283300453345,6065,0.253354591184,0.894296455205,1,6
overlapping,782,782,829,1,0.293535851861,6068,0.249195675586,0.848944597417,1,6
overlapping,783,783,830,1,0.286572861162,6078,0.243175508015,0.848564330305,1,6
overlapping,784,784,831,1,0.279937706165,6099,0.247609160955,0.884515217141,1,6
overlapping,785,785,832,1,0.273349244374,6083,0.240152094176,0.878554080974,1,6
overlapping,786,786,833,1,0.265300589854,6091,0.241974189428,0.912075580234,1,6
overlapping,787,787,834,1,0.264030818747,6085,0.238578482338,0.903600888224,1,6
overlapping,788,788,835,1,0.263593131406,6092,0.235127830698,0.892010461135,1,6
overlapping,789,789,836,1,0.264316489339,6098,0.225949778286,0.854845563555,1,6
overlapping,790,790,837,1,0.263777225337,6112,0.231663122747,0.878252936548,1,6
overlapping,791,791,838,1,0.264481248809,6111,0.247180526159,0.934586203267,1,6
overlapping,792,792,839,1,0.268796886587,6109,0.252234503524,0.938383277899,1,6
overlapping,793,793,840,1,0.276517266971,6099,0.250733277123,0.906754503505,1,6
overlapping,794,794,841,1,0.264281865848,6096,0.25156330384,0.951875010541,1,6
overlapping,795,795,842,1,0.257304853944,6088,0.248189190367,0.964572516076,1,6
overlapping,796,796,843,1,0.246106180178,6091,0.241909342121,0.982947043208,0,6
overlapping,797,797,844,1,0.246613868671,6104,0.240605421723,0.975636216326,0,6
overlapping,798,798,845,1,0.255573712738,6088,0.246123620047,0.963024003565,1,6
overlapping,799,799,846,1,0.259935596056,6110,0.244847295484,0.94195369622,1,6
overlapping,800,800,847,1,0.253782225723,6117,0.251226045987,0.989927664441,1,6
overlapping,801,801,848,1,0.250864743769,6127,0.252065718136,1.00478733818,1,6
overlapping,802,802,849,1,0.249760237073,6141,0.261908709075,1.0486405368,0,6
overlapping,803,803,850,1,0.253640356294,6155,0.26158236577,1.03131208926,1,6
overlapping,804,804,851,1,0.25619105315,6167,0.268550940382,1.04824480434,1,6
overlapping,805,805,852,1,0.257571481214,6172,0.265545001681,1.03095653459,1,6
overlapping,806,806,853,1,0.251985889099,6187,0.258914040328,1.02749420316,1,6
overlapping,807,807,854,1,0.259929475498,6191,0.25872218266,0.995355306141,1,6
overlapping,808,808,855,1,0.261934982913,6189,0.261158333689,0.997034954189,1,6
overlapping,809,809,856,1,0.262713501173,6185,0.262523899733,0.999278295788,1,6
overlapping,810,810,857,1,0.263048663214,6180,0.259153662311,0.98519285042,1,6
overlapping,811,811,858,1,0.266088462637,6193,0.256310467229,0.963252839635,1,6
overlapping,812,812,859,1,0.266035096436,6193,0.249383811689,0.937409443453,1,6
overlapping,813,813,860,1,0.266772143998,6195,0.245528342457,0.920367242163,1,6
overlapping,814,814,861,1,0.282289160424,6209,0.246475132341,0.873129991853,1,6
overlapping,815,815,862,1,0.283174908352,6218,0.24202001297,0.854666165087,1,6
overlapping,816,816,863,1,0.269827716845,6243,0.23722736751,0.879180872458,1,6
overlapping,817,817,864,1,0.273271179521,6222,0.233363599983,0.853963452683,1,6
overlapping,818,818,865,1,0.261624665724,6214,0.239979277292,0.917265490344,1,6
overlapping,819,819,866,1,0.260494077623,6205,0.246460583705,0.94612739742,1,6
overlapping,820,820,867,1,0.256848125819,6206,0.238994415631,0.930489233154,1,6
overlapping,821,821,868,1,0.262193495482,6205,0.239864467359,0.914837597013,1,6
overlapping,822,822,869,1,0.263981318774,6175,0.237038028293,0.897934859157,1,6
overlapping,823,823,870,1,0.264178842021,6159,0.235679929493,0.892122653315,1,6
overlapping,824,824,871,1,0.265487360397,6152,0.237189415489,0.893411329016,1,6
overlapping,825,825,872,1,0.261727522594,6150,0.242373922331,0.92605439401,1,6
overlapping,826,826,873,1,0.25465054962,6150,0.240586512434,0.944771227837,1,6
overlapping,827,827,874,1,0.251417422871,6145,0.24327078271,0.967597153498,1,6
overlapping,828,828,875,1,0.24495293097,6126,0.244303393745,0.997348318217,0,6
overlapping,829,829,876,1,0.244455619927,6121,0.234744341592,0.960273859369,0,6
overlapping,830,830,877,1,0.243206493294,6099,0.234588631475,0.964565658989,0,6
overlapping,831,831,878,1,0.250101115577,6092,0.239207014332,0.95644121291,1,6
overlapping,832,832,879,1,0.247632995821,6084,0.23722329253,0.957963181534,0,6
overlapping,833,833,880,1,0.251757588745,6083,0.247437769976,0.982841356279,1,6
overlapping,834,834,881,1,0.254744655786,6092,0.247846758229,0.9729223071,1,6
overlapping,835,835,882,1,0.254931589737,6087,0.254635353153,0.998837976164,1,6
overlapping,836,836,883,1,0.25549077948,6086,0.256201888294,1.0027833052,1,6
overlapping,837,837,884,1,0.257232574339,6081,0.257210461129,0.999914034176,1,6
overlapping,838,838,885,1,0.247992439171,6078,0.253608403619,1.02264570834,0,6
overlapping,839,839,886,1,0.241337055164,6062,0.255003831724,1.05662941628,0,6
overlapping,840,840,887,1,0.246013147574,6063,0.249022020388,1.01223053664,0,6
overlapping,841,841,888,1,0.242386022768,6059,0.2473749149,1.02058242499,0,6
overlapping,842,842,889,1,0.248860757124,6071,0.245682385337,0.987228312637,0,6
overlapping,843,843,890,1,0.244949680061,6075,0.246387867891,1.00587136031,0,6
overlapping,844,844,891,1,0.244974129958,6079,0.251847595618,1.02805792457,0,6
overlapping,845,845,892,1,0.244785489861,6084,0.257183145821,1.05064702147,0,6
overlapping,846,846,893,1,0.24307707229,6089,0.250406940391,1.03015450216,0,6
overlapping,847,847,894,1,0.24316365911,6084,0.250072052269,1.02841046719,0,6
overlapping,848,848,895,1,0.246727195201,6087,0.248681421251,1.00792059444,0,6
overlapping,849,849,896,1,0.250424129811,6087,0.245884013349,0.981870291549,1,6
overlapping,850,850,897,1,0.257082281097,6089,0.241951074569,0.941142553801,1,6
overlapping,851,851,898,1,0.260503649345,6078,0.236223811179,0.90679655265,1,6
overlapping,852,852,899,1,0.256658341439,6075,0.228512502697,0.890337331007,1,6
overlapping,853,853,900,1,0.257630431428,6081,0.229967318169,0.892624822673,1,6
overlapping,854,854,901,1,0.260035684707,6078,0.245052738879,0.942381193395,1,6
overlapping,855,855,902,1,0.248417747176,6066,0.238961853258,0.961935513761,0,6
overlapping,856,856,903,1,0.241992861519,6074,0.232189899023,0.959490695574,0,6
overlapping,857,857,904,1,0.240269643861,6086,0.23441323348,0.975625675023,0,6
overlapping,858,858,905,1,0.239763817375,6078,0.236988188904,0.988423488993,0,6
overlapping,859,859,906,1,0.238412657857,6086,0.239686492301,1.0053429816,0,6
overlapping,860,860,907,1,0.238114000073,6095,0.241607941928,1.01467339952,0,6
overlapping,861,861,908,1,0.235426542145,6096,0.237217636769,1.00760787041,0,6
overlapping,862,862,909,1,0.227990735153,6098,0.235622856478,1.03347557663,0,6
overlapping,863,863,910,6,0.235841333997,6263,0.204238492903,0.865999566074,0,6
overlapping,864,864,911,1,0.244329009802,6093,0.23865428539,0.976774250358,0,6
overlapping,865,865,912,1,0.244926690529,6128,0.244222412587,0.997124535752,0,6
overlapping,866,866,913,1,0.257832006345,6135,0.240378642078,0.932307223937,1,6
overlapping,867,867,914,1,0.251678110093,6143,0.236555680206,0.939913606785,1,6
overlapping,868,868,915,1,0.256763462523,6153,0.235886673314,0.918692523446,1,6
overlapping,869,869,916,1,0.263596409084,6172,0.235519308372,0.893484509861,1,6
overlapping,870,870,917,1,0.255913888308,6179,0.233197694224,0.911235008643,1,6
overlapping,871,871,918,1,0.257089085512,6181,0.231344921183,0.899862865523,1,6
overlapping,872,872,919,1,0.246372817863,6199,0.229111330276,0.929937532328,0,6
overlapping,873,873,920,1,0.239721919815,6211,0.226299822253,0.944009719377,0,6
overlapping,874,874,921,1,0.244245136945,6201,0.223043270391,0.913194314453,0,6
overlapping,875,875,922,1,0.24786460606,6221,0.226195546372,0.912577031336,0,6
overlapping,876,876,923,1,0.252359584483,6228,0.229754835491,0.910426429658,1,6
overlapping,877,877,924,1,0.247329551152,6233,0.24406169864,0.986787456265,0,6
overlapping,878,878,925,1,0.24831675391,6245,0.243865528262,0.982074404657,0,6
overlapping,879,879,926,1,0.242182344925,6245,0.247713708868,1.0228396663,0,6
overlapping,880,880,927,1,0.243654134052,6249,0.244309188405,1.00268845983,0,6
overlapping,881,881,928,1,0.248601969218,6264,0.240594562741,0.96779025322,0,6
overlapping,882,882,929,1,0.254857013195,6257,0.243289622622,0.954612233629,1,6
overlapping,883,883,930,1,0.263301817017,6260,0.236812036322,0.899393855331,1,6
overlapping,884,884,931,1,0.260130397852,6262,0.233613557258,0.898063275909,1,6
overlapping,885,885,932,1,0.258801089004,6247,0.231679294141,0.895202160985,1,6
overlapping,886,886,933,1,0.256488124225,6235,0.229203267787,0.893621365432,1,6
overlapping,887,887,934,1,0.259601135357,6244,0.218535906319,0.84181413929,1,6
overlapping,888,888,935,1,0.261850709504,6249,0.216513959029,0.826860310742,1,6
overlapping,889,889,936,1,0.264416511953,6256,0.218823598914,0.827571611537,1,6
overlapping,890,890,937,1,0.264066620292,6260,0.213975087551,0.810307214577,1,6
overlapping,891,891,938,1,0.273224163094,6261,0.215301865136,0.788004482101,1,6
overlapping,892,892,939,1,0.279604999373,6256,0.204275353022,0.730585481232,1,6
overlapping,893,893,940,1,0.280741978768,6244,0.20033007521,0.713573638288,1,6
overlapping,894,894,941,1,0.272735432972,6255,0.198815138263,0.728967028951,1,6
overlapping,895,895,942,1,0.274231135679,6258,0.201316459225,0.734112334569,1,6
overlapping,896,896,943,1,0.274171581802,6268,0.204612362471,0.74629311005,1,6
overlapping,897,897,944,1,0.279167451354,6268,0.20942159652,0.750164804328,1,6
overlapping,898,898,945,1,0.277149420392,6259,0.212998970453,0.768534785863,1,6
overlapping,899,899,946,1,0.267177860289,6265,0.220713283272,0.826091215167,1,6
overlapping,900,900,947,1,0.265788740414,6266,0.23020441489,0.866118009857,1,6
overlapping,901,901,948,1,0.261893590302,6262,0.22964050285,0.876846594775,1,6
overlapping,902,902,949,1,0.260919787077,6244,0.215498068585,0.825916926419,1,6
overlapping,903,903,950,1,0.265003994584,6252,0.21575646433,0.81416306448,1,6
overlapping,904,904,951,1,0.268635426989,6239,0.213216239155,0.79370111956,1,6
overlapping,905,905,952,1,0.261523088666,6233,0.216401782837,0.827467218825,1,6
overlapping,906,906,953,1,0.260570525458,6247,0.217310782951,0.833980675938,1,6
overlapping,907,907,954,1,0.254176808182,6235,0.214595351954,0.844275893969,1,6
overlapping,908,908,955,1,0.253040027161,6250,0.213528276796,0.843851777886,1,6
overlapping,909,909,956,1,0.252899696112,6262,0.213273733994,0.843313524188,1,6
overlapping,910,910,957,1,0.250882923322,6244,0.214329597774,0.854301261066,1,6
overlapping,911,911,958,1,0.245033715294,6239,0.217366283888,0.887087246859,0,6
overlapping,912,912,959,1,0.238069594763,6249,0.20693685378,0.869228403511,0,6
overlapping,913,913,960,1,0.23608817145,6239,0.209374786426,0.886849964317,0,6
overlapping,914,914,961,1,0.228042163062,6230,0.209432458029,0.918393577822,0,6
overlapping,915,915,962,1,0.226448392986,6232,0.210309365557,0.928729777161,0,6
overlapping,916,916,963,1,0.224668799026,6211,0.213915955405,0.9521391325,0,6
overlapping,917,917,964,1,0.217742750758,6201,0.213570865324,0.980840301594,0,6
overlapping,918,918,965,1,0.229354144165,6197,0.20927843063,0.912468494482,0,6
overlapping,919,919,966,1,0.226101693054,6215,0.205959688979,0.910916173148,0,6
overlapping,920,920,967,1,0.237808035255,6207,0.212046372305,0.891670342752,0,6
overlapping,921,921,968,1,0.23847585784,6197,0.219168188931,0.919037217921,0,6
overlapping,922,922,969,1,0.233842186057,6209,0.224689233204,0.960858419059,0,6
overlapping,923,923,970,1,0.239399777044,6183,0.218225056873,0.911550794108,0,6
overlapping,924,924,971,1,0.230656819168,6178,0.214490695467,0.929912656562,0,6
overlapping,925,925,972,1,0.230278686114,6186,0.211996732015,0.920609438905,0,6
overlapping,926,926,973,1,0.231188189655,6184,0.212186261878,0.917807532446,0,6
overlapping,927,927,974,1,0.241116709699,6179,0.204861157551,0.849634842011,0,6
overlapping,928,928,975,1,0.248232841549,6174,0.20002154876,0.80578197273,0,6
overlapping,929,929,976,1,0.243253903866,6162,0.201293814655,0.82750497096,0,6
overlapping,930,930,977,1,0.234065472066,6162,0.194512871523,0.831019072595,0,6
overlapping,931,931,978,1,0.240006360184,6167,0.195632276819,0.815112885632,0,6
overlapping,932,932,979,1,0.236314198936,6158,0.201895986045,0.854354020853,0,6
overlapping,933,933,980,1,0.236640145303,6176,0.205517263358,0.868480126628,0,6
overlapping,934,934,981,1,0.242739939413,6185,0.206872513769,0.852239290615,0,6
overlapping,935,935,982,1,0.240772980991,6175,0.204847740565,0.85079206031,0,6
overlapping,936,936,983,1,0.229864208845,6171,0.207764594538,0.903857958496,0,6
overlapping,937,937,984,1,0.23082418413,6179,0.205018677059,0.888202758441,0,6
overlapping,938,938,985,1,0.238459147159,6159,0.212316745322,0.890369473561,0,6
overlapping,939,939,986,1,0.23366325243,6155,0.213465940558,0.913562309601,0,6
overlapping,940,940,987,1,0.230847164516,6150,0.218417659762,0.946156996213,0,6
overlapping,941,941,988,1,0.22727839066,6143,0.222184641404,0.977588061754,0,6
overlapping,942,942,989,1,0.232986654575,6136,0.228631736217,0.981308292675,0,6
overlapping,943,943,990,1,0.234677470918,6132,0.231617771857,0.98696210996,0,6
overlapping,944,944,991,1,0.231329522752,6134,0.227482352706,0.983369307991,0,6
overlapping,945,945,992,1,0.220312294265,6144,0.230190830937,1.04483878989,0,6
overlapping,946,946,993,1,0.218990845453,6150,0.232750044096,1.06283001746,0,6
overlapping,947,947,994,1,0.227967344753,6158,0.23314220966,1.02270002712,0,6
overlapping,948,948,995,1,0.230964543294,6175,0.229264836846,0.992640833853,0,6
overlapping,949,949,996,1,0.231954846795,6160,0.234336131664,1.01026615698,0,6
overlapping,950,950,997,1,0.238483827421,6182,0.24297955805,1.0188513019,0,6
overlapping,951,951,998,1,0.240273822861,6173,0.246358237802,1.02532283737,0,6
overlapping,952,952,999,1,0.241006541011,6174,0.250681468255,1.04014383677,0,6
disjoint,0,0,47,1,0.256459500399,6024,0.266992800371,1.04107198195,1,6
disjoint,1,48,95,1,0.285124088773,6170,0.275211484963,0.965234071058,1,6
disjoint,2,96,143,3,0.20087554744,6091,0.211083190739,1.05081575846,0,6
disjoint,3,144,191,1,0.280293521161,6280,0.27059589178,0.965401878214,1,6
disjoint,4,192,239,1,0.226852759358,6134,0.233283381147,1.02834711734,0,6
disjoint,5,240,287,1,0.291928362991,6177,0.249356734576,0.854170975445,1,6
disjoint,6,288,335,1,0.271220242625,6147,0.273641026934,1.00892552962,1,6
disjoint,7,336,383,1,0.250364551108,6135,0.227262654815,0.907726967774,1,6
disjoint,8,384,431,1,0.259076650566,6096,0.22987483558,0.887285037373,1,6
disjoint,9,432,479,1,0.233596378396,6182,0.222863161862,0.954052299065,0,6
disjoint,10,480,527,1,0.252281891839,6182,0.271032025412,1.07432215383,1,6
disjoint,11,528,575,1,0.248889728369,6068,0.257311824003,1.03383866297,0,6
disjoint,12,576,623,1,0.282062429162,6194,0.230681492093,0.817838422434,1,6
disjoint,13,624,671,1,0.2452490934,6127,0.21633589321,0.882106800929,0,6
disjoint,14,672,719,1,0.283574362403,6142,0.184685760901,0.651278061023,1,6
disjoint,15,720,767,1,0.206965987276,6027,0.272695297652,1.31758508362,0,6
disjoint,16,768,815,1,0.250199787367,6016,0.257182262516,1.02790759825,1,6
disjoint,17,816,863,1,0.269827716845,6243,0.23722736751,0.879180872458,1,6
disjoint,18,864,911,1,0.244329009802,6093,0.23865428539,0.976774250358,0,6
disjoint,19,912,959,1,0.238069594763,6249,0.20693685378,0.869228403511,0,6
