split,P,mutation_multiplier,p,B,calibration_successes,calibration_success_rate,target_deviation
0,4,0.5,0.025,80,0,0.0,0.5
0,4,0.5,0.025,160,8,0.5,0.0
0,4,0.5,0.025,320,14,0.875,0.375
0,4,1.0,0.05,80,1,0.0625,0.4375
0,4,1.0,0.05,160,14,0.875,0.375
0,4,1.0,0.05,320,16,1.0,0.5
0,4,2.0,0.1,80,0,0.0,0.5
0,4,2.0,0.1,160,9,0.5625,0.0625
0,4,2.0,0.1,320,15,0.9375,0.4375
0,12,0.5,0.025,80,1,0.0625,0.4375
0,12,0.5,0.025,160,1,0.0625,0.4375
0,12,0.5,0.025,320,15,0.9375,0.4375
0,12,1.0,0.05,80,1,0.0625,0.4375
0,12,1.0,0.05,160,6,0.375,0.125
0,12,1.0,0.05,320,16,1.0,0.5
0,12,2.0,0.1,80,0,0.0,0.5
0,12,2.0,0.1,160,1,0.0625,0.4375
0,12,2.0,0.1,320,12,0.75,0.25
1,4,0.5,0.025,80,1,0.0625,0.4375
1,4,0.5,0.025,160,10,0.625,0.125
1,4,0.5,0.025,320,16,1.0,0.5
1,4,1.0,0.05,80,1,0.0625,0.4375
1,4,1.0,0.05,160,12,0.75,0.25
1,4,1.0,0.05,320,16,1.0,0.5
1,4,2.0,0.1,80,0,0.0,0.5
1,4,2.0,0.1,160,7,0.4375,0.0625
1,4,2.0,0.1,320,14,0.875,0.375
1,12,0.5,0.025,80,0,0.0,0.5
1,12,0.5,0.025,160,2,0.125,0.375
1,12,0.5,0.025,320,13,0.8125,0.3125
1,12,1.0,0.05,80,1,0.0625,0.4375
1,12,1.0,0.05,160,8,0.5,0.0
1,12,1.0,0.05,320,15,0.9375,0.4375
1,12,2.0,0.1,80,1,0.0625,0.4375
1,12,2.0,0.1,160,5,0.3125,0.1875
1,12,2.0,0.1,320,14,0.875,0.375
2,4,0.5,0.025,80,3,0.1875,0.3125
2,4,0.5,0.025,160,10,0.625,0.125
2,4,0.5,0.025,320,16,1.0,0.5
2,4,1.0,0.05,80,2,0.125,0.375
2,4,1.0,0.05,160,12,0.75,0.25
2,4,1.0,0.05,320,16,1.0,0.5
2,4,2.0,0.1,80,2,0.125,0.375
2,4,2.0,0.1,160,9,0.5625,0.0625
2,4,2.0,0.1,320,16,1.0,0.5
2,12,0.5,0.025,80,0,0.0,0.5
2,12,0.5,0.025,160,4,0.25,0.25
2,12,0.5,0.025,320,14,0.875,0.375
2,12,1.0,0.05,80,0,0.0,0.5
2,12,1.0,0.05,160,5,0.3125,0.1875
2,12,1.0,0.05,320,16,1.0,0.5
2,12,2.0,0.1,80,1,0.0625,0.4375
2,12,2.0,0.1,160,3,0.1875,0.3125
2,12,2.0,0.1,320,11,0.6875,0.1875
3,4,0.5,0.025,80,0,0.0,0.5
3,4,0.5,0.025,160,6,0.375,0.125
3,4,0.5,0.025,320,14,0.875,0.375
3,4,1.0,0.05,80,1,0.0625,0.4375
3,4,1.0,0.05,160,10,0.625,0.125
3,4,1.0,0.05,320,15,0.9375,0.4375
3,4,2.0,0.1,80,0,0.0,0.5
3,4,2.0,0.1,160,11,0.6875,0.1875
3,4,2.0,0.1,320,16,1.0,0.5
3,12,0.5,0.025,80,0,0.0,0.5
3,12,0.5,0.025,160,3,0.1875,0.3125
3,12,0.5,0.025,320,15,0.9375,0.4375
3,12,1.0,0.05,80,0,0.0,0.5
3,12,1.0,0.05,160,4,0.25,0.25
3,12,1.0,0.05,320,15,0.9375,0.4375
3,12,2.0,0.1,80,0,0.0,0.5
3,12,2.0,0.1,160,4,0.25,0.25
3,12,2.0,0.1,320,13,0.8125,0.3125
4,4,0.5,0.025,80,0,0.0,0.5
4,4,0.5,0.025,160,7,0.4375,0.0625
4,4,0.5,0.025,320,14,0.875,0.375
4,4,1.0,0.05,80,3,0.1875,0.3125
4,4,1.0,0.05,160,12,0.75,0.25
4,4,1.0,0.05,320,15,0.9375,0.4375
4,4,2.0,0.1,80,1,0.0625,0.4375
4,4,2.0,0.1,160,10,0.625,0.125
4,4,2.0,0.1,320,15,0.9375,0.4375
4,12,0.5,0.025,80,1,0.0625,0.4375
4,12,0.5,0.025,160,2,0.125,0.375
4,12,0.5,0.025,320,13,0.8125,0.3125
4,12,1.0,0.05,80,0,0.0,0.5
4,12,1.0,0.05,160,3,0.1875,0.3125
4,12,1.0,0.05,320,16,1.0,0.5
4,12,2.0,0.1,80,0,0.0,0.5
4,12,2.0,0.1,160,3,0.1875,0.3125
4,12,2.0,0.1,320,13,0.8125,0.3125
5,4,0.5,0.025,80,3,0.1875,0.3125
5,4,0.5,0.025,160,11,0.6875,0.1875
5,4,0.5,0.025,320,13,0.8125,0.3125
5,4,1.0,0.05,80,1,0.0625,0.4375
5,4,1.0,0.05,160,9,0.5625,0.0625
5,4,1.0,0.05,320,15,0.9375,0.4375
5,4,2.0,0.1,80,1,0.0625,0.4375
5,4,2.0,0.1,160,8,0.5,0.0
5,4,2.0,0.1,320,16,1.0,0.5
5,12,0.5,0.025,80,0,0.0,0.5
5,12,0.5,0.025,160,4,0.25,0.25
5,12,0.5,0.025,320,14,0.875,0.375
5,12,1.0,0.05,80,0,0.0,0.5
5,12,1.0,0.05,160,3,0.1875,0.3125
5,12,1.0,0.05,320,16,1.0,0.5
5,12,2.0,0.1,80,0,0.0,0.5
5,12,2.0,0.1,160,4,0.25,0.25
5,12,2.0,0.1,320,15,0.9375,0.4375
6,4,0.5,0.025,80,0,0.0,0.5
6,4,0.5,0.025,160,6,0.375,0.125
6,4,0.5,0.025,320,16,1.0,0.5
6,4,1.0,0.05,80,2,0.125,0.375
6,4,1.0,0.05,160,11,0.6875,0.1875
6,4,1.0,0.05,320,16,1.0,0.5
6,4,2.0,0.1,80,1,0.0625,0.4375
6,4,2.0,0.1,160,8,0.5,0.0
6,4,2.0,0.1,320,15,0.9375,0.4375
6,12,0.5,0.025,80,0,0.0,0.5
6,12,0.5,0.025,160,1,0.0625,0.4375
6,12,0.5,0.025,320,16,1.0,0.5
6,12,1.0,0.05,80,1,0.0625,0.4375
6,12,1.0,0.05,160,5,0.3125,0.1875
6,12,1.0,0.05,320,16,1.0,0.5
6,12,2.0,0.1,80,0,0.0,0.5
6,12,2.0,0.1,160,2,0.125,0.375
6,12,2.0,0.1,320,12,0.75,0.25
7,4,0.5,0.025,80,1,0.0625,0.4375
7,4,0.5,0.025,160,7,0.4375,0.0625
7,4,0.5,0.025,320,16,1.0,0.5
7,4,1.0,0.05,80,5,0.3125,0.1875
7,4,1.0,0.05,160,10,0.625,0.125
7,4,1.0,0.05,320,16,1.0,0.5
7,4,2.0,0.1,80,2,0.125,0.375
7,4,2.0,0.1,160,9,0.5625,0.0625
7,4,2.0,0.1,320,15,0.9375,0.4375
7,12,0.5,0.025,80,0,0.0,0.5
7,12,0.5,0.025,160,5,0.3125,0.1875
7,12,0.5,0.025,320,14,0.875,0.375
7,12,1.0,0.05,80,0,0.0,0.5
7,12,1.0,0.05,160,7,0.4375,0.0625
7,12,1.0,0.05,320,15,0.9375,0.4375
7,12,2.0,0.1,80,0,0.0,0.5
7,12,2.0,0.1,160,1,0.0625,0.4375
7,12,2.0,0.1,320,13,0.8125,0.3125
8,4,0.5,0.025,80,0,0.0,0.5
8,4,0.5,0.025,160,6,0.375,0.125
8,4,0.5,0.025,320,16,1.0,0.5
8,4,1.0,0.05,80,2,0.125,0.375
8,4,1.0,0.05,160,12,0.75,0.25
8,4,1.0,0.05,320,16,1.0,0.5
8,4,2.0,0.1,80,2,0.125,0.375
8,4,2.0,0.1,160,7,0.4375,0.0625
8,4,2.0,0.1,320,15,0.9375,0.4375
8,12,0.5,0.025,80,0,0.0,0.5
8,12,0.5,0.025,160,4,0.25,0.25
8,12,0.5,0.025,320,16,1.0,0.5
8,12,1.0,0.05,80,1,0.0625,0.4375
8,12,1.0,0.05,160,5,0.3125,0.1875
8,12,1.0,0.05,320,16,1.0,0.5
8,12,2.0,0.1,80,0,0.0,0.5
8,12,2.0,0.1,160,4,0.25,0.25
8,12,2.0,0.1,320,14,0.875,0.375
9,4,0.5,0.025,80,1,0.0625,0.4375
9,4,0.5,0.025,160,8,0.5,0.0
9,4,0.5,0.025,320,13,0.8125,0.3125
9,4,1.0,0.05,80,2,0.125,0.375
9,4,1.0,0.05,160,10,0.625,0.125
9,4,1.0,0.05,320,15,0.9375,0.4375
9,4,2.0,0.1,80,1,0.0625,0.4375
9,4,2.0,0.1,160,8,0.5,0.0
9,4,2.0,0.1,320,14,0.875,0.375
9,12,0.5,0.025,80,0,0.0,0.5
9,12,0.5,0.025,160,2,0.125,0.375
9,12,0.5,0.025,320,15,0.9375,0.4375
9,12,1.0,0.05,80,1,0.0625,0.4375
9,12,1.0,0.05,160,5,0.3125,0.1875
9,12,1.0,0.05,320,15,0.9375,0.4375
9,12,2.0,0.1,80,0,0.0,0.5
9,12,2.0,0.1,160,5,0.3125,0.1875
9,12,2.0,0.1,320,14,0.875,0.375
10,4,0.5,0.025,80,2,0.125,0.375
10,4,0.5,0.025,160,9,0.5625,0.0625
10,4,0.5,0.025,320,13,0.8125,0.3125
10,4,1.0,0.05,80,1,0.0625,0.4375
10,4,1.0,0.05,160,11,0.6875,0.1875
10,4,1.0,0.05,320,16,1.0,0.5
10,4,2.0,0.1,80,2,0.125,0.375
10,4,2.0,0.1,160,8,0.5,0.0
10,4,2.0,0.1,320,15,0.9375,0.4375
10,12,0.5,0.025,80,0,0.0,0.5
10,12,0.5,0.025,160,3,0.1875,0.3125
10,12,0.5,0.025,320,15,0.9375,0.4375
10,12,1.0,0.05,80,0,0.0,0.5
10,12,1.0,0.05,160,4,0.25,0.25
10,12,1.0,0.05,320,15,0.9375,0.4375
10,12,2.0,0.1,80,0,0.0,0.5
10,12,2.0,0.1,160,5,0.3125,0.1875
10,12,2.0,0.1,320,16,1.0,0.5
11,4,0.5,0.025,80,0,0.0,0.5
11,4,0.5,0.025,160,7,0.4375,0.0625
11,4,0.5,0.025,320,16,1.0,0.5
11,4,1.0,0.05,80,5,0.3125,0.1875
11,4,1.0,0.05,160,14,0.875,0.375
11,4,1.0,0.05,320,16,1.0,0.5
11,4,2.0,0.1,80,2,0.125,0.375
11,4,2.0,0.1,160,10,0.625,0.125
11,4,2.0,0.1,320,16,1.0,0.5
11,12,0.5,0.025,80,0,0.0,0.5
11,12,0.5,0.025,160,1,0.0625,0.4375
11,12,0.5,0.025,320,11,0.6875,0.1875
11,12,1.0,0.05,80,0,0.0,0.5
11,12,1.0,0.05,160,4,0.25,0.25
11,12,1.0,0.05,320,15,0.9375,0.4375
11,12,2.0,0.1,80,0,0.0,0.5
11,12,2.0,0.1,160,6,0.375,0.125
11,12,2.0,0.1,320,15,0.9375,0.4375
12,4,0.5,0.025,80,1,0.0625,0.4375
12,4,0.5,0.025,160,12,0.75,0.25
12,4,0.5,0.025,320,16,1.0,0.5
12,4,1.0,0.05,80,2,0.125,0.375
12,4,1.0,0.05,160,11,0.6875,0.1875
12,4,1.0,0.05,320,16,1.0,0.5
12,4,2.0,0.1,80,0,0.0,0.5
12,4,2.0,0.1,160,9,0.5625,0.0625
12,4,2.0,0.1,320,15,0.9375,0.4375
12,12,0.5,0.025,80,0,0.0,0.5
12,12,0.5,0.025,160,3,0.1875,0.3125
12,12,0.5,0.025,320,14,0.875,0.375
12,12,1.0,0.05,80,0,0.0,0.5
12,12,1.0,0.05,160,3,0.1875,0.3125
12,12,1.0,0.05,320,16,1.0,0.5
12,12,2.0,0.1,80,0,0.0,0.5
12,12,2.0,0.1,160,1,0.0625,0.4375
12,12,2.0,0.1,320,13,0.8125,0.3125
13,4,0.5,0.025,80,1,0.0625,0.4375
13,4,0.5,0.025,160,9,0.5625,0.0625
13,4,0.5,0.025,320,16,1.0,0.5
13,4,1.0,0.05,80,6,0.375,0.125
13,4,1.0,0.05,160,13,0.8125,0.3125
13,4,1.0,0.05,320,16,1.0,0.5
13,4,2.0,0.1,80,1,0.0625,0.4375
13,4,2.0,0.1,160,10,0.625,0.125
13,4,2.0,0.1,320,16,1.0,0.5
13,12,0.5,0.025,80,0,0.0,0.5
13,12,0.5,0.025,160,2,0.125,0.375
13,12,0.5,0.025,320,14,0.875,0.375
13,12,1.0,0.05,80,0,0.0,0.5
13,12,1.0,0.05,160,1,0.0625,0.4375
13,12,1.0,0.05,320,16,1.0,0.5
13,12,2.0,0.1,80,0,0.0,0.5
13,12,2.0,0.1,160,1,0.0625,0.4375
13,12,2.0,0.1,320,14,0.875,0.375
14,4,0.5,0.025,80,3,0.1875,0.3125
14,4,0.5,0.025,160,8,0.5,0.0
14,4,0.5,0.025,320,15,0.9375,0.4375
14,4,1.0,0.05,80,1,0.0625,0.4375
14,4,1.0,0.05,160,12,0.75,0.25
14,4,1.0,0.05,320,16,1.0,0.5
14,4,2.0,0.1,80,0,0.0,0.5
14,4,2.0,0.1,160,9,0.5625,0.0625
14,4,2.0,0.1,320,13,0.8125,0.3125
14,12,0.5,0.025,80,0,0.0,0.5
14,12,0.5,0.025,160,1,0.0625,0.4375
14,12,0.5,0.025,320,14,0.875,0.375
14,12,1.0,0.05,80,1,0.0625,0.4375
14,12,1.0,0.05,160,7,0.4375,0.0625
14,12,1.0,0.05,320,15,0.9375,0.4375
14,12,2.0,0.1,80,1,0.0625,0.4375
14,12,2.0,0.1,160,2,0.125,0.375
14,12,2.0,0.1,320,12,0.75,0.25
15,4,0.5,0.025,80,0,0.0,0.5
15,4,0.5,0.025,160,8,0.5,0.0
15,4,0.5,0.025,320,15,0.9375,0.4375
15,4,1.0,0.05,80,3,0.1875,0.3125
15,4,1.0,0.05,160,9,0.5625,0.0625
15,4,1.0,0.05,320,15,0.9375,0.4375
15,4,2.0,0.1,80,0,0.0,0.5
15,4,2.0,0.1,160,8,0.5,0.0
15,4,2.0,0.1,320,16,1.0,0.5
15,12,0.5,0.025,80,0,0.0,0.5
15,12,0.5,0.025,160,4,0.25,0.25
15,12,0.5,0.025,320,15,0.9375,0.4375
15,12,1.0,0.05,80,0,0.0,0.5
15,12,1.0,0.05,160,3,0.1875,0.3125
15,12,1.0,0.05,320,16,1.0,0.5
15,12,2.0,0.1,80,0,0.0,0.5
15,12,2.0,0.1,160,0,0.0,0.5
15,12,2.0,0.1,320,13,0.8125,0.3125
16,4,0.5,0.025,80,0,0.0,0.5
16,4,0.5,0.025,160,8,0.5,0.0
16,4,0.5,0.025,320,15,0.9375,0.4375
16,4,1.0,0.05,80,2,0.125,0.375
16,4,1.0,0.05,160,9,0.5625,0.0625
16,4,1.0,0.05,320,16,1.0,0.5
16,4,2.0,0.1,80,1,0.0625,0.4375
16,4,2.0,0.1,160,9,0.5625,0.0625
16,4,2.0,0.1,320,15,0.9375,0.4375
16,12,0.5,0.025,80,0,0.0,0.5
16,12,0.5,0.025,160,2,0.125,0.375
16,12,0.5,0.025,320,14,0.875,0.375
16,12,1.0,0.05,80,1,0.0625,0.4375
16,12,1.0,0.05,160,1,0.0625,0.4375
16,12,1.0,0.05,320,14,0.875,0.375
16,12,2.0,0.1,80,0,0.0,0.5
16,12,2.0,0.1,160,1,0.0625,0.4375
16,12,2.0,0.1,320,11,0.6875,0.1875
17,4,0.5,0.025,80,2,0.125,0.375
17,4,0.5,0.025,160,5,0.3125,0.1875
17,4,0.5,0.025,320,14,0.875,0.375
17,4,1.0,0.05,80,2,0.125,0.375
17,4,1.0,0.05,160,13,0.8125,0.3125
17,4,1.0,0.05,320,16,1.0,0.5
17,4,2.0,0.1,80,2,0.125,0.375
17,4,2.0,0.1,160,6,0.375,0.125
17,4,2.0,0.1,320,15,0.9375,0.4375
17,12,0.5,0.025,80,0,0.0,0.5
17,12,0.5,0.025,160,2,0.125,0.375
17,12,0.5,0.025,320,13,0.8125,0.3125
17,12,1.0,0.05,80,0,0.0,0.5
17,12,1.0,0.05,160,4,0.25,0.25
17,12,1.0,0.05,320,16,1.0,0.5
17,12,2.0,0.1,80,1,0.0625,0.4375
17,12,2.0,0.1,160,4,0.25,0.25
17,12,2.0,0.1,320,14,0.875,0.375
18,4,0.5,0.025,80,1,0.0625,0.4375
18,4,0.5,0.025,160,8,0.5,0.0
18,4,0.5,0.025,320,16,1.0,0.5
18,4,1.0,0.05,80,5,0.3125,0.1875
18,4,1.0,0.05,160,12,0.75,0.25
18,4,1.0,0.05,320,16,1.0,0.5
18,4,2.0,0.1,80,0,0.0,0.5
18,4,2.0,0.1,160,8,0.5,0.0
18,4,2.0,0.1,320,13,0.8125,0.3125
18,12,0.5,0.025,80,0,0.0,0.5
18,12,0.5,0.025,160,8,0.5,0.0
18,12,0.5,0.025,320,15,0.9375,0.4375
18,12,1.0,0.05,80,0,0.0,0.5
18,12,1.0,0.05,160,7,0.4375,0.0625
18,12,1.0,0.05,320,16,1.0,0.5
18,12,2.0,0.1,80,0,0.0,0.5
18,12,2.0,0.1,160,2,0.125,0.375
18,12,2.0,0.1,320,11,0.6875,0.1875
19,4,0.5,0.025,80,0,0.0,0.5
19,4,0.5,0.025,160,5,0.3125,0.1875
19,4,0.5,0.025,320,14,0.875,0.375
19,4,1.0,0.05,80,2,0.125,0.375
19,4,1.0,0.05,160,13,0.8125,0.3125
19,4,1.0,0.05,320,15,0.9375,0.4375
19,4,2.0,0.1,80,3,0.1875,0.3125
19,4,2.0,0.1,160,6,0.375,0.125
19,4,2.0,0.1,320,15,0.9375,0.4375
19,12,0.5,0.025,80,0,0.0,0.5
19,12,0.5,0.025,160,2,0.125,0.375
19,12,0.5,0.025,320,16,1.0,0.5
19,12,1.0,0.05,80,1,0.0625,0.4375
19,12,1.0,0.05,160,6,0.375,0.125
19,12,1.0,0.05,320,16,1.0,0.5
19,12,2.0,0.1,80,0,0.0,0.5
19,12,2.0,0.1,160,4,0.25,0.25
19,12,2.0,0.1,320,14,0.875,0.375
20,4,0.5,0.025,80,1,0.0625,0.4375
20,4,0.5,0.025,160,7,0.4375,0.0625
20,4,0.5,0.025,320,15,0.9375,0.4375
20,4,1.0,0.05,80,0,0.0,0.5
20,4,1.0,0.05,160,11,0.6875,0.1875
20,4,1.0,0.05,320,16,1.0,0.5
20,4,2.0,0.1,80,1,0.0625,0.4375
20,4,2.0,0.1,160,6,0.375,0.125
20,4,2.0,0.1,320,15,0.9375,0.4375
20,12,0.5,0.025,80,1,0.0625,0.4375
20,12,0.5,0.025,160,1,0.0625,0.4375
20,12,0.5,0.025,320,16,1.0,0.5
20,12,1.0,0.05,80,0,0.0,0.5
20,12,1.0,0.05,160,6,0.375,0.125
20,12,1.0,0.05,320,15,0.9375,0.4375
20,12,2.0,0.1,80,0,0.0,0.5
20,12,2.0,0.1,160,1,0.0625,0.4375
20,12,2.0,0.1,320,12,0.75,0.25
21,4,0.5,0.025,80,0,0.0,0.5
21,4,0.5,0.025,160,8,0.5,0.0
21,4,0.5,0.025,320,15,0.9375,0.4375
21,4,1.0,0.05,80,2,0.125,0.375
21,4,1.0,0.05,160,11,0.6875,0.1875
21,4,1.0,0.05,320,14,0.875,0.375
21,4,2.0,0.1,80,2,0.125,0.375
21,4,2.0,0.1,160,7,0.4375,0.0625
21,4,2.0,0.1,320,15,0.9375,0.4375
21,12,0.5,0.025,80,0,0.0,0.5
21,12,0.5,0.025,160,2,0.125,0.375
21,12,0.5,0.025,320,13,0.8125,0.3125
21,12,1.0,0.05,80,0,0.0,0.5
21,12,1.0,0.05,160,6,0.375,0.125
21,12,1.0,0.05,320,16,1.0,0.5
21,12,2.0,0.1,80,0,0.0,0.5
21,12,2.0,0.1,160,3,0.1875,0.3125
21,12,2.0,0.1,320,15,0.9375,0.4375
22,4,0.5,0.025,80,2,0.125,0.375
22,4,0.5,0.025,160,8,0.5,0.0
22,4,0.5,0.025,320,15,0.9375,0.4375
22,4,1.0,0.05,80,3,0.1875,0.3125
22,4,1.0,0.05,160,10,0.625,0.125
22,4,1.0,0.05,320,16,1.0,0.5
22,4,2.0,0.1,80,4,0.25,0.25
22,4,2.0,0.1,160,10,0.625,0.125
22,4,2.0,0.1,320,14,0.875,0.375
22,12,0.5,0.025,80,1,0.0625,0.4375
22,12,0.5,0.025,160,6,0.375,0.125
22,12,0.5,0.025,320,14,0.875,0.375
22,12,1.0,0.05,80,0,0.0,0.5
22,12,1.0,0.05,160,2,0.125,0.375
22,12,1.0,0.05,320,15,0.9375,0.4375
22,12,2.0,0.1,80,0,0.0,0.5
22,12,2.0,0.1,160,3,0.1875,0.3125
22,12,2.0,0.1,320,13,0.8125,0.3125
23,4,0.5,0.025,80,0,0.0,0.5
23,4,0.5,0.025,160,8,0.5,0.0
23,4,0.5,0.025,320,15,0.9375,0.4375
23,4,1.0,0.05,80,3,0.1875,0.3125
23,4,1.0,0.05,160,12,0.75,0.25
23,4,1.0,0.05,320,16,1.0,0.5
23,4,2.0,0.1,80,1,0.0625,0.4375
23,4,2.0,0.1,160,10,0.625,0.125
23,4,2.0,0.1,320,16,1.0,0.5
23,12,0.5,0.025,80,0,0.0,0.5
23,12,0.5,0.025,160,2,0.125,0.375
23,12,0.5,0.025,320,14,0.875,0.375
23,12,1.0,0.05,80,0,0.0,0.5
23,12,1.0,0.05,160,8,0.5,0.0
23,12,1.0,0.05,320,15,0.9375,0.4375
23,12,2.0,0.1,80,0,0.0,0.5
23,12,2.0,0.1,160,2,0.125,0.375
23,12,2.0,0.1,320,13,0.8125,0.3125
24,4,0.5,0.025,80,0,0.0,0.5
24,4,0.5,0.025,160,9,0.5625,0.0625
24,4,0.5,0.025,320,15,0.9375,0.4375
24,4,1.0,0.05,80,2,0.125,0.375
24,4,1.0,0.05,160,11,0.6875,0.1875
24,4,1.0,0.05,320,16,1.0,0.5
24,4,2.0,0.1,80,2,0.125,0.375
24,4,2.0,0.1,160,6,0.375,0.125
24,4,2.0,0.1,320,14,0.875,0.375
24,12,0.5,0.025,80,0,0.0,0.5
24,12,0.5,0.025,160,5,0.3125,0.1875
24,12,0.5,0.025,320,16,1.0,0.5
24,12,1.0,0.05,80,0,0.0,0.5
24,12,1.0,0.05,160,4,0.25,0.25
24,12,1.0,0.05,320,13,0.8125,0.3125
24,12,2.0,0.1,80,0,0.0,0.5
24,12,2.0,0.1,160,2,0.125,0.375
24,12,2.0,0.1,320,10,0.625,0.125
25,4,0.5,0.025,80,0,0.0,0.5
25,4,0.5,0.025,160,3,0.1875,0.3125
25,4,0.5,0.025,320,15,0.9375,0.4375
25,4,1.0,0.05,80,4,0.25,0.25
25,4,1.0,0.05,160,13,0.8125,0.3125
25,4,1.0,0.05,320,15,0.9375,0.4375
25,4,2.0,0.1,80,1,0.0625,0.4375
25,4,2.0,0.1,160,10,0.625,0.125
25,4,2.0,0.1,320,14,0.875,0.375
25,12,0.5,0.025,80,0,0.0,0.5
25,12,0.5,0.025,160,4,0.25,0.25
25,12,0.5,0.025,320,16,1.0,0.5
25,12,1.0,0.05,80,1,0.0625,0.4375
25,12,1.0,0.05,160,5,0.3125,0.1875
25,12,1.0,0.05,320,16,1.0,0.5
25,12,2.0,0.1,80,0,0.0,0.5
25,12,2.0,0.1,160,3,0.1875,0.3125
25,12,2.0,0.1,320,12,0.75,0.25
26,4,0.5,0.025,80,3,0.1875,0.3125
26,4,0.5,0.025,160,7,0.4375,0.0625
26,4,0.5,0.025,320,14,0.875,0.375
26,4,1.0,0.05,80,2,0.125,0.375
26,4,1.0,0.05,160,11,0.6875,0.1875
26,4,1.0,0.05,320,16,1.0,0.5
26,4,2.0,0.1,80,1,0.0625,0.4375
26,4,2.0,0.1,160,8,0.5,0.0
26,4,2.0,0.1,320,16,1.0,0.5
26,12,0.5,0.025,80,0,0.0,0.5
26,12,0.5,0.025,160,2,0.125,0.375
26,12,0.5,0.025,320,13,0.8125,0.3125
26,12,1.0,0.05,80,1,0.0625,0.4375
26,12,1.0,0.05,160,4,0.25,0.25
26,12,1.0,0.05,320,15,0.9375,0.4375
26,12,2.0,0.1,80,1,0.0625,0.4375
26,12,2.0,0.1,160,4,0.25,0.25
26,12,2.0,0.1,320,13,0.8125,0.3125
27,4,0.5,0.025,80,1,0.0625,0.4375
27,4,0.5,0.025,160,5,0.3125,0.1875
27,4,0.5,0.025,320,14,0.875,0.375
27,4,1.0,0.05,80,3,0.1875,0.3125
27,4,1.0,0.05,160,14,0.875,0.375
27,4,1.0,0.05,320,16,1.0,0.5
27,4,2.0,0.1,80,1,0.0625,0.4375
27,4,2.0,0.1,160,7,0.4375,0.0625
27,4,2.0,0.1,320,16,1.0,0.5
27,12,0.5,0.025,80,0,0.0,0.5
27,12,0.5,0.025,160,2,0.125,0.375
27,12,0.5,0.025,320,13,0.8125,0.3125
27,12,1.0,0.05,80,0,0.0,0.5
27,12,1.0,0.05,160,4,0.25,0.25
27,12,1.0,0.05,320,13,0.8125,0.3125
27,12,2.0,0.1,80,0,0.0,0.5
27,12,2.0,0.1,160,1,0.0625,0.4375
27,12,2.0,0.1,320,12,0.75,0.25
28,4,0.5,0.025,80,1,0.0625,0.4375
28,4,0.5,0.025,160,7,0.4375,0.0625
28,4,0.5,0.025,320,15,0.9375,0.4375
28,4,1.0,0.05,80,1,0.0625,0.4375
28,4,1.0,0.05,160,9,0.5625,0.0625
28,4,1.0,0.05,320,16,1.0,0.5
28,4,2.0,0.1,80,0,0.0,0.5
28,4,2.0,0.1,160,10,0.625,0.125
28,4,2.0,0.1,320,15,0.9375,0.4375
28,12,0.5,0.025,80,0,0.0,0.5
28,12,0.5,0.025,160,2,0.125,0.375
28,12,0.5,0.025,320,14,0.875,0.375
28,12,1.0,0.05,80,0,0.0,0.5
28,12,1.0,0.05,160,5,0.3125,0.1875
28,12,1.0,0.05,320,14,0.875,0.375
28,12,2.0,0.1,80,0,0.0,0.5
28,12,2.0,0.1,160,3,0.1875,0.3125
28,12,2.0,0.1,320,13,0.8125,0.3125
29,4,0.5,0.025,80,0,0.0,0.5
29,4,0.5,0.025,160,11,0.6875,0.1875
29,4,0.5,0.025,320,16,1.0,0.5
29,4,1.0,0.05,80,2,0.125,0.375
29,4,1.0,0.05,160,12,0.75,0.25
29,4,1.0,0.05,320,15,0.9375,0.4375
29,4,2.0,0.1,80,2,0.125,0.375
29,4,2.0,0.1,160,9,0.5625,0.0625
29,4,2.0,0.1,320,16,1.0,0.5
29,12,0.5,0.025,80,0,0.0,0.5
29,12,0.5,0.025,160,3,0.1875,0.3125
29,12,0.5,0.025,320,13,0.8125,0.3125
29,12,1.0,0.05,80,0,0.0,0.5
29,12,1.0,0.05,160,3,0.1875,0.3125
29,12,1.0,0.05,320,15,0.9375,0.4375
29,12,2.0,0.1,80,0,0.0,0.5
29,12,2.0,0.1,160,1,0.0625,0.4375
29,12,2.0,0.1,320,9,0.5625,0.0625
30,4,0.5,0.025,80,0,0.0,0.5
30,4,0.5,0.025,160,8,0.5,0.0
30,4,0.5,0.025,320,16,1.0,0.5
30,4,1.0,0.05,80,2,0.125,0.375
30,4,1.0,0.05,160,11,0.6875,0.1875
30,4,1.0,0.05,320,16,1.0,0.5
30,4,2.0,0.1,80,3,0.1875,0.3125
30,4,2.0,0.1,160,11,0.6875,0.1875
30,4,2.0,0.1,320,16,1.0,0.5
30,12,0.5,0.025,80,0,0.0,0.5
30,12,0.5,0.025,160,2,0.125,0.375
30,12,0.5,0.025,320,15,0.9375,0.4375
30,12,1.0,0.05,80,1,0.0625,0.4375
30,12,1.0,0.05,160,7,0.4375,0.0625
30,12,1.0,0.05,320,15,0.9375,0.4375
30,12,2.0,0.1,80,0,0.0,0.5
30,12,2.0,0.1,160,3,0.1875,0.3125
30,12,2.0,0.1,320,11,0.6875,0.1875
31,4,0.5,0.025,80,1,0.0625,0.4375
31,4,0.5,0.025,160,7,0.4375,0.0625
31,4,0.5,0.025,320,16,1.0,0.5
31,4,1.0,0.05,80,2,0.125,0.375
31,4,1.0,0.05,160,13,0.8125,0.3125
31,4,1.0,0.05,320,15,0.9375,0.4375
31,4,2.0,0.1,80,1,0.0625,0.4375
31,4,2.0,0.1,160,13,0.8125,0.3125
31,4,2.0,0.1,320,15,0.9375,0.4375
31,12,0.5,0.025,80,0,0.0,0.5
31,12,0.5,0.025,160,2,0.125,0.375
31,12,0.5,0.025,320,15,0.9375,0.4375
31,12,1.0,0.05,80,0,0.0,0.5
31,12,1.0,0.05,160,7,0.4375,0.0625
31,12,1.0,0.05,320,15,0.9375,0.4375
31,12,2.0,0.1,80,0,0.0,0.5
31,12,2.0,0.1,160,1,0.0625,0.4375
31,12,2.0,0.1,320,12,0.75,0.25
32,4,0.5,0.025,80,1,0.0625,0.4375
32,4,0.5,0.025,160,8,0.5,0.0
32,4,0.5,0.025,320,16,1.0,0.5
32,4,1.0,0.05,80,3,0.1875,0.3125
32,4,1.0,0.05,160,10,0.625,0.125
32,4,1.0,0.05,320,15,0.9375,0.4375
32,4,2.0,0.1,80,2,0.125,0.375
32,4,2.0,0.1,160,9,0.5625,0.0625
32,4,2.0,0.1,320,14,0.875,0.375
32,12,0.5,0.025,80,0,0.0,0.5
32,12,0.5,0.025,160,2,0.125,0.375
32,12,0.5,0.025,320,14,0.875,0.375
32,12,1.0,0.05,80,0,0.0,0.5
32,12,1.0,0.05,160,4,0.25,0.25
32,12,1.0,0.05,320,15,0.9375,0.4375
32,12,2.0,0.1,80,1,0.0625,0.4375
32,12,2.0,0.1,160,2,0.125,0.375
32,12,2.0,0.1,320,12,0.75,0.25
33,4,0.5,0.025,80,0,0.0,0.5
33,4,0.5,0.025,160,6,0.375,0.125
33,4,0.5,0.025,320,16,1.0,0.5
33,4,1.0,0.05,80,4,0.25,0.25
33,4,1.0,0.05,160,12,0.75,0.25
33,4,1.0,0.05,320,15,0.9375,0.4375
33,4,2.0,0.1,80,5,0.3125,0.1875
33,4,2.0,0.1,160,9,0.5625,0.0625
33,4,2.0,0.1,320,16,1.0,0.5
33,12,0.5,0.025,80,0,0.0,0.5
33,12,0.5,0.025,160,1,0.0625,0.4375
33,12,0.5,0.025,320,12,0.75,0.25
33,12,1.0,0.05,80,0,0.0,0.5
33,12,1.0,0.05,160,4,0.25,0.25
33,12,1.0,0.05,320,16,1.0,0.5
33,12,2.0,0.1,80,0,0.0,0.5
33,12,2.0,0.1,160,2,0.125,0.375
33,12,2.0,0.1,320,12,0.75,0.25
34,4,0.5,0.025,80,1,0.0625,0.4375
34,4,0.5,0.025,160,9,0.5625,0.0625
34,4,0.5,0.025,320,16,1.0,0.5
34,4,1.0,0.05,80,2,0.125,0.375
34,4,1.0,0.05,160,9,0.5625,0.0625
34,4,1.0,0.05,320,16,1.0,0.5
34,4,2.0,0.1,80,1,0.0625,0.4375
34,4,2.0,0.1,160,8,0.5,0.0
34,4,2.0,0.1,320,15,0.9375,0.4375
34,12,0.5,0.025,80,0,0.0,0.5
34,12,0.5,0.025,160,2,0.125,0.375
34,12,0.5,0.025,320,13,0.8125,0.3125
34,12,1.0,0.05,80,0,0.0,0.5
34,12,1.0,0.05,160,3,0.1875,0.3125
34,12,1.0,0.05,320,15,0.9375,0.4375
34,12,2.0,0.1,80,0,0.0,0.5
34,12,2.0,0.1,160,3,0.1875,0.3125
34,12,2.0,0.1,320,8,0.5,0.0
35,4,0.5,0.025,80,2,0.125,0.375
35,4,0.5,0.025,160,7,0.4375,0.0625
35,4,0.5,0.025,320,14,0.875,0.375
35,4,1.0,0.05,80,3,0.1875,0.3125
35,4,1.0,0.05,160,11,0.6875,0.1875
35,4,1.0,0.05,320,16,1.0,0.5
35,4,2.0,0.1,80,0,0.0,0.5
35,4,2.0,0.1,160,10,0.625,0.125
35,4,2.0,0.1,320,15,0.9375,0.4375
35,12,0.5,0.025,80,0,0.0,0.5
35,12,0.5,0.025,160,2,0.125,0.375
35,12,0.5,0.025,320,13,0.8125,0.3125
35,12,1.0,0.05,80,0,0.0,0.5
35,12,1.0,0.05,160,0,0.0,0.5
35,12,1.0,0.05,320,16,1.0,0.5
35,12,2.0,0.1,80,0,0.0,0.5
35,12,2.0,0.1,160,4,0.25,0.25
35,12,2.0,0.1,320,13,0.8125,0.3125
36,4,0.5,0.025,80,2,0.125,0.375
36,4,0.5,0.025,160,6,0.375,0.125
36,4,0.5,0.025,320,15,0.9375,0.4375
36,4,1.0,0.05,80,5,0.3125,0.1875
36,4,1.0,0.05,160,12,0.75,0.25
36,4,1.0,0.05,320,16,1.0,0.5
36,4,2.0,0.1,80,3,0.1875,0.3125
36,4,2.0,0.1,160,12,0.75,0.25
36,4,2.0,0.1,320,16,1.0,0.5
36,12,0.5,0.025,80,0,0.0,0.5
36,12,0.5,0.025,160,3,0.1875,0.3125
36,12,0.5,0.025,320,14,0.875,0.375
36,12,1.0,0.05,80,0,0.0,0.5
36,12,1.0,0.05,160,6,0.375,0.125
36,12,1.0,0.05,320,15,0.9375,0.4375
36,12,2.0,0.1,80,0,0.0,0.5
36,12,2.0,0.1,160,3,0.1875,0.3125
36,12,2.0,0.1,320,15,0.9375,0.4375
37,4,0.5,0.025,80,1,0.0625,0.4375
37,4,0.5,0.025,160,7,0.4375,0.0625
37,4,0.5,0.025,320,16,1.0,0.5
37,4,1.0,0.05,80,5,0.3125,0.1875
37,4,1.0,0.05,160,11,0.6875,0.1875
37,4,1.0,0.05,320,16,1.0,0.5
37,4,2.0,0.1,80,0,0.0,0.5
37,4,2.0,0.1,160,8,0.5,0.0
37,4,2.0,0.1,320,16,1.0,0.5
37,12,0.5,0.025,80,0,0.0,0.5
37,12,0.5,0.025,160,2,0.125,0.375
37,12,0.5,0.025,320,13,0.8125,0.3125
37,12,1.0,0.05,80,0,0.0,0.5
37,12,1.0,0.05,160,5,0.3125,0.1875
37,12,1.0,0.05,320,16,1.0,0.5
37,12,2.0,0.1,80,0,0.0,0.5
37,12,2.0,0.1,160,0,0.0,0.5
37,12,2.0,0.1,320,14,0.875,0.375
38,4,0.5,0.025,80,0,0.0,0.5
38,4,0.5,0.025,160,8,0.5,0.0
38,4,0.5,0.025,320,16,1.0,0.5
38,4,1.0,0.05,80,2,0.125,0.375
38,4,1.0,0.05,160,9,0.5625,0.0625
38,4,1.0,0.05,320,16,1.0,0.5
38,4,2.0,0.1,80,0,0.0,0.5
38,4,2.0,0.1,160,8,0.5,0.0
38,4,2.0,0.1,320,14,0.875,0.375
38,12,0.5,0.025,80,0,0.0,0.5
38,12,0.5,0.025,160,2,0.125,0.375
38,12,0.5,0.025,320,14,0.875,0.375
38,12,1.0,0.05,80,0,0.0,0.5
38,12,1.0,0.05,160,3,0.1875,0.3125
38,12,1.0,0.05,320,15,0.9375,0.4375
38,12,2.0,0.1,80,0,0.0,0.5
38,12,2.0,0.1,160,1,0.0625,0.4375
38,12,2.0,0.1,320,11,0.6875,0.1875
39,4,0.5,0.025,80,0,0.0,0.5
39,4,0.5,0.025,160,9,0.5625,0.0625
39,4,0.5,0.025,320,15,0.9375,0.4375
39,4,1.0,0.05,80,0,0.0,0.5
39,4,1.0,0.05,160,8,0.5,0.0
39,4,1.0,0.05,320,16,1.0,0.5
39,4,2.0,0.1,80,4,0.25,0.25
39,4,2.0,0.1,160,12,0.75,0.25
39,4,2.0,0.1,320,16,1.0,0.5
39,12,0.5,0.025,80,0,0.0,0.5
39,12,0.5,0.025,160,2,0.125,0.375
39,12,0.5,0.025,320,15,0.9375,0.4375
39,12,1.0,0.05,80,0,0.0,0.5
39,12,1.0,0.05,160,4,0.25,0.25
39,12,1.0,0.05,320,16,1.0,0.5
39,12,2.0,0.1,80,0,0.0,0.5
39,12,2.0,0.1,160,0,0.0,0.5
39,12,2.0,0.1,320,12,0.75,0.25
40,4,0.5,0.025,80,0,0.0,0.5
40,4,0.5,0.025,160,5,0.3125,0.1875
40,4,0.5,0.025,320,16,1.0,0.5
40,4,1.0,0.05,80,3,0.1875,0.3125
40,4,1.0,0.05,160,11,0.6875,0.1875
40,4,1.0,0.05,320,16,1.0,0.5
40,4,2.0,0.1,80,3,0.1875,0.3125
40,4,2.0,0.1,160,5,0.3125,0.1875
40,4,2.0,0.1,320,16,1.0,0.5
40,12,0.5,0.025,80,0,0.0,0.5
40,12,0.5,0.025,160,3,0.1875,0.3125
40,12,0.5,0.025,320,12,0.75,0.25
40,12,1.0,0.05,80,0,0.0,0.5
40,12,1.0,0.05,160,5,0.3125,0.1875
40,12,1.0,0.05,320,15,0.9375,0.4375
40,12,2.0,0.1,80,0,0.0,0.5
40,12,2.0,0.1,160,3,0.1875,0.3125
40,12,2.0,0.1,320,15,0.9375,0.4375
41,4,0.5,0.025,80,0,0.0,0.5
41,4,0.5,0.025,160,8,0.5,0.0
41,4,0.5,0.025,320,15,0.9375,0.4375
41,4,1.0,0.05,80,0,0.0,0.5
41,4,1.0,0.05,160,8,0.5,0.0
41,4,1.0,0.05,320,16,1.0,0.5
41,4,2.0,0.1,80,2,0.125,0.375
41,4,2.0,0.1,160,7,0.4375,0.0625
41,4,2.0,0.1,320,15,0.9375,0.4375
41,12,0.5,0.025,80,0,0.0,0.5
41,12,0.5,0.025,160,5,0.3125,0.1875
41,12,0.5,0.025,320,12,0.75,0.25
41,12,1.0,0.05,80,0,0.0,0.5
41,12,1.0,0.05,160,5,0.3125,0.1875
41,12,1.0,0.05,320,15,0.9375,0.4375
41,12,2.0,0.1,80,0,0.0,0.5
41,12,2.0,0.1,160,4,0.25,0.25
41,12,2.0,0.1,320,12,0.75,0.25
42,4,0.5,0.025,80,1,0.0625,0.4375
42,4,0.5,0.025,160,5,0.3125,0.1875
42,4,0.5,0.025,320,15,0.9375,0.4375
42,4,1.0,0.05,80,2,0.125,0.375
42,4,1.0,0.05,160,12,0.75,0.25
42,4,1.0,0.05,320,16,1.0,0.5
42,4,2.0,0.1,80,2,0.125,0.375
42,4,2.0,0.1,160,10,0.625,0.125
42,4,2.0,0.1,320,15,0.9375,0.4375
42,12,0.5,0.025,80,0,0.0,0.5
42,12,0.5,0.025,160,4,0.25,0.25
42,12,0.5,0.025,320,11,0.6875,0.1875
42,12,1.0,0.05,80,1,0.0625,0.4375
42,12,1.0,0.05,160,5,0.3125,0.1875
42,12,1.0,0.05,320,14,0.875,0.375
42,12,2.0,0.1,80,0,0.0,0.5
42,12,2.0,0.1,160,2,0.125,0.375
42,12,2.0,0.1,320,11,0.6875,0.1875
43,4,0.5,0.025,80,1,0.0625,0.4375
43,4,0.5,0.025,160,5,0.3125,0.1875
43,4,0.5,0.025,320,16,1.0,0.5
43,4,1.0,0.05,80,5,0.3125,0.1875
43,4,1.0,0.05,160,9,0.5625,0.0625
43,4,1.0,0.05,320,15,0.9375,0.4375
43,4,2.0,0.1,80,1,0.0625,0.4375
43,4,2.0,0.1,160,8,0.5,0.0
43,4,2.0,0.1,320,15,0.9375,0.4375
43,12,0.5,0.025,80,0,0.0,0.5
43,12,0.5,0.025,160,3,0.1875,0.3125
43,12,0.5,0.025,320,14,0.875,0.375
43,12,1.0,0.05,80,0,0.0,0.5
43,12,1.0,0.05,160,7,0.4375,0.0625
43,12,1.0,0.05,320,14,0.875,0.375
43,12,2.0,0.1,80,1,0.0625,0.4375
43,12,2.0,0.1,160,1,0.0625,0.4375
43,12,2.0,0.1,320,13,0.8125,0.3125
44,4,0.5,0.025,80,1,0.0625,0.4375
44,4,0.5,0.025,160,8,0.5,0.0
44,4,0.5,0.025,320,16,1.0,0.5
44,4,1.0,0.05,80,2,0.125,0.375
44,4,1.0,0.05,160,9,0.5625,0.0625
44,4,1.0,0.05,320,16,1.0,0.5
44,4,2.0,0.1,80,0,0.0,0.5
44,4,2.0,0.1,160,6,0.375,0.125
44,4,2.0,0.1,320,12,0.75,0.25
44,12,0.5,0.025,80,0,0.0,0.5
44,12,0.5,0.025,160,3,0.1875,0.3125
44,12,0.5,0.025,320,10,0.625,0.125
44,12,1.0,0.05,80,0,0.0,0.5
44,12,1.0,0.05,160,3,0.1875,0.3125
44,12,1.0,0.05,320,14,0.875,0.375
44,12,2.0,0.1,80,0,0.0,0.5
44,12,2.0,0.1,160,1,0.0625,0.4375
44,12,2.0,0.1,320,12,0.75,0.25
45,4,0.5,0.025,80,0,0.0,0.5
45,4,0.5,0.025,160,9,0.5625,0.0625
45,4,0.5,0.025,320,15,0.9375,0.4375
45,4,1.0,0.05,80,2,0.125,0.375
45,4,1.0,0.05,160,12,0.75,0.25
45,4,1.0,0.05,320,16,1.0,0.5
45,4,2.0,0.1,80,2,0.125,0.375
45,4,2.0,0.1,160,10,0.625,0.125
45,4,2.0,0.1,320,15,0.9375,0.4375
45,12,0.5,0.025,80,0,0.0,0.5
45,12,0.5,0.025,160,3,0.1875,0.3125
45,12,0.5,0.025,320,14,0.875,0.375
45,12,1.0,0.05,80,0,0.0,0.5
45,12,1.0,0.05,160,4,0.25,0.25
45,12,1.0,0.05,320,16,1.0,0.5
45,12,2.0,0.1,80,0,0.0,0.5
45,12,2.0,0.1,160,2,0.125,0.375
45,12,2.0,0.1,320,12,0.75,0.25
46,4,0.5,0.025,80,2,0.125,0.375
46,4,0.5,0.025,160,11,0.6875,0.1875
46,4,0.5,0.025,320,16,1.0,0.5
46,4,1.0,0.05,80,1,0.0625,0.4375
46,4,1.0,0.05,160,11,0.6875,0.1875
46,4,1.0,0.05,320,16,1.0,0.5
46,4,2.0,0.1,80,1,0.0625,0.4375
46,4,2.0,0.1,160,8,0.5,0.0
46,4,2.0,0.1,320,15,0.9375,0.4375
46,12,0.5,0.025,80,0,0.0,0.5
46,12,0.5,0.025,160,0,0.0,0.5
46,12,0.5,0.025,320,14,0.875,0.375
46,12,1.0,0.05,80,0,0.0,0.5
46,12,1.0,0.05,160,3,0.1875,0.3125
46,12,1.0,0.05,320,14,0.875,0.375
46,12,2.0,0.1,80,0,0.0,0.5
46,12,2.0,0.1,160,4,0.25,0.25
46,12,2.0,0.1,320,12,0.75,0.25
47,4,0.5,0.025,80,0,0.0,0.5
47,4,0.5,0.025,160,8,0.5,0.0
47,4,0.5,0.025,320,16,1.0,0.5
47,4,1.0,0.05,80,1,0.0625,0.4375
47,4,1.0,0.05,160,8,0.5,0.0
47,4,1.0,0.05,320,16,1.0,0.5
47,4,2.0,0.1,80,3,0.1875,0.3125
47,4,2.0,0.1,160,7,0.4375,0.0625
47,4,2.0,0.1,320,14,0.875,0.375
47,12,0.5,0.025,80,0,0.0,0.5
47,12,0.5,0.025,160,4,0.25,0.25
47,12,0.5,0.025,320,15,0.9375,0.4375
47,12,1.0,0.05,80,0,0.0,0.5
47,12,1.0,0.05,160,7,0.4375,0.0625
47,12,1.0,0.05,320,16,1.0,0.5
47,12,2.0,0.1,80,0,0.0,0.5
47,12,2.0,0.1,160,4,0.25,0.25
47,12,2.0,0.1,320,13,0.8125,0.3125
48,4,0.5,0.025,80,0,0.0,0.5
48,4,0.5,0.025,160,10,0.625,0.125
48,4,0.5,0.025,320,16,1.0,0.5
48,4,1.0,0.05,80,3,0.1875,0.3125
48,4,1.0,0.05,160,10,0.625,0.125
48,4,1.0,0.05,320,16,1.0,0.5
48,4,2.0,0.1,80,0,0.0,0.5
48,4,2.0,0.1,160,9,0.5625,0.0625
48,4,2.0,0.1,320,13,0.8125,0.3125
48,12,0.5,0.025,80,0,0.0,0.5
48,12,0.5,0.025,160,1,0.0625,0.4375
48,12,0.5,0.025,320,14,0.875,0.375
48,12,1.0,0.05,80,0,0.0,0.5
48,12,1.0,0.05,160,3,0.1875,0.3125
48,12,1.0,0.05,320,16,1.0,0.5
48,12,2.0,0.1,80,0,0.0,0.5
48,12,2.0,0.1,160,2,0.125,0.375
48,12,2.0,0.1,320,13,0.8125,0.3125
49,4,0.5,0.025,80,1,0.0625,0.4375
49,4,0.5,0.025,160,8,0.5,0.0
49,4,0.5,0.025,320,16,1.0,0.5
49,4,1.0,0.05,80,3,0.1875,0.3125
49,4,1.0,0.05,160,9,0.5625,0.0625
49,4,1.0,0.05,320,16,1.0,0.5
49,4,2.0,0.1,80,2,0.125,0.375
49,4,2.0,0.1,160,7,0.4375,0.0625
49,4,2.0,0.1,320,14,0.875,0.375
49,12,0.5,0.025,80,0,0.0,0.5
49,12,0.5,0.025,160,1,0.0625,0.4375
49,12,0.5,0.025,320,15,0.9375,0.4375
49,12,1.0,0.05,80,0,0.0,0.5
49,12,1.0,0.05,160,3,0.1875,0.3125
49,12,1.0,0.05,320,14,0.875,0.375
49,12,2.0,0.1,80,0,0.0,0.5
49,12,2.0,0.1,160,3,0.1875,0.3125
49,12,2.0,0.1,320,14,0.875,0.375
50,4,0.5,0.025,80,2,0.125,0.375
50,4,0.5,0.025,160,7,0.4375,0.0625
50,4,0.5,0.025,320,16,1.0,0.5
50,4,1.0,0.05,80,2,0.125,0.375
50,4,1.0,0.05,160,12,0.75,0.25
50,4,1.0,0.05,320,16,1.0,0.5
50,4,2.0,0.1,80,3,0.1875,0.3125
50,4,2.0,0.1,160,9,0.5625,0.0625
50,4,2.0,0.1,320,15,0.9375,0.4375
50,12,0.5,0.025,80,0,0.0,0.5
50,12,0.5,0.025,160,1,0.0625,0.4375
50,12,0.5,0.025,320,12,0.75,0.25
50,12,1.0,0.05,80,1,0.0625,0.4375
50,12,1.0,0.05,160,3,0.1875,0.3125
50,12,1.0,0.05,320,16,1.0,0.5
50,12,2.0,0.1,80,1,0.0625,0.4375
50,12,2.0,0.1,160,4,0.25,0.25
50,12,2.0,0.1,320,14,0.875,0.375
51,4,0.5,0.025,80,1,0.0625,0.4375
51,4,0.5,0.025,160,8,0.5,0.0
51,4,0.5,0.025,320,16,1.0,0.5
51,4,1.0,0.05,80,2,0.125,0.375
51,4,1.0,0.05,160,9,0.5625,0.0625
51,4,1.0,0.05,320,16,1.0,0.5
51,4,2.0,0.1,80,2,0.125,0.375
51,4,2.0,0.1,160,8,0.5,0.0
51,4,2.0,0.1,320,16,1.0,0.5
51,12,0.5,0.025,80,0,0.0,0.5
51,12,0.5,0.025,160,2,0.125,0.375
51,12,0.5,0.025,320,13,0.8125,0.3125
51,12,1.0,0.05,80,1,0.0625,0.4375
51,12,1.0,0.05,160,6,0.375,0.125
51,12,1.0,0.05,320,16,1.0,0.5
51,12,2.0,0.1,80,0,0.0,0.5
51,12,2.0,0.1,160,2,0.125,0.375
51,12,2.0,0.1,320,12,0.75,0.25
52,4,0.5,0.025,80,0,0.0,0.5
52,4,0.5,0.025,160,6,0.375,0.125
52,4,0.5,0.025,320,14,0.875,0.375
52,4,1.0,0.05,80,0,0.0,0.5
52,4,1.0,0.05,160,12,0.75,0.25
52,4,1.0,0.05,320,16,1.0,0.5
52,4,2.0,0.1,80,1,0.0625,0.4375
52,4,2.0,0.1,160,4,0.25,0.25
52,4,2.0,0.1,320,14,0.875,0.375
52,12,0.5,0.025,80,0,0.0,0.5
52,12,0.5,0.025,160,1,0.0625,0.4375
52,12,0.5,0.025,320,12,0.75,0.25
52,12,1.0,0.05,80,1,0.0625,0.4375
52,12,1.0,0.05,160,8,0.5,0.0
52,12,1.0,0.05,320,16,1.0,0.5
52,12,2.0,0.1,80,0,0.0,0.5
52,12,2.0,0.1,160,6,0.375,0.125
52,12,2.0,0.1,320,12,0.75,0.25
53,4,0.5,0.025,80,2,0.125,0.375
53,4,0.5,0.025,160,9,0.5625,0.0625
53,4,0.5,0.025,320,15,0.9375,0.4375
53,4,1.0,0.05,80,1,0.0625,0.4375
53,4,1.0,0.05,160,12,0.75,0.25
53,4,1.0,0.05,320,16,1.0,0.5
53,4,2.0,0.1,80,3,0.1875,0.3125
53,4,2.0,0.1,160,5,0.3125,0.1875
53,4,2.0,0.1,320,15,0.9375,0.4375
53,12,0.5,0.025,80,0,0.0,0.5
53,12,0.5,0.025,160,4,0.25,0.25
53,12,0.5,0.025,320,13,0.8125,0.3125
53,12,1.0,0.05,80,0,0.0,0.5
53,12,1.0,0.05,160,6,0.375,0.125
53,12,1.0,0.05,320,15,0.9375,0.4375
53,12,2.0,0.1,80,0,0.0,0.5
53,12,2.0,0.1,160,3,0.1875,0.3125
53,12,2.0,0.1,320,13,0.8125,0.3125
54,4,0.5,0.025,80,0,0.0,0.5
54,4,0.5,0.025,160,7,0.4375,0.0625
54,4,0.5,0.025,320,16,1.0,0.5
54,4,1.0,0.05,80,2,0.125,0.375
54,4,1.0,0.05,160,11,0.6875,0.1875
54,4,1.0,0.05,320,16,1.0,0.5
54,4,2.0,0.1,80,1,0.0625,0.4375
54,4,2.0,0.1,160,11,0.6875,0.1875
54,4,2.0,0.1,320,15,0.9375,0.4375
54,12,0.5,0.025,80,0,0.0,0.5
54,12,0.5,0.025,160,1,0.0625,0.4375
54,12,0.5,0.025,320,13,0.8125,0.3125
54,12,1.0,0.05,80,1,0.0625,0.4375
54,12,1.0,0.05,160,6,0.375,0.125
54,12,1.0,0.05,320,14,0.875,0.375
54,12,2.0,0.1,80,0,0.0,0.5
54,12,2.0,0.1,160,1,0.0625,0.4375
54,12,2.0,0.1,320,12,0.75,0.25
55,4,0.5,0.025,80,0,0.0,0.5
55,4,0.5,0.025,160,8,0.5,0.0
55,4,0.5,0.025,320,15,0.9375,0.4375
55,4,1.0,0.05,80,2,0.125,0.375
55,4,1.0,0.05,160,9,0.5625,0.0625
55,4,1.0,0.05,320,15,0.9375,0.4375
55,4,2.0,0.1,80,0,0.0,0.5
55,4,2.0,0.1,160,8,0.5,0.0
55,4,2.0,0.1,320,14,0.875,0.375
55,12,0.5,0.025,80,1,0.0625,0.4375
55,12,0.5,0.025,160,3,0.1875,0.3125
55,12,0.5,0.025,320,15,0.9375,0.4375
55,12,1.0,0.05,80,0,0.0,0.5
55,12,1.0,0.05,160,7,0.4375,0.0625
55,12,1.0,0.05,320,16,1.0,0.5
55,12,2.0,0.1,80,0,0.0,0.5
55,12,2.0,0.1,160,4,0.25,0.25
55,12,2.0,0.1,320,13,0.8125,0.3125
56,4,0.5,0.025,80,0,0.0,0.5
56,4,0.5,0.025,160,9,0.5625,0.0625
56,4,0.5,0.025,320,15,0.9375,0.4375
56,4,1.0,0.05,80,4,0.25,0.25
56,4,1.0,0.05,160,10,0.625,0.125
56,4,1.0,0.05,320,15,0.9375,0.4375
56,4,2.0,0.1,80,2,0.125,0.375
56,4,2.0,0.1,160,10,0.625,0.125
56,4,2.0,0.1,320,15,0.9375,0.4375
56,12,0.5,0.025,80,0,0.0,0.5
56,12,0.5,0.025,160,2,0.125,0.375
56,12,0.5,0.025,320,13,0.8125,0.3125
56,12,1.0,0.05,80,0,0.0,0.5
56,12,1.0,0.05,160,8,0.5,0.0
56,12,1.0,0.05,320,16,1.0,0.5
56,12,2.0,0.1,80,1,0.0625,0.4375
56,12,2.0,0.1,160,3,0.1875,0.3125
56,12,2.0,0.1,320,10,0.625,0.125
57,4,0.5,0.025,80,0,0.0,0.5
57,4,0.5,0.025,160,6,0.375,0.125
57,4,0.5,0.025,320,13,0.8125,0.3125
57,4,1.0,0.05,80,1,0.0625,0.4375
57,4,1.0,0.05,160,12,0.75,0.25
57,4,1.0,0.05,320,16,1.0,0.5
57,4,2.0,0.1,80,1,0.0625,0.4375
57,4,2.0,0.1,160,9,0.5625,0.0625
57,4,2.0,0.1,320,15,0.9375,0.4375
57,12,0.5,0.025,80,0,0.0,0.5
57,12,0.5,0.025,160,2,0.125,0.375
57,12,0.5,0.025,320,12,0.75,0.25
57,12,1.0,0.05,80,1,0.0625,0.4375
57,12,1.0,0.05,160,4,0.25,0.25
57,12,1.0,0.05,320,16,1.0,0.5
57,12,2.0,0.1,80,0,0.0,0.5
57,12,2.0,0.1,160,5,0.3125,0.1875
57,12,2.0,0.1,320,12,0.75,0.25
58,4,0.5,0.025,80,0,0.0,0.5
58,4,0.5,0.025,160,8,0.5,0.0
58,4,0.5,0.025,320,14,0.875,0.375
58,4,1.0,0.05,80,0,0.0,0.5
58,4,1.0,0.05,160,7,0.4375,0.0625
58,4,1.0,0.05,320,14,0.875,0.375
58,4,2.0,0.1,80,1,0.0625,0.4375
58,4,2.0,0.1,160,6,0.375,0.125
58,4,2.0,0.1,320,15,0.9375,0.4375
58,12,0.5,0.025,80,0,0.0,0.5
58,12,0.5,0.025,160,3,0.1875,0.3125
58,12,0.5,0.025,320,14,0.875,0.375
58,12,1.0,0.05,80,0,0.0,0.5
58,12,1.0,0.05,160,5,0.3125,0.1875
58,12,1.0,0.05,320,15,0.9375,0.4375
58,12,2.0,0.1,80,0,0.0,0.5
58,12,2.0,0.1,160,3,0.1875,0.3125
58,12,2.0,0.1,320,11,0.6875,0.1875
59,4,0.5,0.025,80,0,0.0,0.5
59,4,0.5,0.025,160,8,0.5,0.0
59,4,0.5,0.025,320,16,1.0,0.5
59,4,1.0,0.05,80,4,0.25,0.25
59,4,1.0,0.05,160,11,0.6875,0.1875
59,4,1.0,0.05,320,16,1.0,0.5
59,4,2.0,0.1,80,2,0.125,0.375
59,4,2.0,0.1,160,9,0.5625,0.0625
59,4,2.0,0.1,320,16,1.0,0.5
59,12,0.5,0.025,80,0,0.0,0.5
59,12,0.5,0.025,160,2,0.125,0.375
59,12,0.5,0.025,320,14,0.875,0.375
59,12,1.0,0.05,80,0,0.0,0.5
59,12,1.0,0.05,160,2,0.125,0.375
59,12,1.0,0.05,320,13,0.8125,0.3125
59,12,2.0,0.1,80,0,0.0,0.5
59,12,2.0,0.1,160,5,0.3125,0.1875
59,12,2.0,0.1,320,12,0.75,0.25
60,4,0.5,0.025,80,0,0.0,0.5
60,4,0.5,0.025,160,7,0.4375,0.0625
60,4,0.5,0.025,320,15,0.9375,0.4375
60,4,1.0,0.05,80,1,0.0625,0.4375
60,4,1.0,0.05,160,12,0.75,0.25
60,4,1.0,0.05,320,16,1.0,0.5
60,4,2.0,0.1,80,2,0.125,0.375
60,4,2.0,0.1,160,6,0.375,0.125
60,4,2.0,0.1,320,15,0.9375,0.4375
60,12,0.5,0.025,80,0,0.0,0.5
60,12,0.5,0.025,160,4,0.25,0.25
60,12,0.5,0.025,320,15,0.9375,0.4375
60,12,1.0,0.05,80,0,0.0,0.5
60,12,1.0,0.05,160,6,0.375,0.125
60,12,1.0,0.05,320,15,0.9375,0.4375
60,12,2.0,0.1,80,0,0.0,0.5
60,12,2.0,0.1,160,2,0.125,0.375
60,12,2.0,0.1,320,12,0.75,0.25
61,4,0.5,0.025,80,2,0.125,0.375
61,4,0.5,0.025,160,7,0.4375,0.0625
61,4,0.5,0.025,320,15,0.9375,0.4375
61,4,1.0,0.05,80,4,0.25,0.25
61,4,1.0,0.05,160,12,0.75,0.25
61,4,1.0,0.05,320,16,1.0,0.5
61,4,2.0,0.1,80,2,0.125,0.375
61,4,2.0,0.1,160,6,0.375,0.125
61,4,2.0,0.1,320,13,0.8125,0.3125
61,12,0.5,0.025,80,0,0.0,0.5
61,12,0.5,0.025,160,4,0.25,0.25
61,12,0.5,0.025,320,14,0.875,0.375
61,12,1.0,0.05,80,0,0.0,0.5
61,12,1.0,0.05,160,3,0.1875,0.3125
61,12,1.0,0.05,320,14,0.875,0.375
61,12,2.0,0.1,80,1,0.0625,0.4375
61,12,2.0,0.1,160,3,0.1875,0.3125
61,12,2.0,0.1,320,15,0.9375,0.4375
62,4,0.5,0.025,80,0,0.0,0.5
62,4,0.5,0.025,160,5,0.3125,0.1875
62,4,0.5,0.025,320,14,0.875,0.375
62,4,1.0,0.05,80,1,0.0625,0.4375
62,4,1.0,0.05,160,10,0.625,0.125
62,4,1.0,0.05,320,14,0.875,0.375
62,4,2.0,0.1,80,0,0.0,0.5
62,4,2.0,0.1,160,6,0.375,0.125
62,4,2.0,0.1,320,13,0.8125,0.3125
62,12,0.5,0.025,80,0,0.0,0.5
62,12,0.5,0.025,160,5,0.3125,0.1875
62,12,0.5,0.025,320,13,0.8125,0.3125
62,12,1.0,0.05,80,0,0.0,0.5
62,12,1.0,0.05,160,5,0.3125,0.1875
62,12,1.0,0.05,320,16,1.0,0.5
62,12,2.0,0.1,80,0,0.0,0.5
62,12,2.0,0.1,160,1,0.0625,0.4375
62,12,2.0,0.1,320,10,0.625,0.125
63,4,0.5,0.025,80,0,0.0,0.5
63,4,0.5,0.025,160,6,0.375,0.125
63,4,0.5,0.025,320,14,0.875,0.375
63,4,1.0,0.05,80,2,0.125,0.375
63,4,1.0,0.05,160,12,0.75,0.25
63,4,1.0,0.05,320,15,0.9375,0.4375
63,4,2.0,0.1,80,1,0.0625,0.4375
63,4,2.0,0.1,160,6,0.375,0.125
63,4,2.0,0.1,320,15,0.9375,0.4375
63,12,0.5,0.025,80,0,0.0,0.5
63,12,0.5,0.025,160,6,0.375,0.125
63,12,0.5,0.025,320,15,0.9375,0.4375
63,12,1.0,0.05,80,0,0.0,0.5
63,12,1.0,0.05,160,5,0.3125,0.1875
63,12,1.0,0.05,320,15,0.9375,0.4375
63,12,2.0,0.1,80,0,0.0,0.5
63,12,2.0,0.1,160,2,0.125,0.375
63,12,2.0,0.1,320,16,1.0,0.5
64,4,0.5,0.025,80,1,0.0625,0.4375
64,4,0.5,0.025,160,6,0.375,0.125
64,4,0.5,0.025,320,16,1.0,0.5
64,4,1.0,0.05,80,2,0.125,0.375
64,4,1.0,0.05,160,10,0.625,0.125
64,4,1.0,0.05,320,16,1.0,0.5
64,4,2.0,0.1,80,2,0.125,0.375
64,4,2.0,0.1,160,8,0.5,0.0
64,4,2.0,0.1,320,15,0.9375,0.4375
64,12,0.5,0.025,80,0,0.0,0.5
64,12,0.5,0.025,160,4,0.25,0.25
64,12,0.5,0.025,320,14,0.875,0.375
64,12,1.0,0.05,80,0,0.0,0.5
64,12,1.0,0.05,160,6,0.375,0.125
64,12,1.0,0.05,320,15,0.9375,0.4375
64,12,2.0,0.1,80,0,0.0,0.5
64,12,2.0,0.1,160,3,0.1875,0.3125
64,12,2.0,0.1,320,15,0.9375,0.4375
65,4,0.5,0.025,80,0,0.0,0.5
65,4,0.5,0.025,160,6,0.375,0.125
65,4,0.5,0.025,320,15,0.9375,0.4375
65,4,1.0,0.05,80,4,0.25,0.25
65,4,1.0,0.05,160,12,0.75,0.25
65,4,1.0,0.05,320,16,1.0,0.5
65,4,2.0,0.1,80,0,0.0,0.5
65,4,2.0,0.1,160,9,0.5625,0.0625
65,4,2.0,0.1,320,16,1.0,0.5
65,12,0.5,0.025,80,0,0.0,0.5
65,12,0.5,0.025,160,2,0.125,0.375
65,12,0.5,0.025,320,16,1.0,0.5
65,12,1.0,0.05,80,1,0.0625,0.4375
65,12,1.0,0.05,160,4,0.25,0.25
65,12,1.0,0.05,320,16,1.0,0.5
65,12,2.0,0.1,80,0,0.0,0.5
65,12,2.0,0.1,160,3,0.1875,0.3125
65,12,2.0,0.1,320,14,0.875,0.375
66,4,0.5,0.025,80,0,0.0,0.5
66,4,0.5,0.025,160,7,0.4375,0.0625
66,4,0.5,0.025,320,16,1.0,0.5
66,4,1.0,0.05,80,3,0.1875,0.3125
66,4,1.0,0.05,160,12,0.75,0.25
66,4,1.0,0.05,320,16,1.0,0.5
66,4,2.0,0.1,80,2,0.125,0.375
66,4,2.0,0.1,160,11,0.6875,0.1875
66,4,2.0,0.1,320,16,1.0,0.5
66,12,0.5,0.025,80,0,0.0,0.5
66,12,0.5,0.025,160,3,0.1875,0.3125
66,12,0.5,0.025,320,16,1.0,0.5
66,12,1.0,0.05,80,0,0.0,0.5
66,12,1.0,0.05,160,5,0.3125,0.1875
66,12,1.0,0.05,320,14,0.875,0.375
66,12,2.0,0.1,80,0,0.0,0.5
66,12,2.0,0.1,160,0,0.0,0.5
66,12,2.0,0.1,320,13,0.8125,0.3125
67,4,0.5,0.025,80,0,0.0,0.5
67,4,0.5,0.025,160,5,0.3125,0.1875
67,4,0.5,0.025,320,16,1.0,0.5
67,4,1.0,0.05,80,2,0.125,0.375
67,4,1.0,0.05,160,10,0.625,0.125
67,4,1.0,0.05,320,16,1.0,0.5
67,4,2.0,0.1,80,1,0.0625,0.4375
67,4,2.0,0.1,160,10,0.625,0.125
67,4,2.0,0.1,320,15,0.9375,0.4375
67,12,0.5,0.025,80,0,0.0,0.5
67,12,0.5,0.025,160,2,0.125,0.375
67,12,0.5,0.025,320,15,0.9375,0.4375
67,12,1.0,0.05,80,0,0.0,0.5
67,12,1.0,0.05,160,4,0.25,0.25
67,12,1.0,0.05,320,15,0.9375,0.4375
67,12,2.0,0.1,80,0,0.0,0.5
67,12,2.0,0.1,160,1,0.0625,0.4375
67,12,2.0,0.1,320,14,0.875,0.375
68,4,0.5,0.025,80,0,0.0,0.5
68,4,0.5,0.025,160,8,0.5,0.0
68,4,0.5,0.025,320,15,0.9375,0.4375
68,4,1.0,0.05,80,5,0.3125,0.1875
68,4,1.0,0.05,160,11,0.6875,0.1875
68,4,1.0,0.05,320,16,1.0,0.5
68,4,2.0,0.1,80,2,0.125,0.375
68,4,2.0,0.1,160,9,0.5625,0.0625
68,4,2.0,0.1,320,14,0.875,0.375
68,12,0.5,0.025,80,0,0.0,0.5
68,12,0.5,0.025,160,4,0.25,0.25
68,12,0.5,0.025,320,12,0.75,0.25
68,12,1.0,0.05,80,0,0.0,0.5
68,12,1.0,0.05,160,4,0.25,0.25
68,12,1.0,0.05,320,13,0.8125,0.3125
68,12,2.0,0.1,80,0,0.0,0.5
68,12,2.0,0.1,160,2,0.125,0.375
68,12,2.0,0.1,320,13,0.8125,0.3125
69,4,0.5,0.025,80,1,0.0625,0.4375
69,4,0.5,0.025,160,8,0.5,0.0
69,4,0.5,0.025,320,14,0.875,0.375
69,4,1.0,0.05,80,2,0.125,0.375
69,4,1.0,0.05,160,10,0.625,0.125
69,4,1.0,0.05,320,16,1.0,0.5
69,4,2.0,0.1,80,2,0.125,0.375
69,4,2.0,0.1,160,10,0.625,0.125
69,4,2.0,0.1,320,15,0.9375,0.4375
69,12,0.5,0.025,80,0,0.0,0.5
69,12,0.5,0.025,160,3,0.1875,0.3125
69,12,0.5,0.025,320,13,0.8125,0.3125
69,12,1.0,0.05,80,0,0.0,0.5
69,12,1.0,0.05,160,3,0.1875,0.3125
69,12,1.0,0.05,320,14,0.875,0.375
69,12,2.0,0.1,80,0,0.0,0.5
69,12,2.0,0.1,160,2,0.125,0.375
69,12,2.0,0.1,320,13,0.8125,0.3125
70,4,0.5,0.025,80,1,0.0625,0.4375
70,4,0.5,0.025,160,5,0.3125,0.1875
70,4,0.5,0.025,320,15,0.9375,0.4375
70,4,1.0,0.05,80,1,0.0625,0.4375
70,4,1.0,0.05,160,10,0.625,0.125
70,4,1.0,0.05,320,16,1.0,0.5
70,4,2.0,0.1,80,2,0.125,0.375
70,4,2.0,0.1,160,9,0.5625,0.0625
70,4,2.0,0.1,320,14,0.875,0.375
70,12,0.5,0.025,80,0,0.0,0.5
70,12,0.5,0.025,160,3,0.1875,0.3125
70,12,0.5,0.025,320,15,0.9375,0.4375
70,12,1.0,0.05,80,0,0.0,0.5
70,12,1.0,0.05,160,8,0.5,0.0
70,12,1.0,0.05,320,16,1.0,0.5
70,12,2.0,0.1,80,0,0.0,0.5
70,12,2.0,0.1,160,2,0.125,0.375
70,12,2.0,0.1,320,11,0.6875,0.1875
71,4,0.5,0.025,80,0,0.0,0.5
71,4,0.5,0.025,160,11,0.6875,0.1875
71,4,0.5,0.025,320,15,0.9375,0.4375
71,4,1.0,0.05,80,0,0.0,0.5
71,4,1.0,0.05,160,12,0.75,0.25
71,4,1.0,0.05,320,16,1.0,0.5
71,4,2.0,0.1,80,1,0.0625,0.4375
71,4,2.0,0.1,160,9,0.5625,0.0625
71,4,2.0,0.1,320,15,0.9375,0.4375
71,12,0.5,0.025,80,0,0.0,0.5
71,12,0.5,0.025,160,2,0.125,0.375
71,12,0.5,0.025,320,11,0.6875,0.1875
71,12,1.0,0.05,80,0,0.0,0.5
71,12,1.0,0.05,160,4,0.25,0.25
71,12,1.0,0.05,320,15,0.9375,0.4375
71,12,2.0,0.1,80,0,0.0,0.5
71,12,2.0,0.1,160,6,0.375,0.125
71,12,2.0,0.1,320,16,1.0,0.5
72,4,0.5,0.025,80,1,0.0625,0.4375
72,4,0.5,0.025,160,6,0.375,0.125
72,4,0.5,0.025,320,14,0.875,0.375
72,4,1.0,0.05,80,3,0.1875,0.3125
72,4,1.0,0.05,160,12,0.75,0.25
72,4,1.0,0.05,320,16,1.0,0.5
72,4,2.0,0.1,80,0,0.0,0.5
72,4,2.0,0.1,160,8,0.5,0.0
72,4,2.0,0.1,320,13,0.8125,0.3125
72,12,0.5,0.025,80,0,0.0,0.5
72,12,0.5,0.025,160,3,0.1875,0.3125
72,12,0.5,0.025,320,13,0.8125,0.3125
72,12,1.0,0.05,80,2,0.125,0.375
72,12,1.0,0.05,160,5,0.3125,0.1875
72,12,1.0,0.05,320,15,0.9375,0.4375
72,12,2.0,0.1,80,0,0.0,0.5
72,12,2.0,0.1,160,4,0.25,0.25
72,12,2.0,0.1,320,13,0.8125,0.3125
73,4,0.5,0.025,80,0,0.0,0.5
73,4,0.5,0.025,160,7,0.4375,0.0625
73,4,0.5,0.025,320,13,0.8125,0.3125
73,4,1.0,0.05,80,2,0.125,0.375
73,4,1.0,0.05,160,10,0.625,0.125
73,4,1.0,0.05,320,16,1.0,0.5
73,4,2.0,0.1,80,3,0.1875,0.3125
73,4,2.0,0.1,160,12,0.75,0.25
73,4,2.0,0.1,320,15,0.9375,0.4375
73,12,0.5,0.025,80,0,0.0,0.5
73,12,0.5,0.025,160,5,0.3125,0.1875
73,12,0.5,0.025,320,15,0.9375,0.4375
73,12,1.0,0.05,80,0,0.0,0.5
73,12,1.0,0.05,160,1,0.0625,0.4375
73,12,1.0,0.05,320,15,0.9375,0.4375
73,12,2.0,0.1,80,1,0.0625,0.4375
73,12,2.0,0.1,160,4,0.25,0.25
73,12,2.0,0.1,320,13,0.8125,0.3125
74,4,0.5,0.025,80,2,0.125,0.375
74,4,0.5,0.025,160,6,0.375,0.125
74,4,0.5,0.025,320,15,0.9375,0.4375
74,4,1.0,0.05,80,3,0.1875,0.3125
74,4,1.0,0.05,160,14,0.875,0.375
74,4,1.0,0.05,320,16,1.0,0.5
74,4,2.0,0.1,80,2,0.125,0.375
74,4,2.0,0.1,160,9,0.5625,0.0625
74,4,2.0,0.1,320,13,0.8125,0.3125
74,12,0.5,0.025,80,0,0.0,0.5
74,12,0.5,0.025,160,3,0.1875,0.3125
74,12,0.5,0.025,320,16,1.0,0.5
74,12,1.0,0.05,80,0,0.0,0.5
74,12,1.0,0.05,160,2,0.125,0.375
74,12,1.0,0.05,320,15,0.9375,0.4375
74,12,2.0,0.1,80,0,0.0,0.5
74,12,2.0,0.1,160,2,0.125,0.375
74,12,2.0,0.1,320,10,0.625,0.125
75,4,0.5,0.025,80,0,0.0,0.5
75,4,0.5,0.025,160,6,0.375,0.125
75,4,0.5,0.025,320,14,0.875,0.375
75,4,1.0,0.05,80,1,0.0625,0.4375
75,4,1.0,0.05,160,8,0.5,0.0
75,4,1.0,0.05,320,16,1.0,0.5
75,4,2.0,0.1,80,2,0.125,0.375
75,4,2.0,0.1,160,10,0.625,0.125
75,4,2.0,0.1,320,16,1.0,0.5
75,12,0.5,0.025,80,0,0.0,0.5
75,12,0.5,0.025,160,2,0.125,0.375
75,12,0.5,0.025,320,12,0.75,0.25
75,12,1.0,0.05,80,0,0.0,0.5
75,12,1.0,0.05,160,5,0.3125,0.1875
75,12,1.0,0.05,320,15,0.9375,0.4375
75,12,2.0,0.1,80,1,0.0625,0.4375
75,12,2.0,0.1,160,3,0.1875,0.3125
75,12,2.0,0.1,320,13,0.8125,0.3125
76,4,0.5,0.025,80,1,0.0625,0.4375
76,4,0.5,0.025,160,8,0.5,0.0
76,4,0.5,0.025,320,14,0.875,0.375
76,4,1.0,0.05,80,2,0.125,0.375
76,4,1.0,0.05,160,10,0.625,0.125
76,4,1.0,0.05,320,14,0.875,0.375
76,4,2.0,0.1,80,1,0.0625,0.4375
76,4,2.0,0.1,160,8,0.5,0.0
76,4,2.0,0.1,320,13,0.8125,0.3125
76,12,0.5,0.025,80,0,0.0,0.5
76,12,0.5,0.025,160,4,0.25,0.25
76,12,0.5,0.025,320,15,0.9375,0.4375
76,12,1.0,0.05,80,1,0.0625,0.4375
76,12,1.0,0.05,160,5,0.3125,0.1875
76,12,1.0,0.05,320,15,0.9375,0.4375
76,12,2.0,0.1,80,0,0.0,0.5
76,12,2.0,0.1,160,3,0.1875,0.3125
76,12,2.0,0.1,320,13,0.8125,0.3125
77,4,0.5,0.025,80,1,0.0625,0.4375
77,4,0.5,0.025,160,5,0.3125,0.1875
77,4,0.5,0.025,320,16,1.0,0.5
77,4,1.0,0.05,80,2,0.125,0.375
77,4,1.0,0.05,160,8,0.5,0.0
77,4,1.0,0.05,320,16,1.0,0.5
77,4,2.0,0.1,80,1,0.0625,0.4375
77,4,2.0,0.1,160,10,0.625,0.125
77,4,2.0,0.1,320,15,0.9375,0.4375
77,12,0.5,0.025,80,0,0.0,0.5
77,12,0.5,0.025,160,3,0.1875,0.3125
77,12,0.5,0.025,320,14,0.875,0.375
77,12,1.0,0.05,80,0,0.0,0.5
77,12,1.0,0.05,160,4,0.25,0.25
77,12,1.0,0.05,320,13,0.8125,0.3125
77,12,2.0,0.1,80,0,0.0,0.5
77,12,2.0,0.1,160,2,0.125,0.375
77,12,2.0,0.1,320,13,0.8125,0.3125
78,4,0.5,0.025,80,1,0.0625,0.4375
78,4,0.5,0.025,160,10,0.625,0.125
78,4,0.5,0.025,320,14,0.875,0.375
78,4,1.0,0.05,80,1,0.0625,0.4375
78,4,1.0,0.05,160,10,0.625,0.125
78,4,1.0,0.05,320,14,0.875,0.375
78,4,2.0,0.1,80,1,0.0625,0.4375
78,4,2.0,0.1,160,7,0.4375,0.0625
78,4,2.0,0.1,320,16,1.0,0.5
78,12,0.5,0.025,80,0,0.0,0.5
78,12,0.5,0.025,160,3,0.1875,0.3125
78,12,0.5,0.025,320,16,1.0,0.5
78,12,1.0,0.05,80,1,0.0625,0.4375
78,12,1.0,0.05,160,7,0.4375,0.0625
78,12,1.0,0.05,320,16,1.0,0.5
78,12,2.0,0.1,80,0,0.0,0.5
78,12,2.0,0.1,160,6,0.375,0.125
78,12,2.0,0.1,320,15,0.9375,0.4375
79,4,0.5,0.025,80,0,0.0,0.5
79,4,0.5,0.025,160,7,0.4375,0.0625
79,4,0.5,0.025,320,15,0.9375,0.4375
79,4,1.0,0.05,80,1,0.0625,0.4375
79,4,1.0,0.05,160,9,0.5625,0.0625
79,4,1.0,0.05,320,16,1.0,0.5
79,4,2.0,0.1,80,3,0.1875,0.3125
79,4,2.0,0.1,160,9,0.5625,0.0625
79,4,2.0,0.1,320,14,0.875,0.375
79,12,0.5,0.025,80,0,0.0,0.5
79,12,0.5,0.025,160,5,0.3125,0.1875
79,12,0.5,0.025,320,14,0.875,0.375
79,12,1.0,0.05,80,0,0.0,0.5
79,12,1.0,0.05,160,3,0.1875,0.3125
79,12,1.0,0.05,320,15,0.9375,0.4375
79,12,2.0,0.1,80,0,0.0,0.5
79,12,2.0,0.1,160,1,0.0625,0.4375
79,12,2.0,0.1,320,10,0.625,0.125
80,4,0.5,0.025,80,0,0.0,0.5
80,4,0.5,0.025,160,6,0.375,0.125
80,4,0.5,0.025,320,15,0.9375,0.4375
80,4,1.0,0.05,80,5,0.3125,0.1875
80,4,1.0,0.05,160,11,0.6875,0.1875
80,4,1.0,0.05,320,16,1.0,0.5
80,4,2.0,0.1,80,2,0.125,0.375
80,4,2.0,0.1,160,10,0.625,0.125
80,4,2.0,0.1,320,15,0.9375,0.4375
80,12,0.5,0.025,80,0,0.0,0.5
80,12,0.5,0.025,160,2,0.125,0.375
80,12,0.5,0.025,320,14,0.875,0.375
80,12,1.0,0.05,80,0,0.0,0.5
80,12,1.0,0.05,160,4,0.25,0.25
80,12,1.0,0.05,320,15,0.9375,0.4375
80,12,2.0,0.1,80,1,0.0625,0.4375
80,12,2.0,0.1,160,3,0.1875,0.3125
80,12,2.0,0.1,320,13,0.8125,0.3125
81,4,0.5,0.025,80,1,0.0625,0.4375
81,4,0.5,0.025,160,9,0.5625,0.0625
81,4,0.5,0.025,320,15,0.9375,0.4375
81,4,1.0,0.05,80,3,0.1875,0.3125
81,4,1.0,0.05,160,11,0.6875,0.1875
81,4,1.0,0.05,320,16,1.0,0.5
81,4,2.0,0.1,80,0,0.0,0.5
81,4,2.0,0.1,160,11,0.6875,0.1875
81,4,2.0,0.1,320,16,1.0,0.5
81,12,0.5,0.025,80,0,0.0,0.5
81,12,0.5,0.025,160,2,0.125,0.375
81,12,0.5,0.025,320,16,1.0,0.5
81,12,1.0,0.05,80,0,0.0,0.5
81,12,1.0,0.05,160,3,0.1875,0.3125
81,12,1.0,0.05,320,14,0.875,0.375
81,12,2.0,0.1,80,0,0.0,0.5
81,12,2.0,0.1,160,1,0.0625,0.4375
81,12,2.0,0.1,320,14,0.875,0.375
82,4,0.5,0.025,80,0,0.0,0.5
82,4,0.5,0.025,160,9,0.5625,0.0625
82,4,0.5,0.025,320,15,0.9375,0.4375
82,4,1.0,0.05,80,2,0.125,0.375
82,4,1.0,0.05,160,9,0.5625,0.0625
82,4,1.0,0.05,320,15,0.9375,0.4375
82,4,2.0,0.1,80,2,0.125,0.375
82,4,2.0,0.1,160,10,0.625,0.125
82,4,2.0,0.1,320,16,1.0,0.5
82,12,0.5,0.025,80,0,0.0,0.5
82,12,0.5,0.025,160,2,0.125,0.375
82,12,0.5,0.025,320,12,0.75,0.25
82,12,1.0,0.05,80,0,0.0,0.5
82,12,1.0,0.05,160,4,0.25,0.25
82,12,1.0,0.05,320,15,0.9375,0.4375
82,12,2.0,0.1,80,0,0.0,0.5
82,12,2.0,0.1,160,2,0.125,0.375
82,12,2.0,0.1,320,14,0.875,0.375
83,4,0.5,0.025,80,0,0.0,0.5
83,4,0.5,0.025,160,9,0.5625,0.0625
83,4,0.5,0.025,320,16,1.0,0.5
83,4,1.0,0.05,80,3,0.1875,0.3125
83,4,1.0,0.05,160,12,0.75,0.25
83,4,1.0,0.05,320,16,1.0,0.5
83,4,2.0,0.1,80,1,0.0625,0.4375
83,4,2.0,0.1,160,7,0.4375,0.0625
83,4,2.0,0.1,320,16,1.0,0.5
83,12,0.5,0.025,80,0,0.0,0.5
83,12,0.5,0.025,160,2,0.125,0.375
83,12,0.5,0.025,320,16,1.0,0.5
83,12,1.0,0.05,80,0,0.0,0.5
83,12,1.0,0.05,160,4,0.25,0.25
83,12,1.0,0.05,320,15,0.9375,0.4375
83,12,2.0,0.1,80,0,0.0,0.5
83,12,2.0,0.1,160,2,0.125,0.375
83,12,2.0,0.1,320,15,0.9375,0.4375
84,4,0.5,0.025,80,2,0.125,0.375
84,4,0.5,0.025,160,9,0.5625,0.0625
84,4,0.5,0.025,320,16,1.0,0.5
84,4,1.0,0.05,80,0,0.0,0.5
84,4,1.0,0.05,160,8,0.5,0.0
84,4,1.0,0.05,320,15,0.9375,0.4375
84,4,2.0,0.1,80,3,0.1875,0.3125
84,4,2.0,0.1,160,11,0.6875,0.1875
84,4,2.0,0.1,320,16,1.0,0.5
84,12,0.5,0.025,80,0,0.0,0.5
84,12,0.5,0.025,160,4,0.25,0.25
84,12,0.5,0.025,320,14,0.875,0.375
84,12,1.0,0.05,80,0,0.0,0.5
84,12,1.0,0.05,160,1,0.0625,0.4375
84,12,1.0,0.05,320,15,0.9375,0.4375
84,12,2.0,0.1,80,0,0.0,0.5
84,12,2.0,0.1,160,1,0.0625,0.4375
84,12,2.0,0.1,320,15,0.9375,0.4375
85,4,0.5,0.025,80,1,0.0625,0.4375
85,4,0.5,0.025,160,7,0.4375,0.0625
85,4,0.5,0.025,320,16,1.0,0.5
85,4,1.0,0.05,80,4,0.25,0.25
85,4,1.0,0.05,160,12,0.75,0.25
85,4,1.0,0.05,320,15,0.9375,0.4375
85,4,2.0,0.1,80,1,0.0625,0.4375
85,4,2.0,0.1,160,6,0.375,0.125
85,4,2.0,0.1,320,15,0.9375,0.4375
85,12,0.5,0.025,80,1,0.0625,0.4375
85,12,0.5,0.025,160,2,0.125,0.375
85,12,0.5,0.025,320,14,0.875,0.375
85,12,1.0,0.05,80,0,0.0,0.5
85,12,1.0,0.05,160,6,0.375,0.125
85,12,1.0,0.05,320,14,0.875,0.375
85,12,2.0,0.1,80,0,0.0,0.5
85,12,2.0,0.1,160,2,0.125,0.375
85,12,2.0,0.1,320,9,0.5625,0.0625
86,4,0.5,0.025,80,1,0.0625,0.4375
86,4,0.5,0.025,160,6,0.375,0.125
86,4,0.5,0.025,320,13,0.8125,0.3125
86,4,1.0,0.05,80,4,0.25,0.25
86,4,1.0,0.05,160,9,0.5625,0.0625
86,4,1.0,0.05,320,15,0.9375,0.4375
86,4,2.0,0.1,80,1,0.0625,0.4375
86,4,2.0,0.1,160,11,0.6875,0.1875
86,4,2.0,0.1,320,16,1.0,0.5
86,12,0.5,0.025,80,1,0.0625,0.4375
86,12,0.5,0.025,160,2,0.125,0.375
86,12,0.5,0.025,320,15,0.9375,0.4375
86,12,1.0,0.05,80,0,0.0,0.5
86,12,1.0,0.05,160,4,0.25,0.25
86,12,1.0,0.05,320,15,0.9375,0.4375
86,12,2.0,0.1,80,0,0.0,0.5
86,12,2.0,0.1,160,4,0.25,0.25
86,12,2.0,0.1,320,10,0.625,0.125
87,4,0.5,0.025,80,0,0.0,0.5
87,4,0.5,0.025,160,9,0.5625,0.0625
87,4,0.5,0.025,320,15,0.9375,0.4375
87,4,1.0,0.05,80,6,0.375,0.125
87,4,1.0,0.05,160,12,0.75,0.25
87,4,1.0,0.05,320,16,1.0,0.5
87,4,2.0,0.1,80,0,0.0,0.5
87,4,2.0,0.1,160,5,0.3125,0.1875
87,4,2.0,0.1,320,16,1.0,0.5
87,12,0.5,0.025,80,1,0.0625,0.4375
87,12,0.5,0.025,160,1,0.0625,0.4375
87,12,0.5,0.025,320,12,0.75,0.25
87,12,1.0,0.05,80,1,0.0625,0.4375
87,12,1.0,0.05,160,8,0.5,0.0
87,12,1.0,0.05,320,15,0.9375,0.4375
87,12,2.0,0.1,80,0,0.0,0.5
87,12,2.0,0.1,160,1,0.0625,0.4375
87,12,2.0,0.1,320,14,0.875,0.375
88,4,0.5,0.025,80,2,0.125,0.375
88,4,0.5,0.025,160,8,0.5,0.0
88,4,0.5,0.025,320,15,0.9375,0.4375
88,4,1.0,0.05,80,3,0.1875,0.3125
88,4,1.0,0.05,160,14,0.875,0.375
88,4,1.0,0.05,320,16,1.0,0.5
88,4,2.0,0.1,80,2,0.125,0.375
88,4,2.0,0.1,160,10,0.625,0.125
88,4,2.0,0.1,320,15,0.9375,0.4375
88,12,0.5,0.025,80,0,0.0,0.5
88,12,0.5,0.025,160,4,0.25,0.25
88,12,0.5,0.025,320,13,0.8125,0.3125
88,12,1.0,0.05,80,0,0.0,0.5
88,12,1.0,0.05,160,3,0.1875,0.3125
88,12,1.0,0.05,320,14,0.875,0.375
88,12,2.0,0.1,80,0,0.0,0.5
88,12,2.0,0.1,160,2,0.125,0.375
88,12,2.0,0.1,320,12,0.75,0.25
89,4,0.5,0.025,80,1,0.0625,0.4375
89,4,0.5,0.025,160,8,0.5,0.0
89,4,0.5,0.025,320,15,0.9375,0.4375
89,4,1.0,0.05,80,3,0.1875,0.3125
89,4,1.0,0.05,160,9,0.5625,0.0625
89,4,1.0,0.05,320,15,0.9375,0.4375
89,4,2.0,0.1,80,1,0.0625,0.4375
89,4,2.0,0.1,160,8,0.5,0.0
89,4,2.0,0.1,320,14,0.875,0.375
89,12,0.5,0.025,80,0,0.0,0.5
89,12,0.5,0.025,160,2,0.125,0.375
89,12,0.5,0.025,320,15,0.9375,0.4375
89,12,1.0,0.05,80,0,0.0,0.5
89,12,1.0,0.05,160,7,0.4375,0.0625
89,12,1.0,0.05,320,14,0.875,0.375
89,12,2.0,0.1,80,0,0.0,0.5
89,12,2.0,0.1,160,3,0.1875,0.3125
89,12,2.0,0.1,320,13,0.8125,0.3125
90,4,0.5,0.025,80,1,0.0625,0.4375
90,4,0.5,0.025,160,12,0.75,0.25
90,4,0.5,0.025,320,16,1.0,0.5
90,4,1.0,0.05,80,6,0.375,0.125
90,4,1.0,0.05,160,11,0.6875,0.1875
90,4,1.0,0.05,320,16,1.0,0.5
90,4,2.0,0.1,80,2,0.125,0.375
90,4,2.0,0.1,160,11,0.6875,0.1875
90,4,2.0,0.1,320,15,0.9375,0.4375
90,12,0.5,0.025,80,0,0.0,0.5
90,12,0.5,0.025,160,5,0.3125,0.1875
90,12,0.5,0.025,320,13,0.8125,0.3125
90,12,1.0,0.05,80,0,0.0,0.5
90,12,1.0,0.05,160,5,0.3125,0.1875
90,12,1.0,0.05,320,15,0.9375,0.4375
90,12,2.0,0.1,80,0,0.0,0.5
90,12,2.0,0.1,160,4,0.25,0.25
90,12,2.0,0.1,320,14,0.875,0.375
91,4,0.5,0.025,80,0,0.0,0.5
91,4,0.5,0.025,160,8,0.5,0.0
91,4,0.5,0.025,320,16,1.0,0.5
91,4,1.0,0.05,80,1,0.0625,0.4375
91,4,1.0,0.05,160,10,0.625,0.125
91,4,1.0,0.05,320,14,0.875,0.375
91,4,2.0,0.1,80,0,0.0,0.5
91,4,2.0,0.1,160,9,0.5625,0.0625
91,4,2.0,0.1,320,15,0.9375,0.4375
91,12,0.5,0.025,80,0,0.0,0.5
91,12,0.5,0.025,160,4,0.25,0.25
91,12,0.5,0.025,320,15,0.9375,0.4375
91,12,1.0,0.05,80,0,0.0,0.5
91,12,1.0,0.05,160,1,0.0625,0.4375
91,12,1.0,0.05,320,15,0.9375,0.4375
91,12,2.0,0.1,80,0,0.0,0.5
91,12,2.0,0.1,160,2,0.125,0.375
91,12,2.0,0.1,320,12,0.75,0.25
92,4,0.5,0.025,80,0,0.0,0.5
92,4,0.5,0.025,160,6,0.375,0.125
92,4,0.5,0.025,320,15,0.9375,0.4375
92,4,1.0,0.05,80,1,0.0625,0.4375
92,4,1.0,0.05,160,11,0.6875,0.1875
92,4,1.0,0.05,320,16,1.0,0.5
92,4,2.0,0.1,80,2,0.125,0.375
92,4,2.0,0.1,160,10,0.625,0.125
92,4,2.0,0.1,320,14,0.875,0.375
92,12,0.5,0.025,80,0,0.0,0.5
92,12,0.5,0.025,160,1,0.0625,0.4375
92,12,0.5,0.025,320,10,0.625,0.125
92,12,1.0,0.05,80,0,0.0,0.5
92,12,1.0,0.05,160,4,0.25,0.25
92,12,1.0,0.05,320,15,0.9375,0.4375
92,12,2.0,0.1,80,0,0.0,0.5
92,12,2.0,0.1,160,2,0.125,0.375
92,12,2.0,0.1,320,12,0.75,0.25
93,4,0.5,0.025,80,0,0.0,0.5
93,4,0.5,0.025,160,8,0.5,0.0
93,4,0.5,0.025,320,16,1.0,0.5
93,4,1.0,0.05,80,1,0.0625,0.4375
93,4,1.0,0.05,160,6,0.375,0.125
93,4,1.0,0.05,320,16,1.0,0.5
93,4,2.0,0.1,80,1,0.0625,0.4375
93,4,2.0,0.1,160,8,0.5,0.0
93,4,2.0,0.1,320,14,0.875,0.375
93,12,0.5,0.025,80,0,0.0,0.5
93,12,0.5,0.025,160,1,0.0625,0.4375
93,12,0.5,0.025,320,16,1.0,0.5
93,12,1.0,0.05,80,0,0.0,0.5
93,12,1.0,0.05,160,8,0.5,0.0
93,12,1.0,0.05,320,16,1.0,0.5
93,12,2.0,0.1,80,1,0.0625,0.4375
93,12,2.0,0.1,160,2,0.125,0.375
93,12,2.0,0.1,320,15,0.9375,0.4375
94,4,0.5,0.025,80,1,0.0625,0.4375
94,4,0.5,0.025,160,7,0.4375,0.0625
94,4,0.5,0.025,320,15,0.9375,0.4375
94,4,1.0,0.05,80,1,0.0625,0.4375
94,4,1.0,0.05,160,12,0.75,0.25
94,4,1.0,0.05,320,14,0.875,0.375
94,4,2.0,0.1,80,0,0.0,0.5
94,4,2.0,0.1,160,8,0.5,0.0
94,4,2.0,0.1,320,14,0.875,0.375
94,12,0.5,0.025,80,0,0.0,0.5
94,12,0.5,0.025,160,3,0.1875,0.3125
94,12,0.5,0.025,320,12,0.75,0.25
94,12,1.0,0.05,80,0,0.0,0.5
94,12,1.0,0.05,160,5,0.3125,0.1875
94,12,1.0,0.05,320,16,1.0,0.5
94,12,2.0,0.1,80,0,0.0,0.5
94,12,2.0,0.1,160,1,0.0625,0.4375
94,12,2.0,0.1,320,10,0.625,0.125
95,4,0.5,0.025,80,0,0.0,0.5
95,4,0.5,0.025,160,7,0.4375,0.0625
95,4,0.5,0.025,320,15,0.9375,0.4375
95,4,1.0,0.05,80,2,0.125,0.375
95,4,1.0,0.05,160,12,0.75,0.25
95,4,1.0,0.05,320,16,1.0,0.5
95,4,2.0,0.1,80,1,0.0625,0.4375
95,4,2.0,0.1,160,7,0.4375,0.0625
95,4,2.0,0.1,320,15,0.9375,0.4375
95,12,0.5,0.025,80,0,0.0,0.5
95,12,0.5,0.025,160,2,0.125,0.375
95,12,0.5,0.025,320,14,0.875,0.375
95,12,1.0,0.05,80,0,0.0,0.5
95,12,1.0,0.05,160,6,0.375,0.125
95,12,1.0,0.05,320,15,0.9375,0.4375
95,12,2.0,0.1,80,2,0.125,0.375
95,12,2.0,0.1,160,7,0.4375,0.0625
95,12,2.0,0.1,320,12,0.75,0.25
96,4,0.5,0.025,80,1,0.0625,0.4375
96,4,0.5,0.025,160,8,0.5,0.0
96,4,0.5,0.025,320,16,1.0,0.5
96,4,1.0,0.05,80,3,0.1875,0.3125
96,4,1.0,0.05,160,10,0.625,0.125
96,4,1.0,0.05,320,16,1.0,0.5
96,4,2.0,0.1,80,3,0.1875,0.3125
96,4,2.0,0.1,160,6,0.375,0.125
96,4,2.0,0.1,320,14,0.875,0.375
96,12,0.5,0.025,80,0,0.0,0.5
96,12,0.5,0.025,160,2,0.125,0.375
96,12,0.5,0.025,320,14,0.875,0.375
96,12,1.0,0.05,80,0,0.0,0.5
96,12,1.0,0.05,160,4,0.25,0.25
96,12,1.0,0.05,320,15,0.9375,0.4375
96,12,2.0,0.1,80,0,0.0,0.5
96,12,2.0,0.1,160,2,0.125,0.375
96,12,2.0,0.1,320,12,0.75,0.25
97,4,0.5,0.025,80,2,0.125,0.375
97,4,0.5,0.025,160,8,0.5,0.0
97,4,0.5,0.025,320,16,1.0,0.5
97,4,1.0,0.05,80,3,0.1875,0.3125
97,4,1.0,0.05,160,12,0.75,0.25
97,4,1.0,0.05,320,15,0.9375,0.4375
97,4,2.0,0.1,80,1,0.0625,0.4375
97,4,2.0,0.1,160,5,0.3125,0.1875
97,4,2.0,0.1,320,14,0.875,0.375
97,12,0.5,0.025,80,0,0.0,0.5
97,12,0.5,0.025,160,3,0.1875,0.3125
97,12,0.5,0.025,320,16,1.0,0.5
97,12,1.0,0.05,80,0,0.0,0.5
97,12,1.0,0.05,160,4,0.25,0.25
97,12,1.0,0.05,320,16,1.0,0.5
97,12,2.0,0.1,80,0,0.0,0.5
97,12,2.0,0.1,160,3,0.1875,0.3125
97,12,2.0,0.1,320,12,0.75,0.25
98,4,0.5,0.025,80,1,0.0625,0.4375
98,4,0.5,0.025,160,8,0.5,0.0
98,4,0.5,0.025,320,16,1.0,0.5
98,4,1.0,0.05,80,3,0.1875,0.3125
98,4,1.0,0.05,160,12,0.75,0.25
98,4,1.0,0.05,320,15,0.9375,0.4375
98,4,2.0,0.1,80,4,0.25,0.25
98,4,2.0,0.1,160,9,0.5625,0.0625
98,4,2.0,0.1,320,16,1.0,0.5
98,12,0.5,0.025,80,0,0.0,0.5
98,12,0.5,0.025,160,6,0.375,0.125
98,12,0.5,0.025,320,14,0.875,0.375
98,12,1.0,0.05,80,0,0.0,0.5
98,12,1.0,0.05,160,6,0.375,0.125
98,12,1.0,0.05,320,14,0.875,0.375
98,12,2.0,0.1,80,0,0.0,0.5
98,12,2.0,0.1,160,2,0.125,0.375
98,12,2.0,0.1,320,14,0.875,0.375
99,4,0.5,0.025,80,1,0.0625,0.4375
99,4,0.5,0.025,160,6,0.375,0.125
99,4,0.5,0.025,320,16,1.0,0.5
99,4,1.0,0.05,80,1,0.0625,0.4375
99,4,1.0,0.05,160,11,0.6875,0.1875
99,4,1.0,0.05,320,16,1.0,0.5
99,4,2.0,0.1,80,2,0.125,0.375
99,4,2.0,0.1,160,7,0.4375,0.0625
99,4,2.0,0.1,320,16,1.0,0.5
99,12,0.5,0.025,80,0,0.0,0.5
99,12,0.5,0.025,160,2,0.125,0.375
99,12,0.5,0.025,320,11,0.6875,0.1875
99,12,1.0,0.05,80,1,0.0625,0.4375
99,12,1.0,0.05,160,5,0.3125,0.1875
99,12,1.0,0.05,320,15,0.9375,0.4375
99,12,2.0,0.1,80,0,0.0,0.5
99,12,2.0,0.1,160,1,0.0625,0.4375
99,12,2.0,0.1,320,11,0.6875,0.1875
100,4,0.5,0.025,80,1,0.0625,0.4375
100,4,0.5,0.025,160,4,0.25,0.25
100,4,0.5,0.025,320,15,0.9375,0.4375
100,4,1.0,0.05,80,3,0.1875,0.3125
100,4,1.0,0.05,160,13,0.8125,0.3125
100,4,1.0,0.05,320,16,1.0,0.5
100,4,2.0,0.1,80,1,0.0625,0.4375
100,4,2.0,0.1,160,6,0.375,0.125
100,4,2.0,0.1,320,15,0.9375,0.4375
100,12,0.5,0.025,80,0,0.0,0.5
100,12,0.5,0.025,160,2,0.125,0.375
100,12,0.5,0.025,320,15,0.9375,0.4375
100,12,1.0,0.05,80,0,0.0,0.5
100,12,1.0,0.05,160,2,0.125,0.375
100,12,1.0,0.05,320,16,1.0,0.5
100,12,2.0,0.1,80,0,0.0,0.5
100,12,2.0,0.1,160,2,0.125,0.375
100,12,2.0,0.1,320,8,0.5,0.0
101,4,0.5,0.025,80,0,0.0,0.5
101,4,0.5,0.025,160,5,0.3125,0.1875
101,4,0.5,0.025,320,14,0.875,0.375
101,4,1.0,0.05,80,2,0.125,0.375
101,4,1.0,0.05,160,12,0.75,0.25
101,4,1.0,0.05,320,16,1.0,0.5
101,4,2.0,0.1,80,2,0.125,0.375
101,4,2.0,0.1,160,9,0.5625,0.0625
101,4,2.0,0.1,320,16,1.0,0.5
101,12,0.5,0.025,80,0,0.0,0.5
101,12,0.5,0.025,160,2,0.125,0.375
101,12,0.5,0.025,320,14,0.875,0.375
101,12,1.0,0.05,80,0,0.0,0.5
101,12,1.0,0.05,160,6,0.375,0.125
101,12,1.0,0.05,320,15,0.9375,0.4375
101,12,2.0,0.1,80,1,0.0625,0.4375
101,12,2.0,0.1,160,3,0.1875,0.3125
101,12,2.0,0.1,320,15,0.9375,0.4375
102,4,0.5,0.025,80,2,0.125,0.375
102,4,0.5,0.025,160,8,0.5,0.0
102,4,0.5,0.025,320,15,0.9375,0.4375
102,4,1.0,0.05,80,2,0.125,0.375
102,4,1.0,0.05,160,11,0.6875,0.1875
102,4,1.0,0.05,320,15,0.9375,0.4375
102,4,2.0,0.1,80,1,0.0625,0.4375
102,4,2.0,0.1,160,8,0.5,0.0
102,4,2.0,0.1,320,13,0.8125,0.3125
102,12,0.5,0.025,80,0,0.0,0.5
102,12,0.5,0.025,160,4,0.25,0.25
102,12,0.5,0.025,320,14,0.875,0.375
102,12,1.0,0.05,80,1,0.0625,0.4375
102,12,1.0,0.05,160,4,0.25,0.25
102,12,1.0,0.05,320,16,1.0,0.5
102,12,2.0,0.1,80,1,0.0625,0.4375
102,12,2.0,0.1,160,1,0.0625,0.4375
102,12,2.0,0.1,320,12,0.75,0.25
103,4,0.5,0.025,80,1,0.0625,0.4375
103,4,0.5,0.025,160,6,0.375,0.125
103,4,0.5,0.025,320,15,0.9375,0.4375
103,4,1.0,0.05,80,1,0.0625,0.4375
103,4,1.0,0.05,160,11,0.6875,0.1875
103,4,1.0,0.05,320,16,1.0,0.5
103,4,2.0,0.1,80,2,0.125,0.375
103,4,2.0,0.1,160,8,0.5,0.0
103,4,2.0,0.1,320,14,0.875,0.375
103,12,0.5,0.025,80,0,0.0,0.5
103,12,0.5,0.025,160,2,0.125,0.375
103,12,0.5,0.025,320,14,0.875,0.375
103,12,1.0,0.05,80,0,0.0,0.5
103,12,1.0,0.05,160,5,0.3125,0.1875
103,12,1.0,0.05,320,15,0.9375,0.4375
103,12,2.0,0.1,80,0,0.0,0.5
103,12,2.0,0.1,160,3,0.1875,0.3125
103,12,2.0,0.1,320,12,0.75,0.25
104,4,0.5,0.025,80,2,0.125,0.375
104,4,0.5,0.025,160,7,0.4375,0.0625
104,4,0.5,0.025,320,15,0.9375,0.4375
104,4,1.0,0.05,80,1,0.0625,0.4375
104,4,1.0,0.05,160,11,0.6875,0.1875
104,4,1.0,0.05,320,16,1.0,0.5
104,4,2.0,0.1,80,0,0.0,0.5
104,4,2.0,0.1,160,9,0.5625,0.0625
104,4,2.0,0.1,320,13,0.8125,0.3125
104,12,0.5,0.025,80,0,0.0,0.5
104,12,0.5,0.025,160,7,0.4375,0.0625
104,12,0.5,0.025,320,13,0.8125,0.3125
104,12,1.0,0.05,80,0,0.0,0.5
104,12,1.0,0.05,160,6,0.375,0.125
104,12,1.0,0.05,320,15,0.9375,0.4375
104,12,2.0,0.1,80,0,0.0,0.5
104,12,2.0,0.1,160,4,0.25,0.25
104,12,2.0,0.1,320,14,0.875,0.375
105,4,0.5,0.025,80,1,0.0625,0.4375
105,4,0.5,0.025,160,7,0.4375,0.0625
105,4,0.5,0.025,320,15,0.9375,0.4375
105,4,1.0,0.05,80,3,0.1875,0.3125
105,4,1.0,0.05,160,12,0.75,0.25
105,4,1.0,0.05,320,15,0.9375,0.4375
105,4,2.0,0.1,80,1,0.0625,0.4375
105,4,2.0,0.1,160,10,0.625,0.125
105,4,2.0,0.1,320,16,1.0,0.5
105,12,0.5,0.025,80,0,0.0,0.5
105,12,0.5,0.025,160,5,0.3125,0.1875
105,12,0.5,0.025,320,14,0.875,0.375
105,12,1.0,0.05,80,0,0.0,0.5
105,12,1.0,0.05,160,3,0.1875,0.3125
105,12,1.0,0.05,320,16,1.0,0.5
105,12,2.0,0.1,80,1,0.0625,0.4375
105,12,2.0,0.1,160,4,0.25,0.25
105,12,2.0,0.1,320,15,0.9375,0.4375
106,4,0.5,0.025,80,1,0.0625,0.4375
106,4,0.5,0.025,160,7,0.4375,0.0625
106,4,0.5,0.025,320,15,0.9375,0.4375
106,4,1.0,0.05,80,1,0.0625,0.4375
106,4,1.0,0.05,160,8,0.5,0.0
106,4,1.0,0.05,320,15,0.9375,0.4375
106,4,2.0,0.1,80,3,0.1875,0.3125
106,4,2.0,0.1,160,7,0.4375,0.0625
106,4,2.0,0.1,320,15,0.9375,0.4375
106,12,0.5,0.025,80,0,0.0,0.5
106,12,0.5,0.025,160,3,0.1875,0.3125
106,12,0.5,0.025,320,12,0.75,0.25
106,12,1.0,0.05,80,0,0.0,0.5
106,12,1.0,0.05,160,3,0.1875,0.3125
106,12,1.0,0.05,320,15,0.9375,0.4375
106,12,2.0,0.1,80,0,0.0,0.5
106,12,2.0,0.1,160,4,0.25,0.25
106,12,2.0,0.1,320,16,1.0,0.5
107,4,0.5,0.025,80,2,0.125,0.375
107,4,0.5,0.025,160,7,0.4375,0.0625
107,4,0.5,0.025,320,16,1.0,0.5
107,4,1.0,0.05,80,1,0.0625,0.4375
107,4,1.0,0.05,160,12,0.75,0.25
107,4,1.0,0.05,320,16,1.0,0.5
107,4,2.0,0.1,80,0,0.0,0.5
107,4,2.0,0.1,160,9,0.5625,0.0625
107,4,2.0,0.1,320,14,0.875,0.375
107,12,0.5,0.025,80,0,0.0,0.5
107,12,0.5,0.025,160,3,0.1875,0.3125
107,12,0.5,0.025,320,16,1.0,0.5
107,12,1.0,0.05,80,1,0.0625,0.4375
107,12,1.0,0.05,160,3,0.1875,0.3125
107,12,1.0,0.05,320,15,0.9375,0.4375
107,12,2.0,0.1,80,0,0.0,0.5
107,12,2.0,0.1,160,2,0.125,0.375
107,12,2.0,0.1,320,13,0.8125,0.3125
108,4,0.5,0.025,80,2,0.125,0.375
108,4,0.5,0.025,160,7,0.4375,0.0625
108,4,0.5,0.025,320,14,0.875,0.375
108,4,1.0,0.05,80,2,0.125,0.375
108,4,1.0,0.05,160,8,0.5,0.0
108,4,1.0,0.05,320,15,0.9375,0.4375
108,4,2.0,0.1,80,2,0.125,0.375
108,4,2.0,0.1,160,9,0.5625,0.0625
108,4,2.0,0.1,320,16,1.0,0.5
108,12,0.5,0.025,80,0,0.0,0.5
108,12,0.5,0.025,160,4,0.25,0.25
108,12,0.5,0.025,320,14,0.875,0.375
108,12,1.0,0.05,80,0,0.0,0.5
108,12,1.0,0.05,160,5,0.3125,0.1875
108,12,1.0,0.05,320,15,0.9375,0.4375
108,12,2.0,0.1,80,0,0.0,0.5
108,12,2.0,0.1,160,4,0.25,0.25
108,12,2.0,0.1,320,14,0.875,0.375
109,4,0.5,0.025,80,1,0.0625,0.4375
109,4,0.5,0.025,160,7,0.4375,0.0625
109,4,0.5,0.025,320,16,1.0,0.5
109,4,1.0,0.05,80,2,0.125,0.375
109,4,1.0,0.05,160,11,0.6875,0.1875
109,4,1.0,0.05,320,16,1.0,0.5
109,4,2.0,0.1,80,2,0.125,0.375
109,4,2.0,0.1,160,9,0.5625,0.0625
109,4,2.0,0.1,320,16,1.0,0.5
109,12,0.5,0.025,80,0,0.0,0.5
109,12,0.5,0.025,160,2,0.125,0.375
109,12,0.5,0.025,320,11,0.6875,0.1875
109,12,1.0,0.05,80,0,0.0,0.5
109,12,1.0,0.05,160,2,0.125,0.375
109,12,1.0,0.05,320,15,0.9375,0.4375
109,12,2.0,0.1,80,0,0.0,0.5
109,12,2.0,0.1,160,3,0.1875,0.3125
109,12,2.0,0.1,320,11,0.6875,0.1875
110,4,0.5,0.025,80,0,0.0,0.5
110,4,0.5,0.025,160,6,0.375,0.125
110,4,0.5,0.025,320,16,1.0,0.5
110,4,1.0,0.05,80,2,0.125,0.375
110,4,1.0,0.05,160,9,0.5625,0.0625
110,4,1.0,0.05,320,16,1.0,0.5
110,4,2.0,0.1,80,1,0.0625,0.4375
110,4,2.0,0.1,160,9,0.5625,0.0625
110,4,2.0,0.1,320,15,0.9375,0.4375
110,12,0.5,0.025,80,0,0.0,0.5
110,12,0.5,0.025,160,1,0.0625,0.4375
110,12,0.5,0.025,320,14,0.875,0.375
110,12,1.0,0.05,80,0,0.0,0.5
110,12,1.0,0.05,160,5,0.3125,0.1875
110,12,1.0,0.05,320,14,0.875,0.375
110,12,2.0,0.1,80,0,0.0,0.5
110,12,2.0,0.1,160,2,0.125,0.375
110,12,2.0,0.1,320,13,0.8125,0.3125
111,4,0.5,0.025,80,1,0.0625,0.4375
111,4,0.5,0.025,160,9,0.5625,0.0625
111,4,0.5,0.025,320,15,0.9375,0.4375
111,4,1.0,0.05,80,5,0.3125,0.1875
111,4,1.0,0.05,160,14,0.875,0.375
111,4,1.0,0.05,320,16,1.0,0.5
111,4,2.0,0.1,80,3,0.1875,0.3125
111,4,2.0,0.1,160,9,0.5625,0.0625
111,4,2.0,0.1,320,14,0.875,0.375
111,12,0.5,0.025,80,0,0.0,0.5
111,12,0.5,0.025,160,2,0.125,0.375
111,12,0.5,0.025,320,12,0.75,0.25
111,12,1.0,0.05,80,0,0.0,0.5
111,12,1.0,0.05,160,4,0.25,0.25
111,12,1.0,0.05,320,15,0.9375,0.4375
111,12,2.0,0.1,80,0,0.0,0.5
111,12,2.0,0.1,160,2,0.125,0.375
111,12,2.0,0.1,320,13,0.8125,0.3125
112,4,0.5,0.025,80,1,0.0625,0.4375
112,4,0.5,0.025,160,9,0.5625,0.0625
112,4,0.5,0.025,320,15,0.9375,0.4375
112,4,1.0,0.05,80,3,0.1875,0.3125
112,4,1.0,0.05,160,14,0.875,0.375
112,4,1.0,0.05,320,16,1.0,0.5
112,4,2.0,0.1,80,3,0.1875,0.3125
112,4,2.0,0.1,160,10,0.625,0.125
112,4,2.0,0.1,320,16,1.0,0.5
112,12,0.5,0.025,80,0,0.0,0.5
112,12,0.5,0.025,160,1,0.0625,0.4375
112,12,0.5,0.025,320,13,0.8125,0.3125
112,12,1.0,0.05,80,0,0.0,0.5
112,12,1.0,0.05,160,3,0.1875,0.3125
112,12,1.0,0.05,320,14,0.875,0.375
112,12,2.0,0.1,80,0,0.0,0.5
112,12,2.0,0.1,160,2,0.125,0.375
112,12,2.0,0.1,320,13,0.8125,0.3125
113,4,0.5,0.025,80,2,0.125,0.375
113,4,0.5,0.025,160,8,0.5,0.0
113,4,0.5,0.025,320,15,0.9375,0.4375
113,4,1.0,0.05,80,4,0.25,0.25
113,4,1.0,0.05,160,12,0.75,0.25
113,4,1.0,0.05,320,16,1.0,0.5
113,4,2.0,0.1,80,2,0.125,0.375
113,4,2.0,0.1,160,7,0.4375,0.0625
113,4,2.0,0.1,320,15,0.9375,0.4375
113,12,0.5,0.025,80,1,0.0625,0.4375
113,12,0.5,0.025,160,4,0.25,0.25
113,12,0.5,0.025,320,15,0.9375,0.4375
113,12,1.0,0.05,80,0,0.0,0.5
113,12,1.0,0.05,160,5,0.3125,0.1875
113,12,1.0,0.05,320,16,1.0,0.5
113,12,2.0,0.1,80,0,0.0,0.5
113,12,2.0,0.1,160,3,0.1875,0.3125
113,12,2.0,0.1,320,14,0.875,0.375
114,4,0.5,0.025,80,0,0.0,0.5
114,4,0.5,0.025,160,4,0.25,0.25
114,4,0.5,0.025,320,13,0.8125,0.3125
114,4,1.0,0.05,80,1,0.0625,0.4375
114,4,1.0,0.05,160,10,0.625,0.125
114,4,1.0,0.05,320,16,1.0,0.5
114,4,2.0,0.1,80,1,0.0625,0.4375
114,4,2.0,0.1,160,8,0.5,0.0
114,4,2.0,0.1,320,15,0.9375,0.4375
114,12,0.5,0.025,80,0,0.0,0.5
114,12,0.5,0.025,160,1,0.0625,0.4375
114,12,0.5,0.025,320,11,0.6875,0.1875
114,12,1.0,0.05,80,0,0.0,0.5
114,12,1.0,0.05,160,5,0.3125,0.1875
114,12,1.0,0.05,320,16,1.0,0.5
114,12,2.0,0.1,80,0,0.0,0.5
114,12,2.0,0.1,160,4,0.25,0.25
114,12,2.0,0.1,320,12,0.75,0.25
115,4,0.5,0.025,80,3,0.1875,0.3125
115,4,0.5,0.025,160,8,0.5,0.0
115,4,0.5,0.025,320,14,0.875,0.375
115,4,1.0,0.05,80,0,0.0,0.5
115,4,1.0,0.05,160,11,0.6875,0.1875
115,4,1.0,0.05,320,16,1.0,0.5
115,4,2.0,0.1,80,0,0.0,0.5
115,4,2.0,0.1,160,11,0.6875,0.1875
115,4,2.0,0.1,320,15,0.9375,0.4375
115,12,0.5,0.025,80,0,0.0,0.5
115,12,0.5,0.025,160,4,0.25,0.25
115,12,0.5,0.025,320,13,0.8125,0.3125
115,12,1.0,0.05,80,0,0.0,0.5
115,12,1.0,0.05,160,2,0.125,0.375
115,12,1.0,0.05,320,14,0.875,0.375
115,12,2.0,0.1,80,0,0.0,0.5
115,12,2.0,0.1,160,0,0.0,0.5
115,12,2.0,0.1,320,14,0.875,0.375
116,4,0.5,0.025,80,2,0.125,0.375
116,4,0.5,0.025,160,7,0.4375,0.0625
116,4,0.5,0.025,320,15,0.9375,0.4375
116,4,1.0,0.05,80,2,0.125,0.375
116,4,1.0,0.05,160,13,0.8125,0.3125
116,4,1.0,0.05,320,16,1.0,0.5
116,4,2.0,0.1,80,0,0.0,0.5
116,4,2.0,0.1,160,7,0.4375,0.0625
116,4,2.0,0.1,320,16,1.0,0.5
116,12,0.5,0.025,80,0,0.0,0.5
116,12,0.5,0.025,160,0,0.0,0.5
116,12,0.5,0.025,320,16,1.0,0.5
116,12,1.0,0.05,80,1,0.0625,0.4375
116,12,1.0,0.05,160,3,0.1875,0.3125
116,12,1.0,0.05,320,15,0.9375,0.4375
116,12,2.0,0.1,80,0,0.0,0.5
116,12,2.0,0.1,160,2,0.125,0.375
116,12,2.0,0.1,320,11,0.6875,0.1875
117,4,0.5,0.025,80,0,0.0,0.5
117,4,0.5,0.025,160,3,0.1875,0.3125
117,4,0.5,0.025,320,14,0.875,0.375
117,4,1.0,0.05,80,4,0.25,0.25
117,4,1.0,0.05,160,12,0.75,0.25
117,4,1.0,0.05,320,15,0.9375,0.4375
117,4,2.0,0.1,80,2,0.125,0.375
117,4,2.0,0.1,160,8,0.5,0.0
117,4,2.0,0.1,320,16,1.0,0.5
117,12,0.5,0.025,80,0,0.0,0.5
117,12,0.5,0.025,160,3,0.1875,0.3125
117,12,0.5,0.025,320,15,0.9375,0.4375
117,12,1.0,0.05,80,0,0.0,0.5
117,12,1.0,0.05,160,1,0.0625,0.4375
117,12,1.0,0.05,320,14,0.875,0.375
117,12,2.0,0.1,80,0,0.0,0.5
117,12,2.0,0.1,160,1,0.0625,0.4375
117,12,2.0,0.1,320,13,0.8125,0.3125
118,4,0.5,0.025,80,0,0.0,0.5
118,4,0.5,0.025,160,7,0.4375,0.0625
118,4,0.5,0.025,320,15,0.9375,0.4375
118,4,1.0,0.05,80,0,0.0,0.5
118,4,1.0,0.05,160,13,0.8125,0.3125
118,4,1.0,0.05,320,15,0.9375,0.4375
118,4,2.0,0.1,80,1,0.0625,0.4375
118,4,2.0,0.1,160,5,0.3125,0.1875
118,4,2.0,0.1,320,16,1.0,0.5
118,12,0.5,0.025,80,0,0.0,0.5
118,12,0.5,0.025,160,0,0.0,0.5
118,12,0.5,0.025,320,12,0.75,0.25
118,12,1.0,0.05,80,0,0.0,0.5
118,12,1.0,0.05,160,6,0.375,0.125
118,12,1.0,0.05,320,12,0.75,0.25
118,12,2.0,0.1,80,0,0.0,0.5
118,12,2.0,0.1,160,3,0.1875,0.3125
118,12,2.0,0.1,320,10,0.625,0.125
119,4,0.5,0.025,80,0,0.0,0.5
119,4,0.5,0.025,160,6,0.375,0.125
119,4,0.5,0.025,320,15,0.9375,0.4375
119,4,1.0,0.05,80,1,0.0625,0.4375
119,4,1.0,0.05,160,9,0.5625,0.0625
119,4,1.0,0.05,320,15,0.9375,0.4375
119,4,2.0,0.1,80,1,0.0625,0.4375
119,4,2.0,0.1,160,5,0.3125,0.1875
119,4,2.0,0.1,320,15,0.9375,0.4375
119,12,0.5,0.025,80,0,0.0,0.5
119,12,0.5,0.025,160,2,0.125,0.375
119,12,0.5,0.025,320,14,0.875,0.375
119,12,1.0,0.05,80,0,0.0,0.5
119,12,1.0,0.05,160,4,0.25,0.25
119,12,1.0,0.05,320,16,1.0,0.5
119,12,2.0,0.1,80,0,0.0,0.5
119,12,2.0,0.1,160,2,0.125,0.375
119,12,2.0,0.1,320,14,0.875,0.375
