split,selected_P,selected_mutation_multiplier,selected_p,selected_B,calibration_success_rate,validation_serial_success_rate,validation_batch_success_rate,calibration_target_deviation,validation_target_deviation,delta,batch_minus_serial
0,4,0.5,0.025,160,0.5,0.484375,0.0859375,0.0,0.015625,0.015625,-0.3984375
1,12,1.0,0.05,160,0.5,0.2578125,0.078125,0.0,0.2421875,0.2421875,-0.1796875
2,4,2.0,0.1,160,0.5625,0.5078125,0.2421875,0.0625,0.0078125,-0.0546875,-0.265625
3,4,1.0,0.05,160,0.625,0.7109375,0.2109375,0.125,0.2109375,0.0859375,-0.5
4,4,0.5,0.025,160,0.4375,0.453125,0.0625,0.0625,0.046875,-0.015625,-0.390625
5,4,2.0,0.1,160,0.5,0.609375,0.2265625,0.0,0.109375,0.109375,-0.3828125
6,4,2.0,0.1,160,0.5,0.4375,0.2578125,0.0,0.0625,0.0625,-0.1796875
7,4,0.5,0.025,160,0.4375,0.4765625,0.0859375,0.0625,0.0234375,-0.0390625,-0.390625
8,4,2.0,0.1,160,0.4375,0.4921875,0.28125,0.0625,0.0078125,-0.0546875,-0.2109375
9,4,0.5,0.025,160,0.5,0.4765625,0.078125,0.0,0.0234375,0.0234375,-0.3984375
10,4,2.0,0.1,160,0.5,0.515625,0.21875,0.0,0.015625,0.015625,-0.296875
11,4,0.5,0.025,160,0.4375,0.5234375,0.09375,0.0625,0.0234375,-0.0390625,-0.4296875
12,4,2.0,0.1,160,0.5625,0.5546875,0.2890625,0.0625,0.0546875,-0.0078125,-0.265625
13,4,0.5,0.025,160,0.5625,0.3984375,0.09375,0.0625,0.1015625,0.0390625,-0.3046875
14,4,0.5,0.025,160,0.5,0.3671875,0.0625,0.0,0.1328125,0.1328125,-0.3046875
15,4,0.5,0.025,160,0.5,0.4765625,0.0859375,0.0,0.0234375,0.0234375,-0.390625
16,4,0.5,0.025,160,0.5,0.4921875,0.140625,0.0,0.0078125,0.0078125,-0.3515625
17,4,2.0,0.1,160,0.375,0.4453125,0.265625,0.125,0.0546875,-0.0703125,-0.1796875
18,4,0.5,0.025,160,0.5,0.484375,0.078125,0.0,0.015625,0.015625,-0.40625
19,4,2.0,0.1,160,0.375,0.5,0.296875,0.125,0.0,-0.125,-0.203125
20,4,0.5,0.025,160,0.4375,0.5,0.109375,0.0625,0.0,-0.0625,-0.390625
21,4,0.5,0.025,160,0.5,0.390625,0.125,0.0,0.109375,0.109375,-0.265625
22,4,0.5,0.025,160,0.5,0.4375,0.109375,0.0,0.0625,0.0625,-0.328125
23,4,0.5,0.025,160,0.5,0.484375,0.1015625,0.0,0.015625,0.015625,-0.3828125
24,4,0.5,0.025,160,0.5625,0.484375,0.109375,0.0625,0.015625,-0.046875,-0.375
25,4,2.0,0.1,160,0.625,0.5,0.203125,0.125,0.0,-0.125,-0.296875
26,4,2.0,0.1,160,0.5,0.5546875,0.2109375,0.0,0.0546875,0.0546875,-0.34375
27,4,2.0,0.1,160,0.4375,0.53125,0.1953125,0.0625,0.03125,-0.03125,-0.3359375
28,4,1.0,0.05,160,0.5625,0.6015625,0.265625,0.0625,0.1015625,0.0390625,-0.3359375
29,4,2.0,0.1,160,0.5625,0.5546875,0.296875,0.0625,0.0546875,-0.0078125,-0.2578125
30,4,0.5,0.025,160,0.5,0.484375,0.1171875,0.0,0.015625,0.015625,-0.3671875
31,4,0.5,0.025,160,0.4375,0.46875,0.109375,0.0625,0.03125,-0.03125,-0.359375
32,4,0.5,0.025,160,0.5,0.4375,0.0859375,0.0,0.0625,0.0625,-0.3515625
33,4,2.0,0.1,160,0.5625,0.5,0.25,0.0625,0.0,-0.0625,-0.25
34,4,2.0,0.1,160,0.5,0.5546875,0.2734375,0.0,0.0546875,0.0546875,-0.28125
35,4,0.5,0.025,160,0.4375,0.390625,0.1171875,0.0625,0.109375,0.046875,-0.2734375
36,4,0.5,0.025,160,0.375,0.46875,0.1015625,0.125,0.03125,-0.09375,-0.3671875
37,4,2.0,0.1,160,0.5,0.546875,0.2578125,0.0,0.046875,0.046875,-0.2890625
38,4,0.5,0.025,160,0.5,0.5078125,0.09375,0.0,0.0078125,0.0078125,-0.4140625
39,4,1.0,0.05,160,0.5,0.625,0.25,0.0,0.125,0.125,-0.375
40,4,1.0,0.05,160,0.6875,0.6875,0.2109375,0.1875,0.1875,0.0,-0.4765625
41,4,1.0,0.05,160,0.5,0.7578125,0.2734375,0.0,0.2578125,0.2578125,-0.484375
42,4,2.0,0.1,160,0.625,0.53125,0.28125,0.125,0.03125,-0.09375,-0.25
43,4,2.0,0.1,160,0.5,0.5546875,0.25,0.0,0.0546875,0.0546875,-0.3046875
44,4,0.5,0.025,160,0.5,0.4921875,0.109375,0.0,0.0078125,0.0078125,-0.3828125
45,4,0.5,0.025,160,0.5625,0.4140625,0.0859375,0.0625,0.0859375,0.0234375,-0.328125
46,4,2.0,0.1,160,0.5,0.515625,0.1875,0.0,0.015625,0.015625,-0.328125
47,4,1.0,0.05,160,0.5,0.671875,0.2265625,0.0,0.171875,0.171875,-0.4453125
48,4,2.0,0.1,160,0.5625,0.5078125,0.265625,0.0625,0.0078125,-0.0546875,-0.2421875
49,4,0.5,0.025,160,0.5,0.3515625,0.0546875,0.0,0.1484375,0.1484375,-0.296875
50,4,0.5,0.025,160,0.4375,0.4765625,0.09375,0.0625,0.0234375,-0.0390625,-0.3828125
51,4,0.5,0.025,160,0.5,0.453125,0.125,0.0,0.046875,0.046875,-0.328125
52,12,1.0,0.05,160,0.5,0.2890625,0.0625,0.0,0.2109375,0.2109375,-0.2265625
53,4,0.5,0.025,160,0.5625,0.5,0.109375,0.0625,0.0,-0.0625,-0.390625
54,4,0.5,0.025,160,0.4375,0.5,0.1171875,0.0625,0.0,-0.0625,-0.3828125
55,4,0.5,0.025,160,0.5,0.4609375,0.1015625,0.0,0.0390625,0.0390625,-0.359375
56,12,1.0,0.05,160,0.5,0.2734375,0.046875,0.0,0.2265625,0.2265625,-0.2265625
57,4,2.0,0.1,160,0.5625,0.5703125,0.234375,0.0625,0.0703125,0.0078125,-0.3359375
58,4,0.5,0.025,160,0.5,0.3984375,0.09375,0.0,0.1015625,0.1015625,-0.3046875
59,4,0.5,0.025,160,0.5,0.453125,0.1015625,0.0,0.046875,0.046875,-0.3515625
60,4,0.5,0.025,160,0.4375,0.453125,0.046875,0.0625,0.046875,-0.015625,-0.40625
61,4,0.5,0.025,160,0.4375,0.5078125,0.140625,0.0625,0.0078125,-0.0546875,-0.3671875
62,4,1.0,0.05,160,0.625,0.65625,0.28125,0.125,0.15625,0.03125,-0.375
63,4,0.5,0.025,160,0.375,0.4140625,0.1015625,0.125,0.0859375,-0.0390625,-0.3125
64,4,2.0,0.1,160,0.5,0.5078125,0.265625,0.0,0.0078125,0.0078125,-0.2421875
65,4,2.0,0.1,160,0.5625,0.5546875,0.2265625,0.0625,0.0546875,-0.0078125,-0.328125
66,4,0.5,0.025,160,0.4375,0.40625,0.078125,0.0625,0.09375,0.03125,-0.328125
67,4,1.0,0.05,160,0.625,0.6953125,0.2734375,0.125,0.1953125,0.0703125,-0.421875
68,4,0.5,0.025,160,0.5,0.4140625,0.0703125,0.0,0.0859375,0.0859375,-0.34375
69,4,0.5,0.025,160,0.5,0.453125,0.109375,0.0,0.046875,0.046875,-0.34375
70,12,1.0,0.05,160,0.5,0.3359375,0.0625,0.0,0.1640625,0.1640625,-0.2734375
71,4,2.0,0.1,160,0.5625,0.46875,0.2578125,0.0625,0.03125,-0.03125,-0.2109375
72,4,2.0,0.1,160,0.5,0.46875,0.1953125,0.0,0.03125,0.03125,-0.2734375
73,4,0.5,0.025,160,0.4375,0.4921875,0.1328125,0.0625,0.0078125,-0.0546875,-0.359375
74,4,2.0,0.1,160,0.5625,0.5390625,0.2421875,0.0625,0.0390625,-0.0234375,-0.296875
75,4,1.0,0.05,160,0.5,0.609375,0.2265625,0.0,0.109375,0.109375,-0.3828125
76,4,0.5,0.025,160,0.5,0.4921875,0.1015625,0.0,0.0078125,0.0078125,-0.390625
77,4,1.0,0.05,160,0.5,0.6953125,0.2421875,0.0,0.1953125,0.1953125,-0.453125
78,4,2.0,0.1,160,0.4375,0.609375,0.3046875,0.0625,0.109375,0.046875,-0.3046875
79,4,1.0,0.05,160,0.5625,0.6796875,0.203125,0.0625,0.1796875,0.1171875,-0.4765625
80,4,0.5,0.025,160,0.375,0.5078125,0.0703125,0.125,0.0078125,-0.1171875,-0.4375
81,4,0.5,0.025,160,0.5625,0.4140625,0.0625,0.0625,0.0859375,0.0234375,-0.3515625
82,4,1.0,0.05,160,0.5625,0.7109375,0.3203125,0.0625,0.2109375,0.1484375,-0.390625
83,4,0.5,0.025,160,0.5625,0.515625,0.0625,0.0625,0.015625,-0.046875,-0.453125
84,4,1.0,0.05,160,0.5,0.6796875,0.2734375,0.0,0.1796875,0.1796875,-0.40625
85,4,0.5,0.025,160,0.4375,0.4765625,0.078125,0.0625,0.0234375,-0.0390625,-0.3984375
86,4,1.0,0.05,160,0.5625,0.7734375,0.265625,0.0625,0.2734375,0.2109375,-0.5078125
87,12,1.0,0.05,160,0.5,0.34375,0.078125,0.0,0.15625,0.15625,-0.265625
88,4,0.5,0.025,160,0.5,0.453125,0.09375,0.0,0.046875,0.046875,-0.359375
89,4,0.5,0.025,160,0.5,0.453125,0.046875,0.0,0.046875,0.046875,-0.40625
90,4,1.0,0.05,80,0.375,0.171875,0.0,0.125,0.328125,0.203125,-0.171875
91,4,0.5,0.025,160,0.5,0.4140625,0.09375,0.0,0.0859375,0.0859375,-0.3203125
92,4,0.5,0.025,160,0.375,0.3828125,0.0703125,0.125,0.1171875,-0.0078125,-0.3125
93,4,0.5,0.025,160,0.5,0.515625,0.1015625,0.0,0.015625,0.015625,-0.4140625
94,4,2.0,0.1,160,0.5,0.59375,0.203125,0.0,0.09375,0.09375,-0.390625
95,4,0.5,0.025,160,0.4375,0.3828125,0.1171875,0.0625,0.1171875,0.0546875,-0.265625
96,4,0.5,0.025,160,0.5,0.5234375,0.0625,0.0,0.0234375,0.0234375,-0.4609375
97,4,0.5,0.025,160,0.5,0.5078125,0.0859375,0.0,0.0078125,0.0078125,-0.421875
98,4,0.5,0.025,160,0.5,0.4765625,0.09375,0.0,0.0234375,0.0234375,-0.3828125
99,4,2.0,0.1,160,0.4375,0.484375,0.2734375,0.0625,0.015625,-0.046875,-0.2109375
100,12,2.0,0.1,320,0.5,0.7734375,0.625,0.0,0.2734375,0.2734375,-0.1484375
101,4,2.0,0.1,160,0.5625,0.5,0.2890625,0.0625,0.0,-0.0625,-0.2109375
102,4,0.5,0.025,160,0.5,0.4609375,0.1015625,0.0,0.0390625,0.0390625,-0.359375
103,4,2.0,0.1,160,0.5,0.53125,0.296875,0.0,0.03125,0.03125,-0.234375
104,4,0.5,0.025,160,0.4375,0.484375,0.1015625,0.0625,0.015625,-0.046875,-0.3828125
105,4,0.5,0.025,160,0.4375,0.453125,0.09375,0.0625,0.046875,-0.015625,-0.359375
106,4,1.0,0.05,160,0.5,0.6328125,0.28125,0.0,0.1328125,0.1328125,-0.3515625
107,4,0.5,0.025,160,0.4375,0.453125,0.1015625,0.0625,0.046875,-0.015625,-0.3515625
108,4,1.0,0.05,160,0.5,0.6875,0.2734375,0.0,0.1875,0.1875,-0.4140625
109,4,0.5,0.025,160,0.4375,0.5390625,0.0859375,0.0625,0.0390625,-0.0234375,-0.453125
110,4,1.0,0.05,160,0.5625,0.71875,0.265625,0.0625,0.21875,0.15625,-0.453125
111,4,0.5,0.025,160,0.5625,0.453125,0.0625,0.0625,0.046875,-0.015625,-0.390625
112,4,0.5,0.025,160,0.5625,0.4296875,0.078125,0.0625,0.0703125,0.0078125,-0.3515625
113,4,0.5,0.025,160,0.5,0.4453125,0.1171875,0.0,0.0546875,0.0546875,-0.328125
114,4,2.0,0.1,160,0.5,0.5,0.2421875,0.0,0.0,0.0,-0.2578125
115,4,0.5,0.025,160,0.5,0.5546875,0.109375,0.0,0.0546875,0.0546875,-0.4453125
116,4,0.5,0.025,160,0.4375,0.421875,0.078125,0.0625,0.078125,0.015625,-0.34375
117,4,2.0,0.1,160,0.5,0.46875,0.2578125,0.0,0.03125,0.03125,-0.2109375
118,4,0.5,0.025,160,0.4375,0.5234375,0.0859375,0.0625,0.0234375,-0.0390625,-0.4375
119,4,1.0,0.05,160,0.5625,0.6796875,0.2265625,0.0625,0.1796875,0.1171875,-0.453125
