k,n,mask_type,implementation,round,repetitions,elapsed_ns,ns_per_call
17,131072,random_50pct,numpy,0,507,21736042,42871.87771203156
17,131072,random_50pct,python,0,2,23135792,11567896.0
2,4,all_true,python,0,36901,20699916,560.9581312159562
2,4,all_true,numpy,0,36901,17942709,486.23909921140347
3,8,random_50pct,python,0,23981,21348500,890.2255952629165
3,8,random_50pct,numpy,0,36901,18260917,494.86238855315577
14,16384,random_50pct,python,0,15,20674583,1378305.5333333334
14,16384,random_50pct,numpy,0,3583,19890958,5551.481440133966
6,64,random_50pct,python,0,4175,21928958,5252.44502994012
6,64,random_50pct,numpy,0,36901,18848000,510.7720657976749
1,2,all_true,numpy,0,34247,16438125,479.98729815750283
1,2,all_true,python,0,47962,18043667,376.2075601517868
14,16384,all_true,numpy,0,3556,19859458,5584.7744656917885
14,16384,all_true,python,0,16,20991042,1311940.125
12,4096,all_true,python,0,61,19824209,324987.0327868852
12,4096,all_true,numpy,0,10912,19661666,1801.8388929618768
4,16,all_true,python,0,15004,21354667,1423.2649293521727
4,16,all_true,numpy,0,36901,18883209,511.72621338175117
5,32,random_50pct,numpy,0,36901,18900958,512.2072030568278
5,32,random_50pct,python,0,7868,21796042,2770.213777325877
11,2048,random_50pct,python,0,128,21750750,169927.734375
11,2048,random_50pct,numpy,0,16543,19001875,1148.6353744786315
19,524288,all_true,numpy,0,130,20401625,156935.57692307694
19,524288,all_true,python,0,1,41269958,41269958.0
2,4,random_50pct,python,0,36901,19930292,540.1016774613154
2,4,random_50pct,numpy,0,34306,21181750,617.435725529062
7,128,random_50pct,python,0,2106,21398542,10160.751187084521
7,128,random_50pct,numpy,0,32000,18749625,585.92578125
9,512,all_true,python,0,543,21294459,39216.31491712707
9,512,all_true,numpy,0,28249,20414542,722.6642359021558
13,8192,all_true,numpy,0,6316,18945041,2999.5315072830904
13,8192,all_true,python,0,31,19891792,641670.7096774194
16,65536,random_50pct,python,0,4,21620666,5405166.5
16,65536,random_50pct,numpy,0,994,20722875,20847.96277665996
8,256,random_50pct,numpy,0,32000,20903125,653.22265625
8,256,random_50pct,python,0,1072,21837625,20370.918843283584
1,2,random_50pct,numpy,0,22858,15240417,666.7432408784671
1,2,random_50pct,python,0,32000,12266084,383.315125
18,262144,random_50pct,numpy,0,257,23342000,90824.9027237354
18,262144,random_50pct,python,0,1,26290042,26290042.0
8,256,all_true,python,0,1127,21116917,18737.282165039927
8,256,all_true,numpy,0,32000,19403125,606.34765625
12,4096,random_50pct,python,0,59,20039833,339658.18644067796
12,4096,random_50pct,numpy,0,9795,18440500,1882.6442062276672
16,65536,all_true,python,0,4,21178583,5294645.75
16,65536,all_true,numpy,0,1000,21719792,21719.792
15,32768,all_true,numpy,0,1928,20323166,10541.061203319503
15,32768,all_true,python,0,8,20861292,2607661.5
7,128,all_true,python,0,2223,21113292,9497.657219973009
7,128,all_true,numpy,0,34247,19137167,558.7983473004934
10,1024,random_50pct,python,0,257,21367417,83141.70038910506
10,1024,random_50pct,numpy,0,21811,18661875,855.6175782861859
6,64,all_true,numpy,0,34306,17437084,508.28088381041215
6,64,all_true,python,0,4325,21132709,4886.17549132948
3,8,all_true,numpy,0,40000,19460416,486.5104
3,8,all_true,python,0,24010,19536083,813.6644314868805
5,32,all_true,numpy,0,36901,18155875,492.0157990298366
5,32,all_true,python,0,8275,21266083,2569.919395770393
18,262144,all_true,python,0,1,21301750,21301750.0
18,262144,all_true,numpy,0,257,22893958,89081.5486381323
10,1024,all_true,python,0,266,22266083,83707.07894736843
10,1024,all_true,numpy,0,22858,19698750,861.7879954501706
19,524288,random_50pct,numpy,0,118,18519166,156942.08474576272
19,524288,random_50pct,python,0,1,49299750,49299750.0
20,1048576,random_50pct,python,0,1,86201959,86201959.0
20,1048576,random_50pct,numpy,0,49,16890417,344702.387755102
4,16,random_50pct,numpy,0,34306,16733875,487.78274937328746
4,16,random_50pct,python,0,14546,21170791,1455.4373023511619
11,2048,all_true,numpy,0,16557,18816375,1136.4604094944737
11,2048,all_true,python,0,132,21160834,160309.34848484848
13,8192,random_50pct,python,0,30,20283666,676122.2
13,8192,random_50pct,numpy,0,5647,19105625,3383.323003364618
15,32768,random_50pct,python,0,8,21485875,2685734.375
15,32768,random_50pct,numpy,0,1913,28137167,14708.398849973863
17,131072,all_true,python,0,2,24855125,12427562.5
17,131072,all_true,numpy,0,513,28465500,55488.304093567254
9,512,random_50pct,python,0,516,21798333,42244.83139534884
9,512,random_50pct,numpy,0,26667,18974541,711.5363932950838
20,1048576,all_true,python,0,1,87434750,87434750.0
20,1048576,all_true,numpy,0,56,18066958,322624.25
15,32768,random_50pct,numpy,1,1913,19738583,10318.130162049138
15,32768,random_50pct,python,1,8,21613375,2701671.875
6,64,random_50pct,python,1,4175,22031042,5276.89628742515
6,64,random_50pct,numpy,1,36901,18666459,505.8523888241511
10,1024,random_50pct,python,1,257,21690542,84398.99610894942
10,1024,random_50pct,numpy,1,21811,18172375,833.1747741965064
19,524288,all_true,python,1,1,41807125,41807125.0
19,524288,all_true,numpy,1,130,20383042,156792.63076923077
5,32,random_50pct,python,1,7868,21406792,2720.741230299949
5,32,random_50pct,numpy,1,36901,17907500,485.2849516273272
17,131072,all_true,python,1,2,20674834,10337417.0
17,131072,all_true,numpy,1,513,20110459,39201.67446393762
3,8,random_50pct,numpy,1,36901,17852500,483.79447711444135
3,8,random_50pct,python,1,23981,22126500,922.66794545682
18,262144,random_50pct,numpy,1,257,20070208,78094.19455252918
18,262144,random_50pct,python,1,1,21387750,21387750.0
16,65536,random_50pct,python,1,4,21539000,5384750.0
16,65536,random_50pct,numpy,1,994,26029250,26186.368209255532
15,32768,all_true,python,1,8,21033250,2629156.25
15,32768,all_true,numpy,1,1928,19757625,10247.73080912863
10,1024,all_true,numpy,1,22858,20004375,875.1585878029574
10,1024,all_true,python,1,266,21284000,80015.03759398496
4,16,random_50pct,python,1,14546,21563083,1482.4063660112745
4,16,random_50pct,numpy,1,34306,17153625,500.0182183874541
2,4,all_true,numpy,1,36901,18290042,495.6516625565703
2,4,all_true,python,1,36901,19481709,527.9452860356088
12,4096,random_50pct,python,1,59,20043458,339719.6271186441
12,4096,random_50pct,numpy,1,9795,17532834,1789.9779479326187
2,4,random_50pct,numpy,1,34306,17064125,497.4093453040285
2,4,random_50pct,python,1,36901,19999666,541.9816807132598
7,128,all_true,python,1,2223,21517375,9679.43094916779
7,128,all_true,numpy,1,34247,19240417,561.813209916197
6,64,all_true,numpy,1,34306,17517417,510.6225441613712
6,64,all_true,python,1,4325,21176625,4896.329479768786
20,1048576,all_true,python,1,1,85030000,85030000.0
20,1048576,all_true,numpy,1,56,22714542,405616.8214285714
13,8192,random_50pct,python,1,30,23938792,797959.7333333333
13,8192,random_50pct,numpy,1,5647,21753667,3852.251992208252
16,65536,all_true,numpy,1,1000,19978292,19978.292
16,65536,all_true,python,1,4,20740000,5185000.0
20,1048576,random_50pct,python,1,1,86449375,86449375.0
20,1048576,random_50pct,numpy,1,49,16960500,346132.6530612245
11,2048,random_50pct,python,1,128,21953041,171508.1328125
11,2048,random_50pct,numpy,1,16543,19134625,1156.6599165810312
4,16,all_true,numpy,1,36901,18171042,492.4268177014173
4,16,all_true,python,1,15004,21073334,1404.5143961610238
5,32,all_true,python,1,8275,21119500,2552.2054380664654
5,32,all_true,numpy,1,36901,18833667,510.3836481396168
19,524288,random_50pct,numpy,1,118,20136625,170649.36440677967
19,524288,random_50pct,python,1,1,46695292,46695292.0
14,16384,all_true,python,1,16,21041500,1315093.75
14,16384,all_true,numpy,1,3556,20861083,5866.446287964004
11,2048,all_true,numpy,1,16557,20643250,1246.798937005496
11,2048,all_true,python,1,132,26825750,203225.37878787878
12,4096,all_true,numpy,1,10912,20622917,1889.9300769794722
12,4096,all_true,python,1,61,19807917,324719.95081967214
9,512,random_50pct,numpy,1,26667,18968625,711.3145460681742
9,512,random_50pct,python,1,516,22074834,42780.686046511626
14,16384,random_50pct,python,1,15,21478333,1431888.8666666667
14,16384,random_50pct,numpy,1,3583,23353000,6517.722578844544
8,256,all_true,numpy,1,32000,19180292,599.384125
8,256,all_true,python,1,1127,21226292,18834.331854480923
17,131072,random_50pct,numpy,1,507,19968333,39385.27218934911
17,131072,random_50pct,python,1,2,21574291,10787145.5
3,8,all_true,python,1,24010,19673500,819.3877551020408
3,8,all_true,numpy,1,40000,19210667,480.266675
1,2,random_50pct,numpy,1,22858,10910500,477.3164756321638
1,2,random_50pct,python,1,32000,12132500,379.140625
13,8192,all_true,numpy,1,6316,19185833,3037.655636478784
13,8192,all_true,python,1,31,20232208,652651.8709677419
18,262144,all_true,python,1,1,20806042,20806042.0
18,262144,all_true,numpy,1,257,20004416,77838.19455252918
1,2,all_true,python,1,47962,18287250,381.2862265960552
1,2,all_true,numpy,1,34247,16499666,481.78427307501386
9,512,all_true,python,1,543,21253750,39141.34438305709
9,512,all_true,numpy,1,28249,19322500,684.0065135049028
7,128,random_50pct,numpy,1,32000,17638709,551.20965625
7,128,random_50pct,python,1,2106,21511542,10214.407407407407
8,256,random_50pct,numpy,1,32000,18740958,585.6549375
8,256,random_50pct,python,1,1072,21460708,20019.317164179105
12,4096,random_50pct,python,2,59,20019583,339314.9661016949
12,4096,random_50pct,numpy,2,9795,17326792,1768.9425216947423
19,524288,random_50pct,python,2,1,43186083,43186083.0
19,524288,random_50pct,numpy,2,118,18547459,157181.85593220338
11,2048,random_50pct,python,2,128,21504417,168003.2578125
11,2048,random_50pct,numpy,2,16543,19101833,1154.6776884482863
6,64,random_50pct,numpy,2,36901,18451667,500.0316251592098
6,64,random_50pct,python,2,4175,21657791,5187.494850299401
2,4,all_true,python,2,36901,19516375,528.8847185713124
2,4,all_true,numpy,2,36901,17628000,477.71063114820737
8,256,all_true,python,2,1127,21100041,18722.30789707187
8,256,all_true,numpy,2,32000,18763125,586.34765625
13,8192,random_50pct,numpy,2,5647,18800625,3329.312024083584
13,8192,random_50pct,python,2,30,20341583,678052.7666666667
9,512,all_true,python,2,543,21211250,39063.075506445675
9,512,all_true,numpy,2,28249,19345500,684.8207016177564
19,524288,all_true,numpy,2,130,20419417,157072.43846153846
19,524288,all_true,python,2,1,41315125,41315125.0
3,8,random_50pct,numpy,2,36901,17604166,477.06474079293247
3,8,random_50pct,python,2,23981,20092708,837.8594720820649
1,2,random_50pct,python,2,32000,11992042,374.7513125
1,2,random_50pct,numpy,2,22858,10972208,480.01609939627264
6,64,all_true,python,2,4325,21130333,4885.62612716763
6,64,all_true,numpy,2,34306,17063917,497.4032822246837
2,4,random_50pct,numpy,2,34306,16240625,473.4047979945199
2,4,random_50pct,python,2,36901,19437875,526.7574049483754
17,131072,random_50pct,python,2,2,21657750,10828875.0
17,131072,random_50pct,numpy,2,507,20270667,39981.591715976334
14,16384,all_true,python,2,16,20659333,1291208.3125
14,16384,all_true,numpy,2,3556,20905666,5878.983689538808
20,1048576,random_50pct,numpy,2,49,17874416,364784.0
20,1048576,random_50pct,python,2,1,92902333,92902333.0
17,131072,all_true,python,2,2,25034125,12517062.5
17,131072,all_true,numpy,2,513,20172916,39323.42300194932
12,4096,all_true,python,2,61,20256291,332070.34426229505
12,4096,all_true,numpy,2,10912,19703334,1805.6574413489736
15,32768,all_true,python,2,8,21440459,2680057.375
15,32768,all_true,numpy,2,1928,20256417,10506.440352697095
15,32768,random_50pct,numpy,2,1913,22645417,11837.646105593309
15,32768,random_50pct,python,2,8,23255583,2906947.875
5,32,all_true,numpy,2,36901,17857041,483.9175361101325
5,32,all_true,python,2,8275,21134875,2554.0634441087614
14,16384,random_50pct,python,2,15,20667375,1377825.0
14,16384,random_50pct,numpy,2,3583,19735667,5508.140385152107
4,16,random_50pct,python,2,14546,21224792,1459.1497318850543
4,16,random_50pct,numpy,2,34306,16810792,490.0248353057774
5,32,random_50pct,python,2,7868,21246167,2700.3262582613115
5,32,random_50pct,numpy,2,36901,17809000,482.61564727243166
11,2048,all_true,numpy,2,16557,18670084,1127.6248112580781
11,2048,all_true,python,2,132,21634959,163901.20454545456
4,16,all_true,numpy,2,36901,17973791,487.0814070079402
4,16,all_true,python,2,15004,21058375,1403.517395361237
8,256,random_50pct,numpy,2,32000,18828000,588.375
8,256,random_50pct,python,2,1072,21266208,19837.880597014926
7,128,all_true,numpy,2,34247,18846042,550.2976027097264
7,128,all_true,python,2,2223,21665417,9746.02654071075
1,2,all_true,python,2,47962,18329333,382.163650389892
1,2,all_true,numpy,2,34247,17588375,513.5741816801471
13,8192,all_true,numpy,2,6316,19369208,3066.689043698543
13,8192,all_true,python,2,31,20235084,652744.6451612903
7,128,random_50pct,numpy,2,32000,18310542,572.2044375
7,128,random_50pct,python,2,2106,21492041,10205.14767331434
3,8,all_true,python,2,24010,19680083,819.6619325281133
3,8,all_true,numpy,2,40000,19641334,491.03335
10,1024,all_true,numpy,2,22858,19751041,864.0756409134657
10,1024,all_true,python,2,266,21358000,80293.23308270676
20,1048576,all_true,python,2,1,82871459,82871459.0
20,1048576,all_true,numpy,2,56,18707000,334053.5714285714
9,512,random_50pct,numpy,2,26667,18443958,691.6397795027563
9,512,random_50pct,python,2,516,21195583,41076.71124031008
10,1024,random_50pct,python,2,257,21452958,83474.54474708172
10,1024,random_50pct,numpy,2,21811,18665125,855.7665856677824
16,65536,all_true,python,2,4,20894083,5223520.75
16,65536,all_true,numpy,2,1000,20030125,20030.125
18,262144,all_true,numpy,2,257,20160042,78443.74319066148
18,262144,all_true,python,2,1,20670000,20670000.0
18,262144,random_50pct,numpy,2,257,20152083,78412.77431906614
18,262144,random_50pct,python,2,1,21392375,21392375.0
16,65536,random_50pct,python,2,4,21482417,5370604.25
16,65536,random_50pct,numpy,2,994,19978292,20098.88531187123
5,32,random_50pct,numpy,3,36901,17848750,483.6928538521991
5,32,random_50pct,python,3,7868,21574917,2742.109430604982
13,8192,all_true,numpy,3,6316,19314291,3057.994141861938
13,8192,all_true,python,3,31,19998916,645126.3225806452
19,524288,random_50pct,numpy,3,118,18843792,159693.15254237287
19,524288,random_50pct,python,3,1,43348416,43348416.0
14,16384,random_50pct,python,3,15,21040625,1402708.3333333333
14,16384,random_50pct,numpy,3,3583,20591250,5746.929946971812
2,4,random_50pct,numpy,3,34306,16593875,483.7018305835714
2,4,random_50pct,python,3,36901,20152291,546.1177474865179
1,2,all_true,python,3,47962,18451292,384.7064759601351
1,2,all_true,numpy,3,34247,16464916,480.76958565713784
16,65536,random_50pct,python,3,4,22080291,5520072.75
16,65536,random_50pct,numpy,3,994,20266333,20388.664989939636
9,512,random_50pct,python,3,516,21851875,42348.59496124031
9,512,random_50pct,numpy,3,26667,19090583,715.8879139010762
9,512,all_true,numpy,3,28249,20050792,709.7876738999611
9,512,all_true,python,3,543,21835083,40211.93922651934
20,1048576,random_50pct,numpy,3,49,18875000,385204.0816326531
20,1048576,random_50pct,python,3,1,86854834,86854834.0
4,16,all_true,python,3,15004,21494458,1432.5818448413756
4,16,all_true,numpy,3,36901,17541541,475.36763231348743
3,8,random_50pct,python,3,23981,20304041,846.6719903256745
3,8,random_50pct,numpy,3,36901,18211292,493.51757404948376
13,8192,random_50pct,python,3,30,20828917,694297.2333333333
13,8192,random_50pct,numpy,3,5647,19456542,3445.465202762529
5,32,all_true,python,3,8275,22308459,2695.8862839879152
5,32,all_true,numpy,3,36901,18567000,503.1570960136582
12,4096,all_true,numpy,3,10912,19441708,1781.6814516129032
12,4096,all_true,python,3,61,20182750,330864.75409836066
12,4096,random_50pct,numpy,3,9795,17708333,1807.895150587034
12,4096,random_50pct,python,3,59,20097584,340637.0169491525
10,1024,random_50pct,numpy,3,21811,18382292,842.799138049608
10,1024,random_50pct,python,3,257,21563208,83903.53307392997
11,2048,all_true,python,3,132,21439208,162418.24242424243
11,2048,all_true,numpy,3,16557,18945333,1144.2491393368364
8,256,random_50pct,python,3,1072,21482875,20039.995335820895
8,256,random_50pct,numpy,3,32000,18501209,578.16278125
17,131072,all_true,numpy,3,513,20548791,40056.12280701754
17,131072,all_true,python,3,2,20924875,10462437.5
8,256,all_true,numpy,3,32000,18632125,582.25390625
8,256,all_true,python,3,1127,21243125,18849.26796805679
15,32768,random_50pct,numpy,3,1913,19783958,10341.84945112389
15,32768,random_50pct,python,3,8,22047625,2755953.125
14,16384,all_true,python,3,16,20972416,1310776.0
14,16384,all_true,numpy,3,3556,20011959,5627.660011248594
4,16,random_50pct,python,3,14546,21255667,1461.2723085384298
4,16,random_50pct,numpy,3,34306,16144709,470.6089022328456
15,32768,all_true,numpy,3,1928,19857667,10299.619813278008
15,32768,all_true,python,3,8,20786416,2598302.0
19,524288,all_true,numpy,3,130,27342250,210325.0
19,524288,all_true,python,3,1,47194291,47194291.0
3,8,all_true,numpy,3,40000,20879459,521.986475
3,8,all_true,python,3,24010,20189958,840.8978758850479
6,64,all_true,numpy,3,34306,20900917,609.249606482831
6,64,all_true,python,3,4325,23501625,5433.901734104046
7,128,random_50pct,numpy,3,32000,22031542,688.4856875
7,128,random_50pct,python,3,2106,22563125,10713.734567901234
1,2,random_50pct,python,3,32000,12287709,383.99090625
1,2,random_50pct,numpy,3,22858,11431416,500.1056960363986
11,2048,random_50pct,numpy,3,16543,19638000,1187.0881944024663
11,2048,random_50pct,python,3,128,22799250,178119.140625
17,131072,random_50pct,numpy,3,507,23348708,46052.67850098619
17,131072,random_50pct,python,3,2,21849000,10924500.0
16,65536,all_true,python,3,4,21269458,5317364.5
16,65536,all_true,numpy,3,1000,20095042,20095.042
7,128,all_true,python,3,2223,21479333,9662.31803868646
7,128,all_true,numpy,3,34247,19754250,576.8169474698514
18,262144,random_50pct,numpy,3,257,20158125,78436.28404669261
18,262144,random_50pct,python,3,1,21800459,21800459.0
2,4,all_true,numpy,3,36901,18065125,489.556516083575
2,4,all_true,python,3,36901,19706542,534.0381561475299
10,1024,all_true,numpy,3,22858,20477042,895.8369936127395
10,1024,all_true,python,3,266,21406083,80473.9962406015
20,1048576,all_true,python,3,1,82895334,82895334.0
20,1048576,all_true,numpy,3,56,18150042,324107.89285714284
6,64,random_50pct,python,3,4175,22009459,5271.726706586826
6,64,random_50pct,numpy,3,36901,18985417,514.4960028183518
18,262144,all_true,python,3,1,21074792,21074792.0
18,262144,all_true,numpy,3,257,20075916,78116.4046692607
3,8,random_50pct,numpy,4,36901,17776709,481.7405761361481
3,8,random_50pct,python,4,23981,20309333,846.8926650264793
1,2,random_50pct,python,4,32000,12193750,381.0546875
1,2,random_50pct,numpy,4,22858,11164084,488.4103596115146
16,65536,random_50pct,python,4,4,21860208,5465052.0
16,65536,random_50pct,numpy,4,994,20002500,20123.23943661972
11,2048,all_true,python,4,132,21407666,162179.28787878787
11,2048,all_true,numpy,4,16557,19000875,1147.6037325602465
16,65536,all_true,numpy,4,1000,19970208,19970.208
16,65536,all_true,python,4,4,21040375,5260093.75
2,4,all_true,python,4,36901,19470916,527.6528007371074
2,4,all_true,numpy,4,36901,17649584,478.29554754613696
18,262144,random_50pct,python,4,1,21480333,21480333.0
18,262144,random_50pct,numpy,4,257,20169666,78481.1906614786
2,4,random_50pct,python,4,36901,19750917,535.2406980840627
2,4,random_50pct,numpy,4,34306,16552542,482.49699760974755
14,16384,all_true,numpy,4,3556,19905458,5597.710348706411
14,16384,all_true,python,4,16,20827459,1301716.1875
20,1048576,all_true,numpy,4,56,18264833,326157.73214285716
20,1048576,all_true,python,4,1,84779500,84779500.0
15,32768,all_true,python,4,8,20765417,2595677.125
15,32768,all_true,numpy,4,1928,20108667,10429.80653526971
19,524288,random_50pct,numpy,4,118,18814625,159445.9745762712
19,524288,random_50pct,python,4,1,43037250,43037250.0
6,64,all_true,python,4,4325,21794417,5039.171560693641
6,64,all_true,numpy,4,34306,17476083,509.41768203812745
5,32,random_50pct,python,4,7868,24186250,3074.0022877478395
5,32,random_50pct,numpy,4,36901,18237042,494.2153871168803
7,128,random_50pct,numpy,4,32000,18040334,563.7604375
7,128,random_50pct,python,4,2106,22337458,10606.58024691358
8,256,random_50pct,numpy,4,32000,21779959,680.62371875
8,256,random_50pct,python,4,1072,26295000,24528.917910447763
17,131072,all_true,python,4,2,20793625,10396812.5
17,131072,all_true,numpy,4,513,20147000,39272.9044834308
12,4096,all_true,python,4,61,20285208,332544.39344262297
12,4096,all_true,numpy,4,10912,20524333,1880.8956195014662
11,2048,random_50pct,numpy,4,16543,20401959,1233.2683914646677
11,2048,random_50pct,python,4,128,25852500,201972.65625
10,1024,random_50pct,python,4,257,21970667,85488.9766536965
10,1024,random_50pct,numpy,4,21811,18722459,858.395259272844
14,16384,random_50pct,numpy,4,3583,19847083,5539.2361149874405
14,16384,random_50pct,python,4,15,20665334,1377688.9333333333
5,32,all_true,python,4,8275,21723125,2625.1510574018125
5,32,all_true,numpy,4,36901,18396291,498.53096122056314
9,512,random_50pct,numpy,4,26667,18684167,700.6475044061949
9,512,random_50pct,python,4,516,21702167,42058.46317829457
19,524288,all_true,numpy,4,130,20272625,155943.26923076922
19,524288,all_true,python,4,1,41669250,41669250.0
8,256,all_true,python,4,1127,21229708,18837.362910381544
8,256,all_true,numpy,4,32000,19183708,599.490875
9,512,all_true,python,4,543,21350041,39318.6758747698
9,512,all_true,numpy,4,28249,19359291,685.30889589012
1,2,all_true,python,4,47962,18507834,385.88536758266963
1,2,all_true,numpy,4,34247,16461750,480.6771396034689
20,1048576,random_50pct,python,4,1,87998041,87998041.0
20,1048576,random_50pct,numpy,4,49,17064250,348250.0
3,8,all_true,numpy,4,40000,19005708,475.1427
3,8,all_true,python,4,24010,19784584,824.0143273635985
4,16,random_50pct,python,4,14546,21447666,1474.4717448095696
4,16,random_50pct,numpy,4,34306,17575125,512.3046988864921
7,128,all_true,python,4,2223,21464666,9655.720197930725
7,128,all_true,numpy,4,34247,18975416,554.0752766665694
12,4096,random_50pct,numpy,4,9795,17291167,1765.305461970393
12,4096,random_50pct,python,4,59,20008708,339130.6440677966
18,262144,all_true,numpy,4,257,20202958,78610.73151750973
18,262144,all_true,python,4,1,20864292,20864292.0
15,32768,random_50pct,numpy,4,1913,19623041,10257.731834814427
15,32768,random_50pct,python,4,8,21579834,2697479.25
13,8192,random_50pct,python,4,30,20298875,676629.1666666666
13,8192,random_50pct,numpy,4,5647,19065791,3376.2689923853372
10,1024,all_true,numpy,4,22858,19281417,843.530361361449
10,1024,all_true,python,4,266,21356500,80287.59398496241
4,16,all_true,python,4,15004,21098125,1406.1666888829645
4,16,all_true,numpy,4,36901,17885084,484.67748841494813
13,8192,all_true,python,4,31,20200625,651633.0645161291
13,8192,all_true,numpy,4,6316,19278417,3052.314281190627
6,64,random_50pct,python,4,4175,22367541,5357.494850299401
6,64,random_50pct,numpy,4,36901,18469083,500.5035906885992
17,131072,random_50pct,python,4,2,22101167,11050583.5
17,131072,random_50pct,numpy,4,507,20379417,40196.08875739645
9,512,all_true,numpy,5,28249,19297958,683.1377393890049
9,512,all_true,python,5,543,21286333,39201.34990791897
17,131072,random_50pct,python,5,2,21579000,10789500.0
17,131072,random_50pct,numpy,5,507,20303750,40046.844181459564
10,1024,all_true,python,5,266,21196083,79684.52255639098
10,1024,all_true,numpy,5,22858,19179958,839.091696561379
17,131072,all_true,python,5,2,20798125,10399062.5
17,131072,all_true,numpy,5,513,20172167,39321.96296296296
15,32768,all_true,numpy,5,1928,19891417,10317.125
15,32768,all_true,python,5,8,20739125,2592390.625
4,16,all_true,numpy,5,36901,17492000,474.0250941708897
4,16,all_true,python,5,15004,20969500,1397.593974940016
19,524288,random_50pct,numpy,5,118,18745375,158859.11016949153
19,524288,random_50pct,python,5,1,43095917,43095917.0
4,16,random_50pct,python,5,14546,21223375,1459.0523167881204
4,16,random_50pct,numpy,5,34306,16248750,473.6416370314231
5,32,all_true,python,5,8275,21118000,2552.02416918429
5,32,all_true,numpy,5,36901,17538458,475.28408444215603
15,32768,random_50pct,python,5,8,21639041,2704880.125
15,32768,random_50pct,numpy,5,1913,19988458,10448.749607945636
20,1048576,all_true,python,5,1,83439500,83439500.0
20,1048576,all_true,numpy,5,56,18406625,328689.73214285716
8,256,all_true,numpy,5,32000,19375583,605.48696875
8,256,all_true,python,5,1127,22107750,19616.459627329194
20,1048576,random_50pct,python,5,1,85847625,85847625.0
20,1048576,random_50pct,numpy,5,49,16799833,342853.7346938776
5,32,random_50pct,python,5,7868,21472917,2729.145526182003
5,32,random_50pct,numpy,5,36901,18343791,497.1082355491721
12,4096,all_true,numpy,5,10912,19167292,1756.533357771261
12,4096,all_true,python,5,61,19675708,322552.59016393445
3,8,all_true,numpy,5,40000,19508125,487.703125
3,8,all_true,python,5,24010,19670417,819.2593502707206
6,64,all_true,numpy,5,34306,17508458,510.3613945082493
6,64,all_true,python,5,4325,21119709,4883.169710982659
1,2,random_50pct,python,5,32000,12351458,385.9830625
1,2,random_50pct,numpy,5,22858,11962666,523.3470119870505
13,8192,random_50pct,numpy,5,5647,19436166,3441.8569151762
13,8192,random_50pct,python,5,30,22162541,738751.3666666667
16,65536,random_50pct,python,5,4,22060500,5515125.0
16,65536,random_50pct,numpy,5,994,19976500,20097.082494969818
2,4,random_50pct,python,5,36901,19711792,534.180428714669
2,4,random_50pct,numpy,5,34306,16359625,476.87357896577856
13,8192,all_true,numpy,5,6316,19157167,3033.1170044331857
13,8192,all_true,python,5,31,20108000,648645.1612903225
9,512,random_50pct,python,5,516,21215750,41115.79457364341
9,512,random_50pct,numpy,5,26667,18192542,682.211797352533
1,2,all_true,numpy,5,34247,16261292,474.8238385844015
1,2,all_true,python,5,47962,18208500,379.6443017388766
14,16384,random_50pct,python,5,15,20161917,1344127.8
14,16384,random_50pct,numpy,5,3583,19805125,5527.52581635501
14,16384,all_true,python,5,16,20758958,1297434.875
14,16384,all_true,numpy,5,3556,20926166,5884.748593925759
18,262144,all_true,python,5,1,20840000,20840000.0
18,262144,all_true,numpy,5,257,20016791,77886.34630350195
8,256,random_50pct,python,5,1072,21475375,20032.99906716418
8,256,random_50pct,numpy,5,32000,18904250,590.7578125
11,2048,all_true,numpy,5,16557,18821833,1136.7900585854925
11,2048,all_true,python,5,132,21159417,160298.61363636365
10,1024,random_50pct,numpy,5,21811,18066875,828.3377653477603
10,1024,random_50pct,python,5,257,21446375,83448.9299610895
12,4096,random_50pct,python,5,59,19807125,335713.9830508475
12,4096,random_50pct,numpy,5,9795,17062750,1741.985706993364
3,8,random_50pct,numpy,5,36901,17361250,470.4818297607111
3,8,random_50pct,python,5,23981,20155792,840.4900546265794
6,64,random_50pct,numpy,5,36901,18088333,490.1854421289396
6,64,random_50pct,python,5,4175,21530042,5156.89628742515
7,128,all_true,numpy,5,34247,18728333,546.8605425292726
7,128,all_true,python,5,2223,21254334,9561.10391363023
19,524288,all_true,numpy,5,130,20422667,157097.43846153846
19,524288,all_true,python,5,1,42983000,42983000.0
18,262144,random_50pct,python,5,1,21647375,21647375.0
18,262144,random_50pct,numpy,5,257,20290500,78951.36186770428
7,128,random_50pct,python,5,2106,21560083,10237.456315289648
7,128,random_50pct,numpy,5,32000,17839000,557.46875
2,4,all_true,numpy,5,36901,17715750,480.0886154846752
2,4,all_true,python,5,36901,19617333,531.6206335871657
11,2048,random_50pct,numpy,5,16543,18993916,1148.154264643656
11,2048,random_50pct,python,5,128,21932042,171344.078125
16,65536,all_true,python,5,4,20895750,5223937.5
16,65536,all_true,numpy,5,1000,19912500,19912.5
15,32768,all_true,numpy,6,1928,19734916,10235.952282157676
15,32768,all_true,python,6,8,20747792,2593474.0
3,8,all_true,python,6,24010,19598541,816.2657642648896
3,8,all_true,numpy,6,40000,19139959,478.498975
2,4,all_true,python,6,36901,19551667,529.8411154169264
2,4,all_true,numpy,6,36901,17821417,482.95214221836807
2,4,random_50pct,numpy,6,34306,16253250,473.7728094210925
2,4,random_50pct,python,6,36901,19806333,536.7424460041733
4,16,all_true,python,6,15004,20794917,1385.958211143695
4,16,all_true,numpy,6,36901,17713459,480.0265304463294
8,256,all_true,python,6,1127,21085000,18708.96184560781
8,256,all_true,numpy,6,32000,18480916,577.528625
5,32,all_true,python,6,8275,21094625,2549.1993957703926
5,32,all_true,numpy,6,36901,17991625,487.56470014362753
8,256,random_50pct,python,6,1072,21372916,19937.421641791047
8,256,random_50pct,numpy,6,32000,18622583,581.95571875
11,2048,random_50pct,python,6,128,21580750,168599.609375
11,2048,random_50pct,numpy,6,16543,18727458,1132.0472707489573
6,64,random_50pct,numpy,6,36901,18239125,494.27183545161375
6,64,random_50pct,python,6,4175,21582750,5169.520958083833
5,32,random_50pct,python,6,7868,21272708,2703.699542450432
5,32,random_50pct,numpy,6,36901,17856750,483.9096501449825
20,1048576,all_true,python,6,1,83495041,83495041.0
20,1048576,all_true,numpy,6,56,17599792,314282.0
12,4096,random_50pct,python,6,59,19905667,337384.18644067796
12,4096,random_50pct,numpy,6,9795,17186250,1754.594180704441
14,16384,all_true,numpy,6,3556,19776708,5561.503937007874
14,16384,all_true,python,6,16,20883917,1305244.8125
19,524288,all_true,numpy,6,130,20595166,158424.35384615386
19,524288,all_true,python,6,1,41535959,41535959.0
15,32768,random_50pct,numpy,6,1913,19568083,10229.00313643492
15,32768,random_50pct,python,6,8,21791667,2723958.375
6,64,all_true,python,6,4325,22702500,5249.132947976878
6,64,all_true,numpy,6,34306,17369417,506.30843001224275
7,128,all_true,numpy,6,34247,18615542,543.5670861681315
7,128,all_true,python,6,2223,21318708,9590.062078272604
16,65536,all_true,python,6,4,20724292,5181073.0
16,65536,all_true,numpy,6,1000,19842416,19842.416
1,2,all_true,python,6,47962,18130875,378.0258329510863
1,2,all_true,numpy,6,34247,16303541,476.05749408707334
13,8192,random_50pct,python,6,30,20213417,673780.5666666667
13,8192,random_50pct,numpy,6,5647,19039750,3371.657517265805
9,512,random_50pct,python,6,516,21173167,41033.26937984496
9,512,random_50pct,numpy,6,26667,18265042,684.9305133685829
17,131072,random_50pct,numpy,6,507,19909334,39268.9033530572
17,131072,random_50pct,python,6,2,21496083,10748041.5
9,512,all_true,numpy,6,28249,19381375,686.0906580763921
9,512,all_true,python,6,543,21175167,38996.62430939227
1,2,random_50pct,python,6,32000,12245958,382.6861875
1,2,random_50pct,numpy,6,22858,11058333,483.78392685274304
19,524288,random_50pct,numpy,6,118,18473500,156555.08474576272
19,524288,random_50pct,python,6,1,42893417,42893417.0
20,1048576,random_50pct,numpy,6,49,16843667,343748.306122449
20,1048576,random_50pct,python,6,1,86183875,86183875.0
12,4096,all_true,python,6,61,19748208,323741.11475409835
12,4096,all_true,numpy,6,10912,19343166,1772.6508431085044
10,1024,random_50pct,python,6,257,21517917,83727.30350194553
10,1024,random_50pct,numpy,6,21811,17855875,818.6637476502682
18,262144,all_true,numpy,6,257,19920541,77511.8326848249
18,262144,all_true,python,6,1,20678584,20678584.0
3,8,random_50pct,numpy,6,36901,17465166,473.297905205821
3,8,random_50pct,python,6,23981,20376709,849.7022225928861
17,131072,all_true,numpy,6,513,20109292,39199.399610136454
17,131072,all_true,python,6,2,20697209,10348604.5
4,16,random_50pct,numpy,6,34306,16490958,480.7018597329913
4,16,random_50pct,python,6,14546,21158792,1454.6124020349237
7,128,random_50pct,numpy,6,32000,17598750,549.9609375
7,128,random_50pct,python,6,2106,21333583,10129.906457739791
11,2048,all_true,numpy,6,16557,18723125,1130.8283505465965
11,2048,all_true,python,6,132,21199833,160604.79545454544
13,8192,all_true,python,6,31,19990750,644862.9032258064
13,8192,all_true,numpy,6,6316,19107000,3025.1741608613047
18,262144,random_50pct,numpy,6,257,20177459,78511.51361867704
18,262144,random_50pct,python,6,1,21465750,21465750.0
16,65536,random_50pct,numpy,6,994,19675875,19794.64285714286
16,65536,random_50pct,python,6,4,21561041,5390260.25
10,1024,all_true,numpy,6,22858,19167416,838.5430046373261
10,1024,all_true,python,6,266,22953791,86292.44736842105
14,16384,random_50pct,numpy,6,3583,19506625,5444.215740999162
14,16384,random_50pct,python,6,15,20219667,1347977.8
8,256,random_50pct,numpy,7,32000,18261791,570.68096875
8,256,random_50pct,python,7,1072,21356084,19921.72014925373
18,262144,random_50pct,numpy,7,257,20104667,78228.27626459143
18,262144,random_50pct,python,7,1,21471250,21471250.0
9,512,random_50pct,numpy,7,26667,17971417,673.9197135035812
9,512,random_50pct,python,7,516,21363584,41402.29457364341
4,16,all_true,numpy,7,36901,17280750,468.3003170645782
4,16,all_true,python,7,15004,20975542,1397.9966675553185
8,256,all_true,numpy,7,32000,18274625,571.08203125
8,256,all_true,python,7,1127,21192916,18804.716947648623
4,16,random_50pct,python,7,14546,21289000,1463.5638663550117
4,16,random_50pct,numpy,7,34306,16115583,469.7598962280651
14,16384,random_50pct,numpy,7,3583,19358416,5402.851241975998
14,16384,random_50pct,python,7,15,20405000,1360333.3333333333
19,524288,all_true,python,7,1,41909125,41909125.0
19,524288,all_true,numpy,7,130,20132667,154866.66923076924
3,8,random_50pct,python,7,23981,20330166,847.7613944372629
3,8,random_50pct,numpy,7,36901,17301000,468.84908268068614
13,8192,all_true,numpy,7,6316,19101833,3024.35607979734
13,8192,all_true,python,7,31,20330375,655818.5483870967
15,32768,random_50pct,python,7,8,21700166,2712520.75
15,32768,random_50pct,numpy,7,1913,19853584,10378.245687401986
10,1024,random_50pct,python,7,257,21657875,84271.88715953307
10,1024,random_50pct,numpy,7,21811,17816833,816.8737334372564
7,128,all_true,python,7,2223,21219250,9545.321637426901
7,128,all_true,numpy,7,34247,18714083,546.4444476888486
2,4,random_50pct,numpy,7,34306,16093583,469.1186089896811
2,4,random_50pct,python,7,36901,20295625,550.0020324652448
11,2048,random_50pct,numpy,7,16543,19370792,1170.935864111709
11,2048,random_50pct,python,7,128,24223875,189249.0234375
12,4096,all_true,numpy,7,10912,19843875,1818.5369318181818
12,4096,all_true,python,7,61,20433750,334979.5081967213
5,32,all_true,numpy,7,36901,19198625,520.273840817322
5,32,all_true,python,7,8275,26814625,3240.4380664652567
11,2048,all_true,python,7,132,23528333,178244.94696969696
11,2048,all_true,numpy,7,16557,19070167,1151.7887902397777
17,131072,random_50pct,python,7,2,22345000,11172500.0
17,131072,random_50pct,numpy,7,507,21021208,41461.94871794872
1,2,random_50pct,numpy,7,22858,11861417,518.9175343424622
1,2,random_50pct,python,7,32000,15484084,483.877625
9,512,all_true,python,7,543,21736291,40030.00184162063
9,512,all_true,numpy,7,28249,19806333,701.133951644306
20,1048576,all_true,numpy,7,56,18092666,323083.3214285714
20,1048576,all_true,python,7,1,84774292,84774292.0
6,64,all_true,python,7,4325,21219542,4906.252485549133
6,64,all_true,numpy,7,34306,17918000,522.2993062438057
5,32,random_50pct,numpy,7,36901,18310042,496.19365328852876
5,32,random_50pct,python,7,7868,21342750,2712.6016776817487
18,262144,all_true,python,7,1,20843125,20843125.0
18,262144,all_true,numpy,7,257,20146750,78392.0233463035
17,131072,all_true,numpy,7,513,20062750,39108.67446393762
17,131072,all_true,python,7,2,20795250,10397625.0
10,1024,all_true,python,7,266,21403583,80464.5977443609
10,1024,all_true,numpy,7,22858,19706875,862.1434508705923
6,64,random_50pct,python,7,4175,21684917,5193.992095808383
6,64,random_50pct,numpy,7,36901,19179958,519.7679737676485
3,8,all_true,python,7,24010,19685167,819.873677634319
3,8,all_true,numpy,7,40000,19801625,495.040625
1,2,all_true,python,7,47962,18253125,380.57472582461116
1,2,all_true,numpy,7,34247,16687250,487.26165795544136
16,65536,all_true,python,7,4,20993375,5248343.75
16,65536,all_true,numpy,7,1000,19997417,19997.417
12,4096,random_50pct,python,7,59,20014459,339228.1186440678
12,4096,random_50pct,numpy,7,9795,17477041,1784.2818785094437
15,32768,all_true,numpy,7,1928,19791375,10265.235995850622
15,32768,all_true,python,7,8,20745458,2593182.25
16,65536,random_50pct,numpy,7,994,19760666,19879.945674044266
16,65536,random_50pct,python,7,4,21760625,5440156.25
7,128,random_50pct,python,7,2106,21584166,10248.891737891738
7,128,random_50pct,numpy,7,32000,17694625,552.95703125
14,16384,all_true,python,7,16,21008375,1313023.4375
14,16384,all_true,numpy,7,3556,20043292,5636.471316085489
2,4,all_true,python,7,36901,19737292,534.8714668979161
2,4,all_true,numpy,7,36901,17738250,480.6983550581285
19,524288,random_50pct,python,7,1,43013125,43013125.0
19,524288,random_50pct,numpy,7,118,18584750,157497.88135593222
20,1048576,random_50pct,python,7,1,85794875,85794875.0
20,1048576,random_50pct,numpy,7,49,16562125,338002.55102040817
13,8192,random_50pct,python,7,30,20412333,680411.1
13,8192,random_50pct,numpy,7,5647,19040666,3371.819727288826
16,65536,all_true,numpy,8,1000,19888042,19888.042
16,65536,all_true,python,8,4,20806000,5201500.0
14,16384,all_true,numpy,8,3556,19802708,5568.815523059618
14,16384,all_true,python,8,16,20653250,1290828.125
19,524288,random_50pct,python,8,1,44098125,44098125.0
19,524288,random_50pct,numpy,8,118,18686125,158356.99152542374
2,4,all_true,python,8,36901,19327959,523.778732283678
2,4,all_true,numpy,8,36901,18237958,494.240210292404
4,16,all_true,numpy,8,36901,18003458,487.88536896019076
4,16,all_true,python,8,15004,20955625,1396.6692215409223
14,16384,random_50pct,numpy,8,3583,19425125,5421.469439017583
14,16384,random_50pct,python,8,15,20390541,1359369.4
7,128,random_50pct,python,8,2106,21425500,10173.55175688509
7,128,random_50pct,numpy,8,32000,17631042,550.9700625
13,8192,random_50pct,numpy,8,5647,18827166,3334.012041792102
13,8192,random_50pct,python,8,30,20489083,682969.4333333333
17,131072,random_50pct,numpy,8,507,19940792,39330.9506903353
17,131072,random_50pct,python,8,2,21647000,10823500.0
1,2,all_true,numpy,8,34247,16277334,475.2922591759862
1,2,all_true,python,8,47962,18154500,378.51841040823984
8,256,random_50pct,python,8,1072,21242792,19816.037313432837
8,256,random_50pct,numpy,8,32000,21773042,680.4075625
18,262144,random_50pct,python,8,1,21766750,21766750.0
18,262144,random_50pct,numpy,8,257,20030917,77941.3112840467
20,1048576,random_50pct,python,8,1,85917084,85917084.0
20,1048576,random_50pct,numpy,8,49,16590917,338590.14285714284
13,8192,all_true,numpy,8,6316,19341500,3062.3020899303356
13,8192,all_true,python,8,31,20037958,646385.7419354839
12,4096,random_50pct,numpy,8,9795,17447250,1781.240428790199
12,4096,random_50pct,python,8,59,19837875,336235.16949152545
3,8,random_50pct,python,8,23981,20360084,849.0089654309662
3,8,random_50pct,numpy,8,36901,18400875,498.655185496328
5,32,all_true,numpy,8,36901,18385875,498.24869244735913
5,32,all_true,python,8,8275,23317459,2817.8198187311177
11,2048,all_true,numpy,8,16557,19705209,1190.1436854502626
11,2048,all_true,python,8,132,21510833,162960.85606060605
9,512,random_50pct,numpy,8,26667,18496041,693.5928675891552
9,512,random_50pct,python,8,516,21400541,41473.916666666664
10,1024,random_50pct,numpy,8,21811,18371125,842.2871486864426
10,1024,random_50pct,python,8,257,21463166,83514.26459143969
19,524288,all_true,numpy,8,130,20411666,157012.8153846154
19,524288,all_true,python,8,1,41363458,41363458.0
15,32768,all_true,numpy,8,1928,19717709,10227.027489626556
15,32768,all_true,python,8,8,20724959,2590619.875
5,32,random_50pct,python,8,7868,21727916,2761.5551601423485
5,32,random_50pct,numpy,8,36901,18113791,490.8753421316496
16,65536,random_50pct,python,8,4,21456125,5364031.25
16,65536,random_50pct,numpy,8,994,20088459,20209.717303822938
20,1048576,all_true,python,8,1,84078291,84078291.0
20,1048576,all_true,numpy,8,56,17674417,315614.58928571426
3,8,all_true,numpy,8,40000,20414625,510.365625
3,8,all_true,python,8,24010,19773917,823.5700541441066
7,128,all_true,numpy,8,34247,19210584,560.9420971179958
7,128,all_true,python,8,2223,21283584,9574.261808367071
1,2,random_50pct,numpy,8,22858,11181958,489.19231778808296
1,2,random_50pct,python,8,32000,12166375,380.19921875
12,4096,all_true,numpy,8,10912,19269833,1765.930443548387
12,4096,all_true,python,8,61,19595625,321239.75409836066
10,1024,all_true,numpy,8,22858,19312292,844.8810919590516
10,1024,all_true,python,8,266,21217083,79763.46992481203
6,64,random_50pct,python,8,4175,21717834,5201.8764071856285
6,64,random_50pct,numpy,8,36901,19113125,517.9568304381995
11,2048,random_50pct,numpy,8,16543,18912000,1143.2025630175906
11,2048,random_50pct,python,8,128,21564709,168474.2890625
6,64,all_true,python,8,4325,21102750,4879.248554913294
6,64,all_true,numpy,8,34306,17419625,507.7719640879146
2,4,random_50pct,numpy,8,34306,16644750,485.1848073223343
2,4,random_50pct,python,8,36901,19709000,534.1047668084876
9,512,all_true,python,8,543,21106375,38869.93554327809
9,512,all_true,numpy,8,28249,19697917,697.2960812772134
17,131072,all_true,numpy,8,513,20116542,39213.53216374269
17,131072,all_true,python,8,2,20677750,10338875.0
18,262144,all_true,numpy,8,257,20017667,77889.75486381323
18,262144,all_true,python,8,1,20622459,20622459.0
4,16,random_50pct,numpy,8,34306,16680416,486.2244505334344
4,16,random_50pct,python,8,14546,21093875,1450.1495256427884
15,32768,random_50pct,numpy,8,1913,19523083,10205.479874542603
15,32768,random_50pct,python,8,8,21664958,2708119.75
8,256,all_true,python,8,1127,21096000,18718.7222715173
8,256,all_true,numpy,8,32000,19192416,599.763
6,64,random_50pct,python,9,4175,21614333,5177.085748502994
6,64,random_50pct,numpy,9,36901,18822917,510.09232812118915
4,16,all_true,python,9,15004,20938375,1395.5195281258332
4,16,all_true,numpy,9,36901,18081333,489.99574537275413
12,4096,random_50pct,python,9,59,19877625,336908.89830508473
12,4096,random_50pct,numpy,9,9795,17327708,1769.0360387953037
4,16,random_50pct,numpy,9,34306,16659208,485.60624963563225
4,16,random_50pct,python,9,14546,21239833,1460.1837618589302
18,262144,random_50pct,python,9,1,21432625,21432625.0
18,262144,random_50pct,numpy,9,257,20077542,78122.73151750973
19,524288,all_true,numpy,9,130,20215541,155504.16153846154
19,524288,all_true,python,9,1,41401291,41401291.0
20,1048576,random_50pct,numpy,9,49,16960792,346138.612244898
20,1048576,random_50pct,python,9,1,87278584,87278584.0
11,2048,all_true,python,9,132,21246042,160954.86363636365
11,2048,all_true,numpy,9,16557,19091875,1153.0998973243945
15,32768,all_true,numpy,9,1928,19779666,10259.16286307054
15,32768,all_true,python,9,8,20701459,2587682.375
13,8192,random_50pct,numpy,9,5647,18911166,3348.8871967416326
13,8192,random_50pct,python,9,30,20324250,677475.0
8,256,random_50pct,python,9,1072,21528625,20082.672574626864
8,256,random_50pct,numpy,9,32000,18708584,584.64325
16,65536,all_true,python,9,4,20739125,5184781.25
16,65536,all_true,numpy,9,1000,19897083,19897.083
9,512,all_true,numpy,9,28249,19181583,679.0181245353817
9,512,all_true,python,9,543,21288125,39204.65009208103
9,512,random_50pct,python,9,516,21339458,41355.53875968992
9,512,random_50pct,numpy,9,26667,18109125,679.0836989537631
5,32,all_true,numpy,9,36901,17819917,482.9114929134712
5,32,all_true,python,9,8275,21219917,2564.340422960725
1,2,random_50pct,python,9,32000,12099625,378.11328125
1,2,random_50pct,numpy,9,22858,11014500,481.866305013562
19,524288,random_50pct,python,9,1,42828458,42828458.0
19,524288,random_50pct,numpy,9,118,18739792,158811.7966101695
18,262144,all_true,numpy,9,257,20247125,78782.58754863813
18,262144,all_true,python,9,1,20662834,20662834.0
12,4096,all_true,python,9,61,19917959,326523.91803278687
12,4096,all_true,numpy,9,10912,19152333,1755.1624816715544
7,128,all_true,numpy,9,34247,18770167,548.0820801822057
7,128,all_true,python,9,2223,21312875,9587.438146648674
20,1048576,all_true,numpy,9,56,17957208,320664.4285714286
20,1048576,all_true,python,9,1,83123000,83123000.0
7,128,random_50pct,python,9,2106,21521459,10219.116334283
7,128,random_50pct,numpy,9,32000,17455083,545.47134375
5,32,random_50pct,python,9,7868,21581125,2742.8984494153533
5,32,random_50pct,numpy,9,36901,17793375,482.1922170130891
3,8,all_true,numpy,9,40000,18761500,469.0375
3,8,all_true,python,9,24010,19581000,815.5351936693045
14,16384,all_true,numpy,9,3556,19809917,5570.842800899887
14,16384,all_true,python,9,16,20766667,1297916.6875
13,8192,all_true,python,9,31,20138750,649637.0967741936
13,8192,all_true,numpy,9,6316,19163833,3034.1724192526917
17,131072,random_50pct,python,9,2,21475167,10737583.5
17,131072,random_50pct,numpy,9,507,20008125,39463.757396449706
10,1024,random_50pct,python,9,257,23055916,89711.73540856031
10,1024,random_50pct,numpy,9,21811,21158209,970.070560726239
2,4,random_50pct,python,9,36901,19861500,538.237446139671
2,4,random_50pct,numpy,9,34306,16876208,491.93167375969216
15,32768,random_50pct,python,9,8,21763084,2720385.5
15,32768,random_50pct,numpy,9,1913,19841041,10371.688970203868
14,16384,random_50pct,python,9,15,20398375,1359891.6666666667
14,16384,random_50pct,numpy,9,3583,19946166,5566.889757186715
1,2,all_true,python,9,47962,18105208,377.49068012176303
1,2,all_true,numpy,9,34247,16782375,490.0392735130084
2,4,all_true,numpy,9,36901,17879042,484.51375301482346
2,4,all_true,python,9,36901,19294833,522.8810330343351
3,8,random_50pct,numpy,9,36901,18070208,489.6942630281022
3,8,random_50pct,python,9,23981,20199250,842.3022392727576
8,256,all_true,python,9,1127,21211250,18820.984915705412
8,256,all_true,numpy,9,32000,19089166,596.5364375
10,1024,all_true,python,9,266,21888000,82285.71428571429
10,1024,all_true,numpy,9,22858,19587375,856.9155219179281
6,64,all_true,numpy,9,34306,17557459,511.78974523406987
6,64,all_true,python,9,4325,21247458,4912.707052023122
11,2048,random_50pct,python,9,128,21747375,169901.3671875
11,2048,random_50pct,numpy,9,16543,19236125,1162.795442180983
16,65536,random_50pct,numpy,9,994,19682042,19800.84708249497
16,65536,random_50pct,python,9,4,21609208,5402302.0
17,131072,all_true,numpy,9,513,20105417,39191.84600389864
17,131072,all_true,python,9,2,20884667,10442333.5
19,524288,all_true,python,10,1,41792167,41792167.0
19,524288,all_true,numpy,10,130,20284416,156033.96923076923
10,1024,random_50pct,python,10,257,21534292,83791.01945525291
10,1024,random_50pct,numpy,10,21811,18261250,837.2495529778552
11,2048,all_true,numpy,10,16557,18926292,1143.0991121579996
11,2048,all_true,python,10,132,21354500,161776.51515151514
18,262144,random_50pct,python,10,1,21534209,21534209.0
18,262144,random_50pct,numpy,10,257,20097958,78202.17120622568
8,256,all_true,numpy,10,32000,18647417,582.73178125
8,256,all_true,python,10,1127,21178000,18791.48181011535
14,16384,random_50pct,numpy,10,3583,19323458,5393.094613452414
14,16384,random_50pct,python,10,15,20214167,1347611.1333333333
20,1048576,all_true,python,10,1,83248000,83248000.0
20,1048576,all_true,numpy,10,56,17976167,321002.98214285716
2,4,all_true,numpy,10,36901,17604084,477.06251863093144
2,4,all_true,python,10,36901,19514542,528.8350451207284
6,64,random_50pct,numpy,10,36901,18428417,499.401560933308
6,64,random_50pct,python,10,4175,21676583,5191.995928143712
17,131072,random_50pct,numpy,10,507,20106417,39657.62721893491
17,131072,random_50pct,python,10,2,23135416,11567708.0
4,16,random_50pct,numpy,10,34306,16555834,482.59295750014576
4,16,random_50pct,python,10,14546,21287125,1463.4349649388148
15,32768,all_true,python,10,8,20745667,2593208.375
15,32768,all_true,numpy,10,1928,19781125,10259.91960580913
13,8192,random_50pct,python,10,30,20244500,674816.6666666666
13,8192,random_50pct,numpy,10,5647,19131917,3387.9789268638215
14,16384,all_true,numpy,10,3556,19863292,5585.852643419573
14,16384,all_true,python,10,16,20758208,1297388.0
16,65536,all_true,python,10,4,20724416,5181104.0
16,65536,all_true,numpy,10,1000,19833083,19833.083
7,128,all_true,numpy,10,34247,18651875,544.627996612842
7,128,all_true,python,10,2223,21248458,9558.460638776429
18,262144,all_true,python,10,1,20725542,20725542.0
18,262144,all_true,numpy,10,257,20133917,78342.08949416342
4,16,all_true,python,10,15004,20990625,1399.0019328179153
4,16,all_true,numpy,10,36901,17797625,482.3073900436303
9,512,all_true,numpy,10,28249,19224291,680.5299656625014
9,512,all_true,python,10,543,21222125,39083.103130755066
8,256,random_50pct,python,10,1072,21457791,20016.596082089553
8,256,random_50pct,numpy,10,32000,18660292,583.134125
1,2,random_50pct,python,10,32000,12104916,378.278625
1,2,random_50pct,numpy,10,22858,10852875,474.79547641963427
12,4096,random_50pct,numpy,10,9795,17020875,1737.71056661562
12,4096,random_50pct,python,10,59,19859250,336597.4576271186
20,1048576,random_50pct,python,10,1,86756291,86756291.0
20,1048576,random_50pct,numpy,10,49,16463750,335994.89795918367
11,2048,random_50pct,python,10,128,21557291,168416.3359375
11,2048,random_50pct,numpy,10,16543,18391208,1111.721453182615
12,4096,all_true,numpy,10,10912,18894666,1731.5493035190616
12,4096,all_true,python,10,61,19633250,321856.5573770492
3,8,random_50pct,python,10,23981,20170334,841.0964513573246
3,8,random_50pct,numpy,10,36901,17287708,468.4888756402265
17,131072,all_true,python,10,2,20700375,10350187.5
17,131072,all_true,numpy,10,513,20069083,39121.01949317739
3,8,all_true,python,10,24010,19635000,817.7842565597667
3,8,all_true,numpy,10,40000,18866667,471.666675
9,512,random_50pct,numpy,10,26667,18018709,675.6931413357333
9,512,random_50pct,python,10,516,21371875,41418.36240310078
5,32,all_true,python,10,8275,21073958,2546.7018731117823
5,32,all_true,numpy,10,36901,17710000,479.93279314923717
2,4,random_50pct,numpy,10,34306,16001167,466.42473619774967
2,4,random_50pct,python,10,36901,19676833,533.2330560147421
6,64,all_true,numpy,10,34306,16820959,490.32119745817056
6,64,all_true,python,10,4325,21479833,4966.4353757225435
19,524288,random_50pct,python,10,1,45151834,45151834.0
19,524288,random_50pct,numpy,10,118,18967834,160744.35593220338
10,1024,all_true,numpy,10,22858,20171542,882.4718698048823
10,1024,all_true,python,10,266,21187250,79651.31578947368
5,32,random_50pct,numpy,10,36901,18289959,495.6494132950327
5,32,random_50pct,python,10,7868,21432791,2724.045627859685
7,128,random_50pct,numpy,10,32000,17887541,558.98565625
7,128,random_50pct,python,10,2106,21319542,10123.239316239316
1,2,all_true,numpy,10,34247,16667875,486.69591497065437
1,2,all_true,python,10,47962,18359375,382.7900212668362
15,32768,random_50pct,python,10,8,21605500,2700687.5
15,32768,random_50pct,numpy,10,1913,19896125,10400.483533716675
16,65536,random_50pct,python,10,4,21605416,5401354.0
16,65536,random_50pct,numpy,10,994,19959375,20079.85412474849
13,8192,all_true,numpy,10,6316,19267209,3050.539740341989
13,8192,all_true,python,10,31,20047209,646684.1612903225
3,8,random_50pct,python,11,23981,20389458,850.2338517993411
3,8,random_50pct,numpy,11,36901,18303125,496.00620579388095
2,4,all_true,numpy,11,36901,17983333,487.33999078615756
2,4,all_true,python,11,36901,19480000,527.8989729275629
3,8,all_true,python,11,24010,19730708,821.7704289879217
3,8,all_true,numpy,11,40000,19654333,491.358325
5,32,all_true,python,11,8275,21294792,2573.388761329305
5,32,all_true,numpy,11,36901,18384708,498.2170672881494
12,4096,random_50pct,python,11,59,19932709,337842.5254237288
12,4096,random_50pct,numpy,11,9795,17290375,1765.224604389995
7,128,all_true,numpy,11,34247,19200458,560.6464215843723
7,128,all_true,python,11,2223,21257916,9562.715249662619
15,32768,all_true,numpy,11,1928,19766583,10252.377074688797
15,32768,all_true,python,11,8,20634584,2579323.0
5,32,random_50pct,numpy,11,36901,17982791,487.3253028373215
5,32,random_50pct,python,11,7868,21279750,2704.5945602440265
9,512,all_true,python,11,543,21107292,38871.62430939227
9,512,all_true,numpy,11,28249,19320250,683.9268646677758
17,131072,all_true,python,11,2,20732292,10366146.0
17,131072,all_true,numpy,11,513,21017458,40969.7037037037
12,4096,all_true,numpy,11,10912,19574708,1793.8698680351906
12,4096,all_true,python,11,61,21234333,348103.81967213115
13,8192,all_true,python,11,31,21030292,678396.5161290322
13,8192,all_true,numpy,11,6316,19316750,3058.3834705509817
15,32768,random_50pct,numpy,11,1913,19489959,10188.164662833246
15,32768,random_50pct,python,11,8,21554583,2694322.875
14,16384,random_50pct,python,11,15,20266375,1351091.6666666667
14,16384,random_50pct,numpy,11,3583,20008667,5584.333519397153
8,256,all_true,python,11,1127,21180833,18793.995563442768
8,256,all_true,numpy,11,32000,18962875,592.58984375
10,1024,all_true,numpy,11,22858,19213708,840.5682036923615
10,1024,all_true,python,11,266,21190042,79661.81203007519
6,64,random_50pct,python,11,4175,22953000,5497.724550898203
6,64,random_50pct,numpy,11,36901,18855750,510.9820872063088
18,262144,all_true,numpy,11,257,20284917,78929.63813229572
18,262144,all_true,python,11,1,20886541,20886541.0
4,16,random_50pct,numpy,11,34306,16886833,492.24138634641173
4,16,random_50pct,python,11,14546,21204250,1457.7375223429121
8,256,random_50pct,numpy,11,32000,19095209,596.72528125
8,256,random_50pct,python,11,1072,21267292,19838.891791044774
6,64,all_true,python,11,4325,21457042,4961.165780346821
6,64,all_true,numpy,11,34306,17849792,520.3110826094561
19,524288,random_50pct,python,11,1,42954083,42954083.0
19,524288,random_50pct,numpy,11,118,18419875,156100.63559322033
2,4,random_50pct,numpy,11,34306,16503000,481.05287704774673
2,4,random_50pct,python,11,36901,19865208,538.3379312213762
10,1024,random_50pct,numpy,11,21811,18336250,840.68818486085
10,1024,random_50pct,python,11,257,21443167,83436.44747081712
16,65536,random_50pct,numpy,11,994,19637500,19756.036217303823
16,65536,random_50pct,python,11,4,21567666,5391916.5
16,65536,all_true,python,11,4,20665083,5166270.75
16,65536,all_true,numpy,11,1000,19896958,19896.958
13,8192,random_50pct,python,11,30,20258292,675276.4
13,8192,random_50pct,numpy,11,5647,19030083,3369.945634850363
4,16,all_true,numpy,11,36901,18010583,488.078453158451
4,16,all_true,python,11,15004,21089792,1405.6113036523593
19,524288,all_true,numpy,11,130,20227333,155594.86923076923
19,524288,all_true,python,11,1,41356417,41356417.0
11,2048,random_50pct,python,11,128,21572833,168537.7578125
11,2048,random_50pct,numpy,11,16543,18674500,1128.8460375989844
11,2048,all_true,numpy,11,16557,18952583,1144.6870205955186
11,2048,all_true,python,11,132,21233708,160861.42424242425
1,2,random_50pct,numpy,11,22858,11081625,484.8029136407385
1,2,random_50pct,python,11,32000,12274125,383.56640625
7,128,random_50pct,numpy,11,32000,17848375,557.76171875
7,128,random_50pct,python,11,2106,21505625,10211.597815764482
14,16384,all_true,python,11,16,20838416,1302401.0
14,16384,all_true,numpy,11,3556,19939000,5607.142857142857
17,131072,random_50pct,numpy,11,507,19801583,39056.376725838265
17,131072,random_50pct,python,11,2,21661542,10830771.0
9,512,random_50pct,numpy,11,26667,18358917,688.4507818652266
9,512,random_50pct,python,11,516,21257500,41196.70542635659
20,1048576,random_50pct,numpy,11,49,16923208,345371.5918367347
20,1048576,random_50pct,python,11,1,85887292,85887292.0
20,1048576,all_true,python,11,1,84928958,84928958.0
20,1048576,all_true,numpy,11,56,17981208,321093.0
18,262144,random_50pct,numpy,11,257,20003916,77836.24902723735
18,262144,random_50pct,python,11,1,21528750,21528750.0
1,2,all_true,python,11,47962,18534250,386.43613694174553
1,2,all_true,numpy,11,34247,16419416,479.44100213157355
2,4,all_true,python,12,36901,19734166,534.786753746511
2,4,all_true,numpy,12,36901,17741042,480.7740169643099
8,256,all_true,numpy,12,32000,18583417,580.73178125
8,256,all_true,python,12,1127,21299875,18899.622892635314
13,8192,random_50pct,numpy,12,5647,18805958,3330.2564193377016
13,8192,random_50pct,python,12,30,20459167,681972.2333333333
5,32,all_true,python,12,8275,21427542,2589.4310574018127
5,32,all_true,numpy,12,36901,17636125,477.9308148830655
10,1024,all_true,python,12,266,21674208,81481.98496240602
10,1024,all_true,numpy,12,22858,19123166,836.6071397322601
1,2,random_50pct,numpy,12,22858,10833667,473.95515793157756
1,2,random_50pct,python,12,32000,12347833,385.86978125
2,4,random_50pct,numpy,12,34306,16168167,471.2926893254824
2,4,random_50pct,python,12,36901,19837750,537.5938321454703
11,2048,random_50pct,python,12,128,21820833,170475.2578125
11,2048,random_50pct,numpy,12,16543,18654083,1127.611860001209
12,4096,all_true,numpy,12,10912,18917792,1733.6686217008798
12,4096,all_true,python,12,61,20052167,328724.04918032786
18,262144,random_50pct,numpy,12,257,20097875,78201.84824902724
18,262144,random_50pct,python,12,1,21490500,21490500.0
3,8,random_50pct,numpy,12,36901,17408000,471.74873309666407
3,8,random_50pct,python,12,23981,20261834,844.9119719778158
9,512,all_true,numpy,12,28249,19103875,676.2673014973982
9,512,all_true,python,12,543,21537542,39663.981583793735
7,128,random_50pct,numpy,12,32000,17430666,544.7083125
7,128,random_50pct,python,12,2106,21502916,10210.311490978158
16,65536,random_50pct,numpy,12,994,19655958,19774.605633802817
16,65536,random_50pct,python,12,4,22160167,5540041.75
4,16,random_50pct,numpy,12,34306,16184792,471.7772984317612
4,16,random_50pct,python,12,14546,21157584,1454.5293551491818
14,16384,all_true,numpy,12,3556,19811000,5571.147356580427
14,16384,all_true,python,12,16,21263083,1328942.6875
17,131072,all_true,python,12,2,21166250,10583125.0
17,131072,all_true,numpy,12,513,20016708,39018.92397660819
8,256,random_50pct,python,12,1072,21248208,19821.089552238805
8,256,random_50pct,numpy,12,32000,18558042,579.9388125
5,32,random_50pct,numpy,12,36901,17646833,478.22099672095607
5,32,random_50pct,python,12,7868,21259583,2702.03139298424
18,262144,all_true,python,12,1,21197291,21197291.0
18,262144,all_true,numpy,12,257,20074500,78110.89494163424
6,64,all_true,numpy,12,34306,16979834,494.95231154900017
6,64,all_true,python,12,4325,21211875,4904.479768786127
6,64,random_50pct,numpy,12,36901,18999833,514.8866697379475
6,64,random_50pct,python,12,4175,22299917,5341.29748502994
12,4096,random_50pct,numpy,12,9795,17436000,1780.0918836140888
12,4096,random_50pct,python,12,59,20124875,341099.57627118647
16,65536,all_true,python,12,4,20980375,5245093.75
16,65536,all_true,numpy,12,1000,20047834,20047.834
15,32768,random_50pct,numpy,12,1913,19507542,10197.355985363303
15,32768,random_50pct,python,12,8,21437042,2679630.25
3,8,all_true,python,12,24010,19636833,817.8605997501041
3,8,all_true,numpy,12,40000,19688583,492.214575
19,524288,random_50pct,numpy,12,118,19322375,163748.9406779661
19,524288,random_50pct,python,12,1,43099125,43099125.0
19,524288,all_true,python,12,1,41751625,41751625.0
19,524288,all_true,numpy,12,130,20804542,160034.93846153846
20,1048576,random_50pct,numpy,12,49,16907083,345042.51020408166
20,1048576,random_50pct,python,12,1,86081292,86081292.0
4,16,all_true,python,12,15004,21011167,1400.3710343908292
4,16,all_true,numpy,12,36901,18190375,492.95073304246495
1,2,all_true,numpy,12,34247,16712084,487.98680176365815
1,2,all_true,python,12,47962,18211167,379.69990826070637
13,8192,all_true,numpy,12,6316,20069625,3177.5847055098166
13,8192,all_true,python,12,31,20863542,673017.4838709678
10,1024,random_50pct,numpy,12,21811,18942958,868.5047911604237
10,1024,random_50pct,python,12,257,22004667,85621.27237354085
14,16384,random_50pct,numpy,12,3583,20272000,5657.828635221881
14,16384,random_50pct,python,12,15,20598583,1373238.8666666667
17,131072,random_50pct,numpy,12,507,20058208,39562.54043392505
17,131072,random_50pct,python,12,2,21357167,10678583.5
20,1048576,all_true,numpy,12,56,18225792,325460.5714285714
20,1048576,all_true,python,12,1,84050583,84050583.0
11,2048,all_true,python,12,132,21542958,163204.22727272726
11,2048,all_true,numpy,12,16557,19368167,1169.787219906988
7,128,all_true,python,12,2223,21345208,9601.982905982906
7,128,all_true,numpy,12,34247,19915375,581.5217391304348
9,512,random_50pct,python,12,516,21443333,41556.84689922481
9,512,random_50pct,numpy,12,26667,18463458,692.3710203622454
15,32768,all_true,numpy,12,1928,19702208,10218.98755186722
15,32768,all_true,python,12,8,21042416,2630302.0
18,262144,all_true,python,13,1,20698625,20698625.0
18,262144,all_true,numpy,13,257,19949333,77623.86381322957
12,4096,all_true,python,13,61,20087875,329309.4262295082
12,4096,all_true,numpy,13,10912,19443000,1781.799853372434
17,131072,random_50pct,python,13,2,21561583,10780791.5
17,131072,random_50pct,numpy,13,507,20047125,39540.680473372784
10,1024,random_50pct,numpy,13,21811,18397667,843.5040575856219
10,1024,random_50pct,python,13,257,21307875,82910.01945525291
20,1048576,all_true,numpy,13,56,17750958,316981.39285714284
20,1048576,all_true,python,13,1,82689167,82689167.0
4,16,all_true,python,13,15004,20932208,1395.1085043988269
4,16,all_true,numpy,13,36901,17918875,485.59320885612857
2,4,random_50pct,numpy,13,34306,16365667,477.04969976097476
2,4,random_50pct,python,13,36901,19817000,537.0315167610634
20,1048576,random_50pct,python,13,1,85729042,85729042.0
20,1048576,random_50pct,numpy,13,49,16426833,335241.48979591834
7,128,all_true,numpy,13,34247,18853416,550.5129208397816
7,128,all_true,python,13,2223,21201125,9537.168241115609
9,512,random_50pct,python,13,516,21123208,40936.4496124031
9,512,random_50pct,numpy,13,26667,18372625,688.964825439682
4,16,random_50pct,python,13,14546,21194167,1457.0443420871718
4,16,random_50pct,numpy,13,34306,16302625,475.2120620299656
3,8,random_50pct,numpy,13,36901,17367792,470.6591149291347
3,8,random_50pct,python,13,23981,20082292,837.4251282265127
6,64,random_50pct,numpy,13,36901,18157708,492.06547248042057
6,64,random_50pct,python,13,4175,21540500,5159.4011976047905
12,4096,random_50pct,numpy,13,9795,17103500,1746.1459928534966
12,4096,random_50pct,python,13,59,19929917,337795.2033898305
16,65536,random_50pct,numpy,13,994,19724333,19843.393360160964
16,65536,random_50pct,python,13,4,21417958,5354489.5
16,65536,all_true,python,13,4,20598125,5149531.25
16,65536,all_true,numpy,13,1000,19782666,19782.666
17,131072,all_true,python,13,2,20578291,10289145.5
17,131072,all_true,numpy,13,513,20021833,39028.914230019494
15,32768,random_50pct,python,13,8,21323625,2665453.125
15,32768,random_50pct,numpy,13,1913,19757167,10327.84474647151
19,524288,all_true,numpy,13,130,20100333,154617.94615384616
19,524288,all_true,python,13,1,41412541,41412541.0
1,2,all_true,numpy,13,34247,16560667,483.5654801880457
1,2,all_true,python,13,47962,18151375,378.4532546599391
8,256,random_50pct,numpy,13,32000,18466875,577.08984375
8,256,random_50pct,python,13,1072,21338875,19905.66697761194
6,64,all_true,python,13,4325,21180125,4897.138728323699
6,64,all_true,numpy,13,34306,17254375,502.9550224450533
18,262144,random_50pct,python,13,1,21267000,21267000.0
18,262144,random_50pct,numpy,13,257,20026292,77923.31517509728
9,512,all_true,python,13,543,21219625,39078.499079189685
9,512,all_true,numpy,13,28249,19224625,680.5417890898793
10,1024,all_true,numpy,13,22858,18966250,829.7423221629189
10,1024,all_true,python,13,266,21066958,79199.09022556391
5,32,all_true,numpy,13,36901,17642334,478.099075905802
5,32,all_true,python,13,8275,21099167,2549.7482779456195
8,256,all_true,python,13,1127,21211125,18820.874001774624
8,256,all_true,numpy,13,32000,18592375,581.01171875
5,32,random_50pct,numpy,13,36901,17888292,484.76442372835425
5,32,random_50pct,python,13,7868,21253542,2701.263599389934
3,8,all_true,python,13,24010,19455041,810.28908788005
3,8,all_true,numpy,13,40000,18900041,472.501025
15,32768,all_true,python,13,8,20601875,2575234.375
15,32768,all_true,numpy,13,1928,19823250,10281.76867219917
14,16384,all_true,python,13,16,20662125,1291382.8125
14,16384,all_true,numpy,13,3556,19869084,5587.481439820022
1,2,random_50pct,python,13,32000,12103125,378.22265625
1,2,random_50pct,numpy,13,22858,10934167,478.35186805494794
13,8192,random_50pct,numpy,13,5647,18930125,3352.244554630777
13,8192,random_50pct,python,13,30,20174916,672497.2
11,2048,random_50pct,python,13,128,21381084,167039.71875
11,2048,random_50pct,numpy,13,16543,18682209,1129.3120353019403
13,8192,all_true,python,13,31,19964250,644008.0645161291
13,8192,all_true,numpy,13,6316,18978083,3004.76298290057
11,2048,all_true,python,13,132,21030292,159320.39393939395
11,2048,all_true,numpy,13,16557,18720334,1130.6597813613578
14,16384,random_50pct,numpy,13,3583,19279417,5380.802958414736
14,16384,random_50pct,python,13,15,20103708,1340247.2
19,524288,random_50pct,python,13,1,44348000,44348000.0
19,524288,random_50pct,numpy,13,118,21226125,179882.41525423728
7,128,random_50pct,python,13,2106,21516250,10216.642924976259
7,128,random_50pct,numpy,13,32000,17448584,545.26825
2,4,all_true,numpy,13,36901,17251167,467.4986314734018
2,4,all_true,python,13,36901,19314292,523.4083629169941
13,8192,all_true,numpy,14,6316,19119667,3027.179702343255
13,8192,all_true,python,14,31,19967292,644106.1935483871
15,32768,random_50pct,python,14,8,21468958,2683619.75
15,32768,random_50pct,numpy,14,1913,19823959,10362.759539989545
15,32768,all_true,python,14,8,20581833,2572729.125
15,32768,all_true,numpy,14,1928,19699250,10217.453319502074
2,4,all_true,python,14,36901,19368125,524.8672122706702
2,4,all_true,numpy,14,36901,17384625,471.1152814286876
13,8192,random_50pct,python,14,30,20130541,671018.0333333333
13,8192,random_50pct,numpy,14,5647,18897834,3346.5262971489287
16,65536,all_true,numpy,14,1000,19764000,19764.0
16,65536,all_true,python,14,4,20565250,5141312.5
12,4096,random_50pct,numpy,14,9795,17032542,1738.901684532925
12,4096,random_50pct,python,14,59,19840125,336273.30508474575
4,16,random_50pct,numpy,14,34306,16258250,473.91855652072525
4,16,random_50pct,python,14,14546,21022542,1445.2455657912828
20,1048576,random_50pct,python,14,1,85247875,85247875.0
20,1048576,random_50pct,numpy,14,49,16430416,335314.612244898
1,2,all_true,numpy,14,34247,16478625,481.1698834934447
1,2,all_true,python,14,47962,18275458,381.04036528918726
18,262144,all_true,python,14,1,20487333,20487333.0
18,262144,all_true,numpy,14,257,19956000,77649.80544747082
7,128,random_50pct,python,14,2106,21431667,10176.480056980057
7,128,random_50pct,numpy,14,32000,17404834,543.9010625
17,131072,random_50pct,numpy,14,507,19862750,39177.021696252465
17,131072,random_50pct,python,14,2,21716000,10858000.0
6,64,random_50pct,numpy,14,36901,18166375,492.3003441641148
6,64,random_50pct,python,14,4175,21534166,5157.884071856288
7,128,all_true,numpy,14,34247,18676417,545.3446141267848
7,128,all_true,python,14,2223,21291666,9577.897435897436
19,524288,all_true,python,14,1,41131833,41131833.0
19,524288,all_true,numpy,14,130,20080000,154461.53846153847
3,8,random_50pct,numpy,14,36901,17313708,469.19346359177257
3,8,random_50pct,python,14,23981,19975125,832.9562987364998
11,2048,random_50pct,numpy,14,16543,18337625,1108.4824397025932
11,2048,random_50pct,python,14,128,21468083,167719.3984375
12,4096,all_true,numpy,14,10912,18885917,1730.747525659824
12,4096,all_true,python,14,61,19489750,319504.0983606557
5,32,all_true,python,14,8275,21060125,2545.0302114803626
5,32,all_true,numpy,14,36901,17867875,484.21113248963445
11,2048,all_true,numpy,14,16557,18644584,1126.084677175817
11,2048,all_true,python,14,132,21060875,159552.08333333334
5,32,random_50pct,numpy,14,36901,17555041,475.7334760575594
5,32,random_50pct,python,14,7868,21253667,2701.2794865277074
18,262144,random_50pct,python,14,1,21458958,21458958.0
18,262144,random_50pct,numpy,14,257,20077417,78122.24513618677
8,256,random_50pct,python,14,1072,21371250,19935.867537313432
8,256,random_50pct,numpy,14,32000,18464000,577.0
6,64,all_true,python,14,4325,21154208,4891.146358381503
6,64,all_true,numpy,14,34306,16992500,495.32151810178976
14,16384,all_true,python,14,16,20628084,1289255.25
14,16384,all_true,numpy,14,3556,20093708,5650.649043869516
9,512,random_50pct,numpy,14,26667,17884000,670.6416169797877
9,512,random_50pct,python,14,516,21130542,40950.66279069767
3,8,all_true,numpy,14,40000,18709625,467.740625
3,8,all_true,python,14,24010,19353709,806.0686797167847
17,131072,all_true,numpy,14,513,19935042,38859.73099415204
17,131072,all_true,python,14,2,20583791,10291895.5
10,1024,all_true,numpy,14,22858,19013667,831.8167381223204
10,1024,all_true,python,14,266,21012833,78995.61278195489
20,1048576,all_true,python,14,1,82392833,82392833.0
20,1048576,all_true,numpy,14,56,17611000,314482.14285714284
4,16,all_true,python,14,15004,20747458,1382.7951213009865
4,16,all_true,numpy,14,36901,17348500,470.13631066908755
8,256,all_true,python,14,1127,20995500,18629.54747116238
8,256,all_true,numpy,14,32000,18477375,577.41796875
14,16384,random_50pct,numpy,14,3583,19298833,5386.221881105219
14,16384,random_50pct,python,14,15,20330084,1355338.9333333333
19,524288,random_50pct,numpy,14,118,18898000,160152.54237288135
19,524288,random_50pct,python,14,1,42847917,42847917.0
9,512,all_true,numpy,14,28249,19224584,680.5403377110695
9,512,all_true,python,14,543,21151709,38953.42357274402
10,1024,random_50pct,numpy,14,21811,17913958,821.3267617257347
10,1024,random_50pct,python,14,257,21451042,83467.08949416342
16,65536,random_50pct,numpy,14,994,19704166,19823.1046277666
16,65536,random_50pct,python,14,4,21530791,5382697.75
2,4,random_50pct,numpy,14,34306,15927375,464.2737422025302
2,4,random_50pct,python,14,36901,19562667,530.1392103195035
1,2,random_50pct,python,14,32000,11961833,373.80728125
1,2,random_50pct,numpy,14,22858,10759167,470.69590515355674
